:020000041000EA
:1000000000B5324B212058609868022188439860DF
:10001000D860186158612E4B002199600421596104
:100020000121F02299502B49196001219960352056
:1000300000F044F80222904214D00621196600F024
:1000400034F8196E01211966002018661A6600F04E
:100050002CF8196E196E196E052000F02FF8012189
:100060000842F9D1002199601B49196000215960AB
:100070001A491B48016001219960EB211966A021F2
:10008000196600F012F800219960164914480160C1
:100090000121996001BC002800D000471248134993
:1000A000086003C880F30888084703B5996A0420EC
:1000B0000142FBD001200142F8D103BD02B5186610
:1000C0001866FFF7F2FF186E186E02BD00000240BE
:1000D000000000180000070000035F00212200005C
:1000E000F4000018222000A00001001008ED00E03C
:1000F000000000000000000000000000070B8FD58A
:10010000A02F0020FD4400103B820010E9440010A5
:1001100000000000000000000000000000000000DF
:10012000000000000000000000000000D9450010A1
:10013000000000000000000069450010055100109B
:1001400029470010294700102947001029470010AF
:10015000294700102947001029470010294700109F
:10016000294700102947001029470010294700108F
:10017000294700102947001029470010294700107F
:10018000294700102947001029470010294700106F
:10019000294700102947001029470010294700105F
:0801A000294700102947001057
:1001A80002B4714649084900095649008E4402BC08
:1001B8007047C04602B4714649084900095C4900C5
:1001C8008E4402BC7047C046002934D00123002267
:1001D80010B488422CD301242407A14204D28142BE
:1001E80002D209011B01F8E7E400A14204D28142CE
:1001F80002D249005B00F8E7884201D3401A1A434B
:100208004C08A04202D3001B5C0822438C08A04281
:1002180002D3001B9C082243CC08A04202D3001B37
:10022800DC082243002803D01B0901D00909E3E7B1
:10023800100010BC704701B5002000F05FF802BD47
:100248000029F8D003B5FFF7C1FF0EBC4243891A55
:100258001847C046002941D010B404004C40A446B9
:1002680001230022002900D54942002800D5404238
:1002780088422CD301242407A14204D2814202D20D
:1002880009011B01F8E7E400A14204D2814202D22D
:1002980049005B00F8E7884201D3401A1A434C082A
:1002A800A04202D3001B5C0822438C08A04202D360
:1002B800001B9C082243CC08A04202D3001BDC0888
:1002C8002243002803D01B0901D00909E3E71000E5
:1002D8006446002C00D5404210BC704701B5002090
:1002E80000F00CF802BDC0460029F7D003B5FFF7AF
:1002F800B3FF0EBC4243891A1847C0467047C04630
:10030800D0400B00D1409C46203AD340184352427B
:1003180063469340184370479140030090409C46C1
:10032800203A9340194352426346D34019437047D9
:100338008446100062468C461900634600E0C046B9
:100348001FB500F059FD002801D40021C8421FBD87
:1003580010B500F099FC4042013010BD10B500F016
:100368004BFD002801DB002010BD012010BDC04658
:1003780010B500F041FD002801DD002010BD01206E
:1003880010BDC04610B500F0C1FC002801DC0020FB
:1003980010BD012010BDC04610B500F0B7FC002804
:1003A80001DA002010BD012010BDC0461C21012328
:1003B8001B04984201D3000C10391B0A984201D340
:1003C800000A08391B09984201D30009043902A21E
:1003D800105C40187047C046040302020101010185
:1003E800000000000000000010B5002903D1FFF74D
:1003F800DDFF203002E00800FFF7D8FF10BDC0463F
:10040800414208401C2101231B04984201D3000CDF
:1004180010391B0A984201D3000A08391B0998426F
:1004280001D30009043902A2105C401A7047C04683
:100438001B1C1D1D1E1E1E1E1F1F1F1F1F1F1F1FD3
:10044800002B15D1002A13D1002906DB01DC002876
:1004580006D00020C043410802E0802109060020A0
:1004680007B4024801A14018029003BD91FEFFFFA6
:1004780003B4684601B5029801F0A4FB019B9E46AF
:1004880002B00CBC7047C046002B11D1002A0FD116
:10049800002900D1002802D00021C943080007B470
:1004A800024802A14018029003BDC04651FEFFFF5A
:1004B80003B4684601B5029801F015FB019B9E46FE
:1004C80002B00CBC7047C04670B500220B4B04004C
:1004D8000D00FFF761FF00280BD0084B0022200019
:1004E800290000F02BFF01F03DFA80231B06C018FD
:1004F80070BD2000290001F035FAF9E70000E0415D
:10050800D0B500220B4B06000F0000F0EDFCFFF702
:10051800DBFF040001F082FA0022074B00F0E4FC44
:1005280002000B003000390000F008FFFFF7CCFF95
:100538002100D0BD0000F03D0000F0414A02F8B5AE
:1005480043024400C50F500A84464800240E000E9A
:100558005F0AC90F9B099209261A8D4200D09EE0B6
:10056800002E42DD8021C90400281ED1002A0AD0AD
:10057800661E012C05D19B1801340B4246D1013C63
:1005880001E0FF2C14D15A0704D00F221A40042A84
:1005980000D004335A0100D42EE101340026FF2C88
:1005A80019D09D4EDB081E4015E0FF2CEBD00A4306
:1005B8001B2E01DD0133E6E72020801B110082405D
:1005C800F140501E82410A439B185A01DBD5013481
:1005D8000026FF2C1AD1FF23E005DB057602760AF8
:1005E80018403043ED072843F8BD002E2ED0802652
:1005F800011BF604002C14D1002B00D1F3E04C1E93
:1006080001290AD19B1802243342B8D00122834918
:100618001A405B080B401343B5E7FF2906D11300C6
:10062800AEE0FF2800D1E0E00C0033431B2C02DDD4
:10063800531C0400A7E719002026E140341BA340FF
:100648005C1EA3410B4304009B18BEE7FE20611CFF
:1006580001421ED1002C0DD1002B00D1C7E0002A89
:1006680000D190E79B185A0100D48CE76C4A1340DC
:100678000C0088E7002BD2D0FF24002A00D182E7A3
:100688008023DB039F4202D39C4500D26746FB00D0
:1006980076E00C00FF299ED09B185B0873E7002EBC
:1006A80025DD00281CD1002A00D16CE7661E012C2C
:1006B80006D19B1A5A0100D465E79B019E0975E093
:1006C800FF2C00D15FE701211B2E07DC2020801BB7
:1006D80011008240F140501E824111435B1AE9E744
:1006E800FF2C00D14FE78021C9040A43EBE7002E15
:1006F80025D0051B002C0DD1002B08D06E1E012D16
:1007080003D10D00D31A0134D4E7FF2D08D113000B
:100718002C0021E0FF286CD080242E00E404234321
:1007280001241B2E07DC2025AD1B1C00AB40F44028
:100738005D1EAB411C43131B0D000400BAE7FE26E7
:10074800601C30422DD1002C14D1002B06D125007D
:100758002600131E00D13EE70D0014E7002A00D141
:1007680011E79E1AD31A7001F6D4331E00D00AE797
:10077800350030E7002B05D1002A49D013000D00C1
:10078800FF2400E7FF24002A00D1FCE68023DB03D6
:100798009F4200D27BE79C4500D378E767460D006F
:1007A80075E79E1A700115D50D00D61A3000FFF7AF
:1007B800FDFD330005388340844210DC2022001BF5
:1007C8000130121A19009340C1405A1E9341002467
:1007D8000B43D8E6002EE9D135003400FBE6104A79
:1007E800241A1340CFE6130042E7130021E7130051
:1007F800C9E613000400AFE7DE08FF2C00D0EAE6E4
:10080800002E00D1E7E68023DB03FF241E43E2E647
:1008180080261500F603F6E7FFFF7F1FFFFFFF7D29
:10082800FFFFFFFBF0B5C30F85B0440245000F1C66
:10083800640A2D0E039302930AD0FF2D3BD0802328
:10084800E400DB041C4300237F3D019500930EE088
:10085800012301940093002C09D02000FFF7A6FD86
:10086800431F9C4076235B421B1A019300957D022F
:100878007E006D0A360EFF0F002E23D0FF2E2ED0DD
:100888008023ED00DB041D4333007F3B00220198E9
:100898000399C31A009879408000104301380E2844
:1008A80023D8FFF787FC4D9973999299734D4D9210
:1008B800736161615300022301950093002CD6D027
:1008C8000133C3E72B000122002DE0D02800FFF7F9
:1008D8006DFD431F9D4076235B421B1AD6E733000C
:1008E8000222002DD3D00132D1E764016D01AC4260
:1008F80028D31A200122641B012627005200640015
:10090800002F01DBA54201D8641B324301380028BF
:10091800F3D1601E8441144318007F30002838DD6D
:10092800620704D00F222240042A00D00434220196
:1009380003D5803318002B4A1440E508FE281DDD36
:1009480000250FE01B200022013BD5E78023DB03B5
:100958001C4203D01D4201D12C0002978025029928
:10096800ED032543FF2009E00399009A022AE7D006
:10097800032A2FD000252800012ACDD16D026D0A47
:10098800C0052843C907084305B0F0BD2C0039004D
:10099800ECE701220025121A28001B2AEEDC9E3300
:1009A80025009C40D540631E9C4125436B0704D01D
:1009B8000F232B40042B00D0043580232800DB04B0
:1009C80018401D420BD1ED08D8E780240023E4032A
:1009D8000293C3E70291C1E700252800CEE700256E
:1009E8000120CBE7FFFFFFF7F0B5C30F85B0470243
:1009F800440002917F0A240E03930AD0FF2C71D081
:100A080080227F3C26000023FF00D2041743019375
:100A18000CE001233E1E019308D03800FFF7C6FC06
:100A28007626431F9F407642361A0194029B5C0249
:100A38005D00DB0F640A2D0E02935AD0FF2D64D09F
:100A480080232800E400DB041C437F38002302993C
:100A5800039A4A40811901988C46850001311D434B
:100A68000A2D00DD78E0022D55DC013D012D63D90A
:100A7800250CA4B226003B0CB8B246435C4368433D
:100A88006B4300191F00330C1B189C4202D98020AD
:100A980040023F181804B6B28619B401601E84419A
:100AA8001B0CB60EDB1934439B011C431B0168D594
:100AB800012360081C40044308007F30002862DDE1
:100AC800630704D00F232340042B00D004342301F0
:100AD80003D5803108003E4B1C40E508FE2833DD75
:100AE80000254CE0022326000193002F9ED00133FD
:100AF8008DE720000123002CA9D0FFF757FC431FE6
:100B08009C4076235B42181AA0E728000223002C99
:100B18009DD001339BE70120A840A6250600ED00E3
:100B28002E4028421DD19025AD00284247D1B93D1D
:100B3800FF3D28429CD0029A022BD1D0032B42D0F1
:100B480000252800012BB7D16D026D0AC005284386
:100B5800D207104305B0F0BD039A0F2D04D00B2D1A
:100B6800E9D03C00019BE7E78023DB031F4203D069
:100B78001C4201D12700029A8025ED033D43FF2046
:100B8800E2E7614698E7012300251B1A28001B2B82
:100B9800DADC9E3125008C40DD40631E9C412543F4
:100BA8006B0704D00F232B40042B00D0043580237F
:100BB8002800DB0418401D4207D1ED08C4E7802750
:100BC8003200FF03D8E72700D6E700250120BBE75E
:100BD800FFFFFFF741024300C20F490A00201B0E26
:100BE8007E2B03DD9D2B02DD084BD018704780203B
:100BF80000040843952B05DD963B9840002AF5D064
:100C08004042F3E79621CB1AD840F7E7FFFFFF7F72
:100C1800002370B50400984209D0FFF7C7FB9E2354
:100C28001B1A962B08DC082829D00838844064024F
:100C3800D805640A204370BD992B1BDD02002100F2
:100C48001B3291400A00511E8A410521091ACC40E5
:100C5800144322000B4D2A40610704D00F21214084
:100C6800042900D00432510102D59F232A401B1ABF
:100C7800D408DCE7421F0528EBD09440E9E7962327
:100C8800D5E7C046FFFFFFFBF0B50D0087B0009227
:100C98000193040004900198EB0F4600C70F1A480F
:100CA80003938446009B09030593019B6A001B0379
:100CB8000120090B520D1B0B760D624503D06645CA
:100CC8000DD107B0F0BD9642FBD1009A0B431343F8
:100CD8002343F6D1039BD81B431E9841F1E701201B
:100CE800B242EED19942ECD1049B059EB342E8D1C1
:100CF800039BBB4206D0002AE3D121434B1E9941F6
:100D08000800DEE70020DCE7FF070000F0B587B049
:100D1800009001911D00009B14000493019B29037E
:100D28001A03130B334A03939446019B68005F0030
:100D38007B0D0293029A019B0594DB0F090B400D72
:100D4800EE0F624512D1009A039F17434FD1029AC2
:100D5800904204D00120002B06D0023804E0214341
:100D6800081E44D1B342F5D107B0F0BD604511D19A
:100D780021433CD1029A002A04D0B342EAD1181E7A
:100D8800F2D105E0009A03991143F6D1301EEBD158
:100D980001202DE0029A002A17D00028DAD0B342A9
:100DA800D8D1029A8242D5DC029A8242E7DB039AC2
:100DB8008A42CFD8E3D1049A05998A42CAD8049ABC
:100DC800059900208A42CFD2D9E7009F039A17439A
:100DD800002802D0002FD9D0CFE70C4304D0002F31
:100DE800D4D0B342E3D0B5E7002FBDD0B2E702209C
:100DF8004042B9E7FF070000F0B587B000900191C5
:100E08001D00009B14000493019B68001A03130B38
:100E1800344A03939446019B05945F007B0D02932B
:100E2800019B029AD90F2B031B0B400DEE0F624555
:100E380013D1009A039F174352D1029A904204D0CB
:100E48000120002907D0023805E00220234302D1FF
:100E58001800B142F4D107B0F0BD604513D10220AB
:100E68002343F8D1029B002B04D0B142E8D1081EDD
:100E7800F1D105E0009B039A1A43F6D1301EEAD15E
:100E880001204042E7E7029A002A17D00028D7D06D
:100E9800B142D5D1029A8242D2DC029A8242E6DB82
:100EA800039A9A42CCD8E2D1049B059A9342C7D8B8
:100EB800049B059A00209342CDD2D8E7009F039A5D
:100EC8001743002802D0002FD8D0CEE71C4304D007
:100ED800002FD3D0B142E3D0B2E7002FBBD0AFE7A9
:100EE8000220B8E7FF070000F0B58BB0009201932D
:100EF8000D034B00CA0F06002D0B5B0D059200D1A8
:100F080014E1CF4A934200D138E1ED00420F2A4361
:100F180080252D041543CB4AC4009B180393002356
:100F28000293019B00981E035A00DB0F360B520DEB
:100F3800049300D131E1C24B9A4200D153E1430FEF
:100F4800F60033438026BF4936041E43C3005018B9
:100F580000220599049F7940009103994118069150
:100F6800013103910299880010430A2800DD73E1DA
:100F7800022800DD46E10138012800D855E1190CA6
:100F88009BB202911900220CA4B2514320008C4656
:100F9800029F029958435143674305916744010CE6
:100FA800C91904908C4505D9802040028446059FC4
:100FB80067440597080C84466846008A090409189E
:100FC8000991310CB6B2049130002100049F5043BE
:100FD8007C4371437A4324180F0C3C19A04202D970
:100FE800802040021218200C8218240489B207922B
:100FF80062180892089962468C46290CADB22800FE
:10100800029F58436F434B4362449446029CFF1827
:10101800020CD2194C43934202D980235B02E41894
:10102800130C1B1902932B0080B212041218049897
:10103800734345434E434143A8191D0C2D18AE4236
:1010480002D9802040020918059C6046A446089CE5
:101058006044A042BF418018904292412E049BB246
:10106800F618079B7F42F61853420493029BF41923
:101078009C46A4446346049ABC42A4419B18079A20
:1010880064429642B641029A764234432D0C641962
:101098009445AD41049A6D429342924152421543A0
:1010A8006419099A6418410211434A1E9141C00DFE
:1010B800DE0D640201435B0226430B43E40100D4C6
:1010C800DFE001215A080B401A43F307CE401343CF
:1010D800039A5D495218002A00DCD5E0590709D067
:1010E8000F211940042905D0191D99429B415B42E3
:1010F800F6180B00F10106D58021C9008C46534A29
:101108001640039A624452498A4200DD09E1740795
:10111800DB081C43F60813053603009A360B3343E5
:10112800D2071343200019000BB0F0BD2C00044374
:101138002BD0002D16D02800FFF738F90400020044
:101148000B3C1D2330001B1B1100D84008398D4073
:1011580003002B4335008D403E492C008A1A1D00A0
:101168000392DCE6FFF722F904000200153420326E
:101178001C2CE6DD330008388340EDE704002C43DF
:1011880007D0039304000323CAE625000123039430
:10119800C6E6039325000223C2E6009B334329D009
:1011A800002E14D03000FFF701F9010003000B39BD
:1011B8001D221800521A009908388640D140314340
:1011C800009E86402348C01A33000E00C0E6FFF791
:1011D800EDF801000300153120331C29E8DD0099E2
:1011E80008388140EEE7009B334307D00300100026
:1011F8000322AEE61E0018000122AAE610001E0017
:101208000222A6E601218140A6200F00C000074067
:10121800014227D190208000014277D1B938FF38A8
:10122800014200D1ABE604990091022A79D0032A41
:1012380075D0012A00D04BE70026340032006AE757
:10124800FF07000001FCFFFFFF030000FFFFFFFE98
:10125800FE0700000DFCFFFF059900910F2805D03F
:101268000B28E0D02E002300029ADEE7802212032A
:1012780015424FD016424DD13500049A00921C00F9
:1012880048E0069A039223E70120801A3828D3DC25
:101298001F2827DC2649039A8C461C00624431002B
:1012A80093409140C4401A002143531E9A410B00B9
:1012B800C64013435A0709D00F221A40042A05D002
:1012C8001A1D9A429B415B42F61813008021300098
:1012D800090408400E4227D17407DB0802001C43AA
:1012E800F60818E71F2149428A1A3100D140002226
:1012F800202805D00F48039A84466244964032005D
:1013080013435A1E934100260B43D3E780253C0024
:101318002D030097802636032E43074AFBE6350047
:10132800ADE700263400F8E7002601223400F2E693
:101338001E0400003E040000FF070000F0B585B061
:1013480000920193CB0F0D030293019B4C006D0A91
:10135800410F29435D001E036B0D9C46019B760AD5
:10136800DD0F009B009A5B0F3343BE4E640DC00037
:10137800D200B44523D11E0016430396039FBA4EEC
:10138800A619002F0CD0029F0095AF4200D0B5E1FE
:10139800002E00D104E1002C00D0BAE26446B8E087
:1013A80001276F40029D0097BD4200D0AFE1002E9B
:1013B80000D1F5E0002CF1D0039908002FE00126B8
:1013C800754000956546029F009E651BB74200D098
:1013D8002EE1002D00DC76E06746002F21D11F00AA
:1013E800174300D122E16F1E012D15D182188242C8
:1013F8008041C91840420918012410000B0200D48A
:1014080096E00224994B42080B40012101400A430F
:10141800D807104359088BE0924EB54222D1914C1F
:1014280086E0904EB44200D182E00026B4460136F0
:10143800382D1ADC80262F00360433431F2F31DC69
:1014480020251E00ED1BAE40B44616000095FE4058
:1014580065462E43009DFB40AA40551EAA411643EF
:101468009C4602E00126382FE8DD36188642804186
:1014780061444042091830000B0259D50026794BC7
:101488000134B4469C42BDD1794B24051C406346C7
:101498001B031B0B1C43029B3000DB071C43210072
:1014A80005B0F0BD3D001E00203DEE400025202F78
:1014B80003D04035ED1BAB401D0015436B1E9D410D
:1014C80000232E43CCE7002D6AD065462D1B002C47
:1014D8001ED000240126382D12DC80242404214348
:1014E8001F2D4BDC20240F000600641BA040A740E2
:1014F800EE4037430600E940701E86410C003E432B
:10150800B01890429241E4185242A1186446B3E7D9
:101518002C000D00054329D0651E012C23D180180D
:1015280090429241C918524289180B0200D568E7C7
:10153800430709D00F230340042B05D0031D834222
:1015480080414042091818000B0200D4E4E100264B
:10155800444B0134B4469C4296D0444BC0080B40DF
:101568005E070643CDE13F4EB44202D11900100098
:10157800DEE7382DB4DD00240126C1E72C000E007B
:10158800203CE64034000026202D03D04036761B50
:10159800B1400E000643711E8E4126430024AFE77A
:1015A800344E651C354233D10D000543002C11D152
:1015B800002DDBD01D001543BAD08218824280412D
:1015C800C9184042091810000B02B1D5274B013445
:1015D8001940ADE7002D00D19BE11C001443002CFD
:1015E80000D11CE74C07C00820438024C908240305
:1015F800214208D0DD08254205D129005B07D00823
:101608001843009B0293CB00410F1943C00006E723
:10161800144CA54200D196E1821882428041CB1831
:1016280040421B18D8075208104359082C007FE77E
:10163800002D76DD6646002E2ED11F001743F5D00B
:101648006F1E012D18D1821A90428041C91A40425A
:10165800091A012410000B0200D469E749020600A8
:101668004D0A02E1FF07000001F8FFFFFFFF7FFFBF
:101678000000F07FFE070000B74EB54200D1CEE66D
:101688000126382F15DD861B6346B0428041C91AF2
:101698004042091A3000DEE7AF4EB44200D147E7B6
:1016A8000026B4460136382DEDDC80262F0036049E
:1016B80033431F2F11DC20251E00ED1BAE40B4461E
:1016C80016000095FE4065462E43009DFB40AA404B
:1016D800551EAA4116439C46D5E73D001E00203DF5
:1016E800EE400025202F03D04035ED1BAB401D00F8
:1016F80015436B1E9D4100232E43ECE7002E67D057
:10170800002C25D019001000934C029510E7002EEC
:101718005ED0002C1FD003998F4C0800009B0293C9
:1017280006E7002D54D065462D1B002C1FD1009CC8
:1017380002942C000D00054300D117E7651E012C0B
:101748000CD1101A82429241591A5242891A82E7E0
:1017580002956446EEE7009C0294FAE77E4EB44296
:1017680000D103E7382D09DD0021012614E0382DCA
:101778002BDC802424042143009C02941F2D13DCBD
:1017880020240F00641B0600A040A740EE40441E22
:10179800A041E9403E430643901B82429241591AB8
:1017A80052426446891A56E72C000E00203CE64057
:1017B8000024202D03D04034641BA1400C000443B6
:1017C800611E8C4100212643E6E700990291CBE790
:1017D800624E651C354238D11D001543AC460D00DC
:1017E8000543002C25D1002D08D16146260002941E
:1017F800002900D148E6190010008FE76546002D42
:1018080000D195E6861AB042BF41CD1A7F42ED1B42
:101818002F0206D5101A82429241591A5242891A49
:101828007CE733002B439C4600D18FE02900300031
:101838007EE6002D07D1614600297AD01900009B69
:1018480010000293EBE56446C9E6861AB042BF4130
:10185800CD1A7F42ED1B2F0228D5161AB2429241AB
:101868005B1A52429D1A009B0293002D26D0280035
:10187800FEF79CFD0300083B20223100D21A9D4050
:10188800D140294335009D409C423DDC1A1B013262
:10189800202308009B1A2C009D409840D4406B1EC2
:1018A8009D41D14020432843002441E633002B4387
:1018B8009C46DAD11E001C000293E5E53000FEF7D5
:1018C80075FD030018331F2BD6DD31000838814021
:1018D8009C4212DC1B1B5A1C1F2AD9DD0C001F3B23
:1018E800DC402800202A03D040239B1A9940080096
:1018F800431E984100212043D6E7E41A184B0B40B9
:101908005E07DB089C46BFE5E41A154B2800194022
:101918000EE61900100082E54B07C00803439C46F9
:101928000D4B6646C9089C4213D10E4304D1B446F8
:10193800AAE502918021090380231B030B43664615
:10194800054C9C46A0E50026034CF0E726000294CF
:101958009AE58C4698E5C046FF070000FE070000A0
:10196800FFFF7FFF0B0070B5114E0C03490002000A
:10197800240B0020490DDD0FB14204DD0D488142E2
:1019880002DD0D4BE81870BD8020400320430B4C4E
:10199800641A1F2C08DC0A4EE2408919884010435B
:1019A800002DF0D04042EEE7064B5B1AD840F7E72F
:1019B800FE0300001D040000FFFFFF7F330400004A
:1019C800EDFBFFFF1304000070B5030002000600E2
:1019D800051E11D0C21785185540C40F2800FEF700
:1019E800E5FC0D4A121A0A280FDC0B232E001B1ADD
:1019F8001530DE40854023003603360B120532438E
:101A0800DB071A432800110070BD0B3885402300FE
:101A18002E000025F0E7C0461E04000010B50300A4
:101A28000400021E0CD0FEF7C1FC0B4A121A0A2849
:101A38000DDC0B2321001B1AD94015300B00844004
:101A48001B031B0B12051A432000110010BD2300B5
:101A58000B3883400024F3E71E0400000023C25C17
:101A68000133002AFBD1581E7047F7B5040C0D004E
:101A780091B20F0061438C460600019383B2100CAB
:101A88005F43444358433B0C60441B18994202D9B6
:101A9800802149026418019955437143180C0419AF
:101AA8001B04BFB24919D819091903B0F0BD70B5A4
:101AB8000022002304000D00FEF750FC00280BD084
:101AC80080231B06E9182000FEF71AFD0023424276
:101AD8008B411000190070BD20002900FEF710FD91
:101AE80002000B00F5E7F0B506000F0015001C001A
:101AF80085B08B4263D801D1824260D8210028008A
:101B0800FEF772FC390000903000FEF76DFC009B78
:101B180021001B1A1A0028000393FEF7FDFB009012
:101B28000191B94245D801D1B04242D8009B019CED
:101B380001200021039AF61AA741FEF7EDFB0400E5
:101B48000D00039B002B2BD0019B009ADB0750084C
:101B58001843019B5908039B9C46B9422CD801D1D4
:101B6800B04229D832003B00121A8B410126921844
:101B78005B410027B6185F4101235B429C446346E2
:101B8800002BEAD130003900039AFEF7B9FB039A1B
:101B9800A4197D4106000F00FEF7BEFB241A8D41F3
:101BA8000A9B002B01D01E605F602000290005B051
:101BB800F0BD00240025C4E7B6197F41DCE7002406
:101BC8000025EDE7F7B517001E0004000D0000F032
:101BD80011F802000B000090019138003100FFF766
:101BE80044FF241A8D41089B009801991C605D6090
:101BF80003B0F0BDF0B504000D001000190085B069
:101C0800002D11DB002B00DA82E026002F001400E3
:101C18001D00BD4204D800D080E0B44200D87DE069
:101C28000020002105B0F0BD00236242AB4100292D
:101C380068DB16001F0004000D00BD4278D801D1F2
:101C4800B44275D801235B42290020000393FEF7B4
:101C5800CBFB390002903000FEF7C6FB029B29003F
:101C68001B1A1A0020000293FEF756FB04000D0011
:101C7800B94255D801D1B04252D801200021029A68
:101C8800FEF74AFB361BAF4100900191029B002BE7
:101C98002CD0EB0760081843029B69089C46012476
:101CA8000025B94241D801D1B0423ED832003B00AC
:101CB800121A8B4192185B4112196B4116001F00D2
:101CC80001235B429C446346002BEAD1009C019DA2
:101CD800029A30003900FEF713FB029AFEF71CFB4C
:101CE800A4197D41241A8D41009401950098019909
:101CF800039B002B00D195E703000C0000215842FC
:101D0800A1418FE716001F00002544428D4180E75E
:101D180026002F00002544428D418EE7002393E7DB
:101D28000022002300920193B0E7B6197F41C7E76C
:101D380000200021E0E7000010B5034B0100180067
:101D480005F04DFD10BDC0460C91001070B50400A3
:101D58004518AC4200D170BD2178024805F03FFD1E
:101D68000134F6E70C91001070B504004518AC4238
:101D780000D170BD2178024805F031FD0134F6E745
:101D8800EC900010F7B505000E0000246B46DF1D2F
:101D98003900280005F019FD00281CD01C4B9D4275
:101DA8001DD11C4B1C491868451C1D60FEF79CFA88
:101DB800002905D1194B290019481A6805F0DFFEDA
:101DC800002C07D0154B21001A681648A2181A6073
:101DD80005F0D5FEF7BD3878B0470134D6E7124B89
:101DE8009D42F7D1114B0C491868451C1D60FEF740
:101DF8007BFA002905D10E4B29000E481A6805F018
:101E0800BEFE002CE6D00A4A13681B191360E1E7EE
:101E18000C910010841E002088130000801E0020F2
:101E2800349800106B980010EC9000107C1E002075
:101E3800781E00209898001010B5064C200005F078
:101E4800EEFC01210448FFF78FFF2100034805F04D
:101E580096FE10BDCF98001028A40010D698001048
:101E6800F0B5514C0500237887B0002B07D1290025
:101E78004E4805F0B9FC002801D0012323704C4CD2
:101E88002900200005F0DCFC00287DD0494D2B7886
:101E9800012B0AD12000484906F07EFF002804D013
:101EA800022346482B7005F06AFE454E200031009B
:101EB80006F072FF002845D0424D20002B68310003
:101EC80001332B6006F068FF041E3BD00934200064
:101ED80005A904F089FD059B06000F00A34231D037
:101EE80000220023FEF758FA00282BD02B6839006F
:101EF80030000293FFF736FD0400FFF765FD02008E
:101F08000B0030003900FFF719FA00222E4BFEF7BC
:101F1800EBFFFFF727FD2D4B0500039303993200D4
:101F2800086849683B00FEF719FA002834D0039B7B
:101F380022001E605F6026482B00029901950094DC
:101F480005F01DFE1A4C2349200006F025FF002845
:101F580006D0214805F013FE0C212048FFF7F6FEB5
:101F680020001F4906F018FF002809D01D4805F079
:101F780006FE00221C4B0B211C481A70FFF7E6FED8
:101F8800200005F09DFC05E0200005F078FC002805
:101F980000D07BE707B0F0BD2B002200144802995F
:101FA80005F0EDFDCEE7C046801F0020941E0020FE
:101FB80028140020841F0020ED980010F5980010C8
:101FC8002B990010901E0020000059400814002092
:101FD80035990010AA990010B5990010D5990010EC
:101FE800E2990010EC9900107E1F00200B9A001057
:101FF8007199001070B5164C05002378002B0AD192
:102008002900144805F0F0FB002804D001231248E9
:10201800237005F0B4FD114C2900200005F010FCD8
:10202800002809D020000E4906F0B6FE002809D184
:10203800200005F045FC04E0200005F020FC002805
:10204800F0D170BD2100074805F099FDF0E7C046C2
:10205800821F0020941E0020179A001028140020C8
:10206800449A00104C9A0010F0B58BB00300214A36
:1020780002AD002900DB204A00912800202104F04D
:1020880089FC431E07001E2B2FD82B0000241E7826
:10209800002E2CD12420FFF74FFEA85D0136FFF754
:1020A8004BFEB742F9D12A20FFF746FE2309180054
:1020B8003730C0B29F2C01D83033D8B2FFF73CFE7E
:1020C8000F23234018003730092B01D8303318006C
:1020D800FFF732FE0D20FFF72FFE0A20FFF72CFE38
:1020E80022002900054805F04AFD0BB0F0BD7440F8
:1020F8000133CCE7769A00107F9A0010889A001076
:10210800F0B5C5B00090019143484449160006F067
:1021180043FE011E19D0FF22043104A806F020FE58
:1021280008230024FF3302AA9B182A2104A81C7044
:1021380006F008FEA04200D004703949039403AAAF
:1021480004A806F06BFE041E01D145B0F0BD3A218B
:10215800200006F0F7FD051E2FD00A2200212000DE
:1021680004F04CFE0300681C042B2AD1002104F063
:102178003BFC0022002304000D00FEF703F90028B1
:1021880002D0009B1C605D6029002000FFF7EAFB7D
:102198000700FFF719FC02000B0020002900FFF7D9
:1021A800CDF800221F4BFEF79FFEFFF7DBFB020076
:1021B8001D4B3900180005F0E2FC0020184903AA5D
:1021C800BFE7052B1BD1002104F00EFC0D00040015
:1021D800019B1C605D60FFF7C5FB0700FFF7F4FB80
:1021E80002000B0020002900FFF7A8F800220F4B7F
:1021F800FEF77AFEFFF7B6FB0D4B0200D9E7062B78
:10220800DBD10A22002104F0F9FD01003060094801
:1022180005F0B5FCD1E7C04638160020A59A001095
:102228003399001000408F40AA9A00100000244003
:10223800CD9A0010F09A0010F0B54A4D04002B78A2
:1022480089B0002B0AD12100474805F0CDFA0028B3
:1022580016D0012345482B7005F091FC444B210012
:102268001800019305F0ECFA002810D041490198B4
:1022780006F092FD002811D1019805F021FB0BE032
:1022880021003D4805F0B0FA0028E2D1E6E70198C0
:1022980005F0F5FA0028E9D109B0F0BD01230026C0
:1022A80000275B4203AA06A904A80393049605978E
:1022B80006960797FFF724FF049C059D32003B0014
:1022C80020002900FEF75EF800281ED001222B4BC3
:1022D80029001C605D602A4B20001A70FFF742FB42
:1022E8000600FFF771FB02000B0020002900FFF732
:1022F80025F80022234BFEF7F7FDFFF733FB224BAF
:1023080002003100180005F03AFC069C079D0022E7
:10231800002320002900FEF73FF8002818D02900E4
:102328002000FFF71FFB0600FFF74EFB02000B0023
:1023380020002900FFF702F80022144BFEF7D4FD15
:10234800FFF710FB124B02003100180005F017FCD4
:102358000399002900DA8FE70E4B0F48196005F042
:102368000EFC89E7831F0020B41E00200D9B00107F
:1023780038160020A59A0010A41E00201014002072
:102388007C1F002000408F403B9B00100000244031
:10239800669B0010E8100020919B0010F0B50E001D
:1023A8000025012785B0019002AB0198D91D05F0E1
:1023B8000CFA002802D0280005B0F0BD02ABD9798C
:1023C800300005F00CFA0F4C02AB2000D97901352A
:1023D80005F036FA002809D020000B4906F0DCFC8D
:1023E800002809D1200005F06BFADDE7200005F090
:1023F80046FA0028F0D1D7E7044B05481F7005F0CE
:10240800BEFBEFE7F8110020B69B0010841F0020E8
:10241800BC9B001000B599B0FFF749FB06900791E7
:1024280006A804F0C5F901684369049141680F4A98
:10243800039181689B180291C1680D4A0191016955
:1024480008A801310091402104F0A4FA01383E287F
:102458000AD808A805F0E3F901210648FFF784FC2B
:10246800054808A905F08BFB19B000BD6C070000F2
:10247800E99B001028A40010199C001010B5064C08
:10248800200005F0CCF901210448FFF76DFC21007C
:10249800034805F074FB10BD3D9C001028A40010F3
:1024A800539C0010FA21F0B59D4B050018688FB0B9
:1024B800441C1C608900FDF717FF002903D1210087
:1024C800984805F05CFB984B04931B78002B08D1C7
:1024D8002900964805F088F9002802D00123049ABB
:1024E8001370934C2900200005F0AAF9002800D1A8
:1024F80087E020008F4906F04FFC002800D088E0D4
:102508008D4D2B78012B0AD120008C4906F044FC14
:10251800002804D002238A482B7005F030FB2000E5
:10252800884906F039FC002800D177E0864805F094
:1025380026FB2B78DFB2032B46D1844D0220296875
:10254800FFF792FD2968824805F019FB814D0022AA
:1025580028686968804BFEF7C7FCFFF703FA01009B
:102568003800FFF781FD2E686F6839003000FFF7EB
:10257800F9F90500FFF728FA02000B0030003900CE
:10258800FEF7DCFE0022744BFEF7AEFCFFF7EAF91B
:102598000022714B069039003000FEF7A5FCFDF7CC
:1025A80093FF2A000100069B6C4805F0E8FAFFF744
:1025B80043FCC82005F093F9FFF73EFC0122684B65
:1025C80068481A7005F0DBFA01225B4B01211A708A
:1025D8000023049A49421370634A00201370634A27
:1025E8001370634A11600021624A13705C4A1370C9
:1025F800564A1360574B18605960200005F060F97F
:1026080005E0200005F03BF9002800D071E70FB085
:10261800F0BD2100584805F0B2FA71E7574920008B
:1026280006F0BAFB564F06003900200006F0B4FB4E
:10263800002E03D1002803D13D48DFE7002802D04F
:102648000122494B1A702B78DEB2012B34D10233A8
:102658004C482B7005F093FA0022002000213B4BD8
:102668001A603C4B18605960474B1B7893421AD04C
:10267800464B02001C685D680B0020002900FDF72E
:1026880081FE00280FD020002900FFF7C3FE30008C
:102698003100FFF7E9FC3E4805F071FA0122344B9E
:1026A80052421A60C8E7FFF7E9FE012101204942BA
:1026B800FFF7DAFC3748EFE72B78032BBCD139005A
:1026C800200006F069FB0028B6D02100324805F04A
:1026D80056FA002400230A930B940C930D940123BB
:1026E80009AA5B420CA90AA80993FFF709FD0A9CED
:1026F8000B9D0022002320002900FDF743FE00283F
:1027080005D00122214B1C605D601F4B1A70099E89
:10271800002E91DB164F396800293FDA3E608BE7BF
:10272800881E0020759C0010811F0020B41E002008
:10273800381600209A9C0010841F0020ED98001085
:10274800C39C0010F39C0010F79C0010901E002002
:102758002C9D001008140020000059404C9D0010CA
:102768007E1F00207A9D00107F1F0020801F002000
:10277800E81000207D1F0020A19C0010A09D0010E3
:10278800A59A0010A49D00107C1F002010140020A2
:10279800D19D0010FE9D00102F9E00108E4200D18A
:1027A8004AE732003D4805F0EAF901210800FFF741
:1027B8005BFC3B4805F0E3F93A4C02202168FFF73F
:1027C80053FC2168384805F0DAF938490022384BBB
:1027D8000D0008684968FEF787FBFFF7C3F801009A
:1027E8000320FFF741FC2A686B6810001900049267
:1027F8000593FFF7B7F80690FFF7E6F802000B001D
:1028080004980599FEF79AFD0022294BFEF76CFB08
:10281800FFF7A8F80022264B079004980599FEF7C1
:1028280063FBFDF751FE079B0100069A214805F05E
:10283800A6F9FFF701FBC82005F051F8FFF7FCFAED
:1028480001221D4B1D481A7005F099F901221C4BF5
:102858001A7004F0EDFFFA220023D20080185941C3
:10286800184B186059601A685B680492059304F065
:10287800DFFF0200FA200B001349C0000092019309
:10288800049A059B0290080005F079F9002323605B
:10289800002300242B606C6040E7C046539E001064
:1028A800799E0010901E0020B09E00100814002091
:1028B80000005940DF9E00107E1F00201C9F001062
:1028C8007D1F0020181400204F9F0010F0B5AC4861
:1028D8008DB005F054F9AB4805F051F9AA4806F057
:1028E800C9F80400A94806F0C5F8A9490500002C54
:1028F80000D1A849A84805F042F9A848002D0DD0F4
:10290800A34905F03CF9002C0CD1FA24A44805F0A1
:1029180036F9A400200004F0E2FFFBE79D4905F02A
:102928002EF9F2E79F4BA04A00241A6003229F4920
:102938005A609C601C739E4B9E4819605A609C604C
:102948009D4A1C739D4B1A6007229C605A601C7339
:1029580004F0B6FF9A4804F0B3FF9A4B1C709A4BE8
:102968001C7004F065FF0122984B524218605960B0
:1029780000200021964B1C70964B1C70964B1C70C7
:10298800964B1A60964B1C70964B18605960964B84
:1029980096481C70964B1C7005F0F1F804F048FF3F
:1029A800944C060023780F00002B47D1874B1A68F8
:1029B8005B68B61A9F4132003B1E05DC002F30D100
:1029C800FA21C9008E422CD37F4E7E4F3578397854
:1029D8006D00EDB2002901D001210D43864805F0B4
:1029E800CEF83B788549002B00D085493378834A57
:1029F800002B00D0824A2B00824805F0C0F829003D
:102A08000020FFF731FB8048290005F0B8F80123C2
:102A18003A782370704B7D481A706E4B32781A7072
:102A2800BAE77B495848FFF7ADF97A495748FFF7A5
:102A3800A9F90021142003F027FBAFE72378524DB2
:102A4800022B00D0FAE0744805F099F800240F230F
:102A580008AA9B181900280004F0B7FE00283FD0E8
:102A680000250F2308AA9B181900484804F0ADFE5A
:102A7800002837D02A002100684805F080F8142182
:102A88006748FFF763F904F0D3FE04F0D1FE002392
:102A98000024089307930693002304930594029057
:102AA8000391544B1B78022B1ED05E4805F067F843
:102AB8000E215D48FFF74AF900230121464A4942A1
:102AC8001370434A3B481370424A1370434A1160DB
:102AD800434A137004F0F4FE394804F0F1FE5DE750
:102AE8000134B4E70135BCE704F0A2FE264E274FB7
:102AF80004000D00380031000996FFF74FFC39003B
:102B080006000998FFF74AFC011E05D0069B1B1812
:102B18004648069305F033F8002E0CD0079B310089
:102B28009B190793089B424801331A00089305F044
:102B380026F8049405950298039922002B00121A8E
:102B48008B411100002B03DCABD13A4B9942A8D939
:102B580001220499059852421300014305D00498B4
:102B6800059922002B00121A8B41009201933248DA
:102B7800079A069905F003F80294039591E7C04671
:102B8800A09F0010BE9F00100C910010EC90001048
:102B9800909F0010949F0010EF9F00100FA000104E
:102BA8002FA00010B41E0020A09D00104EA0001001
:102BB800A41E002038160020449A0010941E0020FD
:102BC80028140020831F0020821F002020140020CA
:102BD8007F1F0020801F0020811F0020E810002098
:102BE8007C1F0020101400207E1F002052A000101F
:102BF8007D1F0020841F002087A00010979F0010D1
:102C08009B9F0010B3A00010E5A0001003A10010C6
:102C180041220010FD1F001026A1001048A100103D
:102C280039A40010E8A100102AA4001071A1001016
:102C380089A1001088130000ADA100102378032B90
:102C480000D0ADE0FA21604B49001868441C1C60B4
:102C5800FDF74AFB00290FD180215C4B89001A78C7
:102C68005B4B5C4802935C4BD2B25B580093029B6F
:102C78005B58210004F083FF544C2378002B00D1CB
:102C88008EE0564B18685968B94216DC01D1B0423B
:102C980013D819685A68029103921A685B6801216F
:102CA8004F48494212184B4102980399801A99419A
:102CB80002000B004B4804F062FF484B1A685B683F
:102CC800BB426DDC01D1B2426AD8474804F057FFD5
:102CD800464B1B78002B69D0454B00221E685F6865
:102CE800002330003900FDF74DFB00285ED030008E
:102CF8003900FFF78FFB01210800FFF7B5F93D48C0
:102D0800002604F03CFF3C4B314826701E7004F04E
:102D1800D7FD314804F0D4FD0F2308AA9B181900E9
:102D2800280004F052FD002849D000270F2308AAE4
:102D38009B181900314804F048FD002841D03A009A
:102D480031002F4804F01BFF642004F0C8FD012265
:102D580021782C4B52422C48C9B21A6004F00FFF5C
:102D68002A4E2B4F34783B786400E4B2002B03D111
:102D7800284B1B78002B01D001231C432100002085
:102D8800FFF772F93B780122002B01D1214B1A7809
:102D980021482100337804F0F2FE204804F0EFFEC9
:102DA8001F492800FEF7EEFF1E493FE6FFF766FBC6
:102DB800012101204942FFF757F91B48A0E70136D6
:102DC800AAE70137B2E7C0468C1E00207D1F00200D
:102DD800381600201CA20010281400201814002007
:102DE80030F8FFFF74A20010AAA200107C1F002078
:102DF80010140020D8A200107E1F0020EC900010B4
:102E08001FA30010E810002056A30010801F002008
:102E1800811F00207F1F0020AEA30010F0A3001028
:102E2800AD240010691E0010FAA20010F0B597B08A
:102E3800059304230B921A400B9B0A92DA08072386
:102E48001A40013207001C9D03910D92820700D0A1
:102E5800C5E1041D002804D0072909D81C204042D8
:102E680054E1039A1A401300A4180822D31A0393B2
:102E7800059B0426013B0693002309930C930493B6
:102E88000293013B07930196002F01D0059B236015
:102E98000D9B002B00DDF1E09D4B059A9A4203D370
:102EA8009C4B9A4200D2E9E00B99E21B93088907F0
:102EB80000D50DE1049A0F2A00D9BBE0002F00D1FC
:102EC8000EE104990EAA53540A00079912AB9954BB
:102ED8000C9B01330C93F4E008260196069B013302
:102EE8000693069B9878002800D105E1029B002BE9
:102EF80008D12528F2D1079B0133079301230293B8
:102F08000426EAE77A284AD84B280ED8472846D814
:102F180029282CD825283FD041D82028DED023388E
:102F280043425841C3B20293D8E74C382E2836D8CA
:102F3800FDF736F9D435353535353535353535354B
:102F48003735353535353535356135373761616173
:102F5800D437D235D435183718353579E63735357D
:102F68003735E600002308930426029327E0012260
:102F780013002A38C0B2834067490B42AED1E22120
:102F88001800890508400B4235D1190011400291FB
:102F98001342A3D0089013E0079B013B079300233B
:102FA800C1E70022069B08925B7802926C2B07D13E
:102FB8000426069B01961B786C2B01D1B619019645
:102FC800013CA0193100FDF7FFF870430400002F01
:102FD8003BD0019B039ADB1B1B18934200D93DE7AA
:102FE800089B002B41D1019B042B20D108CD036005
:102FF8000423043415E0072107358D4364188C43F6
:103008000CCD002F08D00131C91B03980919814242
:1030180000D923E722606360002308260293330067
:10302800083401935AE7029B089300239CE7019B0D
:10303800082B01D0162012E7072307359D430CCD36
:103048000260436008230834EBE7089B002B0CD18F
:10305800019B042B01D10435CAE7019B082BE9D158
:103068000735013B9D430835ECE7069B0233069381
:103078000D9B013B0D9308CD059305E70B9B9B0723
:1030880022D50121E21B9308802080008242D1D200
:10309800049A0F2ACED8002F1CD00498DBB20EAAAF
:1030A80013549C46079B12AA1354002900D10FE71A
:1030B80080226346524213430EAA1354099B0133DC
:1030C8000993049B01330493069B0434013B07E7EF
:1030D8000021D9E7002903D0039B01330393F0E7CC
:1030E800039B023303930A9B002BEAD10598FEF752
:1030F800B5FC039B1B18F1E78022E31BD200934227
:1031080098D2002F0AD103980838C01817B0F0BD1C
:103118005C90001018A90010DAFF00009B0830220C
:1031280038603B706B469B180A9A1B78002A0BD0B4
:10313800FB70099BBB70002B1BD100250EAE049BB6
:10314800AB421BD1E01BE1E77B70F2E70EADED5619
:103158000EA9595C002D07DA039E15190140B542E6
:1031680000D97BE621700134013304999942EDD1ED
:10317800E3E7012200237F20D21BF6E7099B002BFF
:1031880002D033787F2B1BD80A9B002B1BD012ABA5
:10319800EB5C23700023013401930123019ADB1BAC
:1031A8001B199B18039A934200D957E63378019A62
:1031B800237001342000059905F0B3FD019B1C190B
:1031C80001350136BBE733789B00FB181A68059276
:1031D8000A9A05981A60FEF741FC431CDCE70E20AA
:1031E8003DE6C046F0B59BB000AF3B628023FB18BC
:1031F8001B6806001B07DB0F7B618378F9623A6363
:10320800BB6300290AD10478BB6BA400E418457895
:103218000419FB6A9D421BD8A31BFB62F378BB61B0
:10322800BB6B002B04D08023FB181B68DB0719D469
:10323800BB69002B47D13B6B002B03D030003A6AA7
:10324800F96A9847FB6AFB63BD46F86B1BB0F0BD93
:1032580001342000FEF702FCFB6A01300133241818
:10326800FB62D6E73378FB619B007B627368BB62C5
:103278007B6AF5183B6B002B00D029E1FB6AFB63E6
:10328800BB6BEC180023BB63A54232D02B789B00A4
:103298009859FEF7E3FB84217B181B680130002B4B
:1032A8000CD08822BA18BB6B1268934206D27A18DF
:1032B80012685B009852BB6B0133BB63FB6B013533
:1032C8001B18FB63E0E78023FB181B689B07B2D53C
:1032D8003378FB619B007B627368BB627B6AF5187D
:1032E8003B6B002B77D1FB6AFB63BB6BEC183B6B2A
:1032F800BB6380220523BA181268250013405A427E
:1033080053410133FB62BB695B00E3183B633B6BD2
:10331800AB4299D02B787B636B789B009C59B84B58
:103328009C4202D3B74B9C4223D37B69002B33D0FA
:10333800796BB86A04F0FCFB00282DD06C468AB083
:103348006A46B14B5361BB6A93617B6BD36180233F
:103358009B001384AD4B136192210023AC481032BB
:10336800890100F033FCA546FB6B023BFB63023589
:10337800CDE77B69002B05D0796BB86A04F0D8FBE0
:103388000028DBD180230122FB181B68134209D1D6
:10339800FB6BFA6A9B1AE9E780230222FB181B6879
:1033A8001342E4D02000FEF759FB84217B181B68E8
:1033B800002B0DD08822BA18BB6B1268934207D233
:1033C800791809685B00421C5A52BB6B0133BB6316
:1033D800FB6B1B18CAE7BB6B1C1E7B6315D08021D7
:1033E80004237A1812681A4014007A637A1812684B
:1033F8001A420AD00023BC6B7B63183340229B1807
:103408002900BA6BD81905F08CFCBB6BEB18FB6074
:10341800FB63BB695B003B613A69FB6894466344A4
:103428007B60FB6B7A68934257D17B6B7578002180
:103438005A198023FB181B68D2B29B0700D4610875
:103448008020381800680023C00705D48033FB1893
:103458001B685B07DB1723407270B370F170300094
:103468003A6A796A3B6B9847F863002800DAEBE61A
:10347800FB6940203370BB6B2100B370BB693A6AAB
:10348800F37018231B18D81975703B6B9847041EE6
:1034980000DAB1E0FB6ABA6BF868991A7B6A3A6A93
:1034A800C91A3B699C46C91A60443B6B9847002877
:1034B80000DAA3E00025FB6B1C192318FB637B6B68
:1034C8009D4261D300213A6A08003B6B9847BBE6EE
:1034D800BB6B00247B63082390E7FB6B484A1B788F
:1034E800BB60FB6B5D78AB009B59934202D3454AA6
:1034F80093420CD37B69002B30D0B968B86A04F0CA
:1035080017FB00282AD0FB6B0233FB6389E77B6932
:10351800002B05D0B968B86A04F00AFB0028F2D17C
:1035280080230122FB181B6813420AD07B6B9B186F
:10353800073240215218796BD219DBB255547B639C
:10354800E1E78023FB181B685B07DCD518224021C4
:103558005218631CD2191555DCB2D4E78023022215
:10356800FB181B68134203D07B6B06320133E0E77C
:10357800402118225218B968631CD2191155DBB2C0
:103588000234E4B2D554BEE7402208239B18DB1965
:10359800EB5C0732BA18137084229B009B59BB63FB
:1035A800BB181C68002C09D08823FB181B68002452
:1035B8009D4203D2BA1812686B00D45A47230121DE
:1035C800F8183A6A3B6B9847002817DBFB6B1B1807
:1035D800FB63002C04D1B86BFEF740FA013084B2CB
:1035E80021003A6AB86B3B6B9847002806DBFB6BF7
:1035F80001351B18FB6362E7F86325E6F86323E6E9
:103608005C90001018A900104EA4001004000001DE
:10361800B8920010014B18607047C046EC100020AB
:10362800F7B504000D001E00019202F073FD0300BF
:1036380005F006FD054F32003B5001992800A047D0
:1036480005F0FEFC385800F06FFFC0460800000087
:10365800F7B505000600002D01D13000FEBD280099
:10366800FCF7CEFE01238340DA430E4F04019D434D
:103678003B1901931B7B0092002BECD0E3591B698B
:10368800002B09D1009B3C191E406368042219686D
:10369800019804F00FFDDEE7381998470028DAD1C1
:1036A800F0E7C046E0920010F0B5002289B00F495B
:1036B8000F4805F0EAFA0024002600270E20C02251
:1036C8000C4D03900696079728000B4B0B49049462
:1036D800029401940094920002F0B2FA084928007A
:1036E80005F013FA200009B0F0BDC0460D370010F0
:1036F800C01C002048180020113A0010A01F00200C
:1037080006A5001010B5024802F008FA10BDC04620
:10371800E8110020F7B500901F48019104F0A9FCBA
:10372800061E35D000252800FEBD237B002B11D0B6
:103738002368DB68002B01D02000984763689F71DD
:1037480023681B69002B1BD16368042220001968B9
:1037580004F0B0FC01361034104B9C42E5D3009BBA
:10376800002BE0D0002DDDD02800FFF771FF019B72
:103778000500002BF6D00021642002F085FCF1E75B
:10378800200098470028DFD03B00B3401D43E1E705
:1037980005000127024CDFE7D41E0020F09200103C
:1037A800E0920010014B8000C0587047BC95001093
:1037B800030010B50800002B05D0044A136000F080
:1037C800ABFC002010BD16204042FBE7F0100020A3
:1037D80010B5054C2378002B02D1044802F09EF95D
:1037E8000123237010BDC046851F0020E81100206A
:1037F80010B50400074804F03CFC002C03D001215C
:10380800054805F074FA054805F04BFA044802F03B
:1038180085F910BDCC1E0020D01E0020C01C002041
:10382800E811002010B50021014805F06DFA10BD1F
:10383800CC1E002070B5FFF7F5FF0500084C094BBA
:103848009C4200D370BD63685B79002B06D0236867
:103858005B68002B02D02900200098471034EEE75F
:10386800E0920010F092001010B5044C04492000BA
:1038780004F08FFA034B1C6010BDC046AC11002049
:10388800A8950010C41E00200023FA210C4A10B588
:1038980013700C4A890013600B4A0C481360FFF739
:1038A80087FFFFF7E1FF0A4B0A4918008B4200D354
:1038B80010BD1A1A5C681211013222711033F5E733
:1038C800861F0020CC1E0020D01E002085800010FE
:1038D800E0920010F092001010B5044C0100002294
:1038E8000023200004F076FA10BDC046AC11002079
:1038F80010B5024804F008FB10BDC046AC1100200A
:1039080010B5034B0100186804F04FFB10BDC0460A
:10391800C41E002010B5024804F080FB10BDC0464C
:10392800AC11002070B5204B1878002826D0FFF77E
:10393800DFFF1E4C051E2CD11D4B1E4C1B68002B97
:1039480011DD05F09EF90A220023FCF79DFD22688F
:103958006368801A9941002903D1FA239B00984291
:1039680001D9FFF767FF22686368FA200021800009
:1039780012184B4122606360FFF7CCFF70BD63688B
:103988005B79002B04D02368290020001B68984726
:103998001034094B9C42F2D32800FFF7B1FF0121F4
:1039A800064805F0A4F9C7E7851F0020E09200103B
:1039B800CC1E0020B81C0020F0920010D01E002061
:1039C80070B50E4D297800290CD10120FFF7A2FE11
:1039D8000B4C0C4B9C4206D3FFF7A4FF0028FBD1ED
:1039E80001232B7070BD63685B79002B03D02368BB
:1039F80020009B6898471034EBE7C046861F0020DC
:103A0800E0920010F0920010F7B500210800FFF7CF
:103A180081FE041E2DD0FA2700267F0005F010FB3A
:103A28001C4B1D4A1B581360002B06D01B4B1B68F0
:103A3800092B02DD1A4802F071F800230093002CCC
:103A480007D02000FFF704FE041E02D101277F42A1
:103A58003E00FFF767FF0190002808D1009B114D39
:103A6800002B13D10E483A00330002F089F8019B6D
:103A7800E4E701277F423E00D0E72B689B69002BD3
:103A880003D000222800110098471035064B9D42AC
:103A9800F3D3E7E708000000C81E0020D01E00206E
:103AA800E8110020E0920010F092001013B51548BC
:103AB80004F0DFFA144B1B78002B0AD0EFF31084C4
:103AC80072B6FFF72FFF002C02D162B6BFF36F8FDB
:103AD80013BD0E4B1B68002BFAD0002809D1002219
:103AE80000230B480092019300230A4A02F02CFE9F
:103AF800EEE70928ECD1064805F0D3F8064802F0AD
:103B08000DF8E5E7D01E0020861F0020C81E002003
:103B1800C01C002010270000E811002010B5064B3B
:103B280004001B6898472100A060044804F0D0F9FD
:103B3800FFF7BCFF10BDC046F0100020AC110020FC
:103B4800044B054A00209B1ADB08994201D2C900A0
:103B580088587047E0920010B8920010F0B55E1CCB
:103B680085B0B5000090280007231730984303302C
:103B780080080F000192FFF7AFFE02AB040003229A
:103B8800581D002105F0D6F803AB1E70002C0BD091
:103B9800039B21002361002314312A1F0198C05878
:103BA800C85004339A42F9D1E023BA015B001A40A5
:103BB8006D02054B2A431A4020000023009904F0A7
:103BC8009DFA05B0F0BDC046C0FF0F00F0B591B03A
:103BD80004AF3B600B035B0D0D0078607A613B61BD
:103BE8000C0D002B00D173E0BB60002604237E621D
:103BF800BE62FE6202931833FB1801930A2318224F
:103C0800009302339B18DB193200B9687869FFF713
:103C1800E9FA8023F8601B01984224D37B696C463B
:103C28001A795B798AB01B0213437A699279120474
:103C38001A437B69DB791B06134304AA9361294B5A
:103C48002949D36180239B001384284B5161136158
:103C580092213300264810328901FFF7B7FFA546A5
:103C6800BD460DB0F0BDFB6817345B055A0D3A61CF
:103C7800204A1B0B15401D43FB68E0180723984397
:103C880003308008FFF728FE041E15D00300103308
:103C98007B62FB68FE62BB62042302931833FB1845
:103CA80001930A231821009302335B18124AB9685A
:103CB8007869DB19FFF796FA3B690E4A5B021540F3
:103CC8001D432A0020003B68796804F017FAC7E70B
:103CD800200007231730984303308008FFF7FCFDC6
:103CE8000400E9E7FF0700001BA50010040000011D
:103CF800C0920010FF01F0FFD3800010F0B587B02C
:103D08000E9F0400150002910393002F15D00F9BFE
:103D180010210593009300203B000D9AFFF786F8C9
:103D2800802306001B01984208D30221174A18482D
:103D3800184B04F003FA07B0F0BD3E000723220039
:103D48000C9C1D401A40D2001734AD011543A01930
:103D58007202154398430C9A0330120580081543E4
:103D6800FFF7BAFD041E09D0002F07D00F9B3100C2
:103D780000930D9A3B001030FFF758F82A002000F6
:103D8800039B029904F0BAF9D5E7C0465AA500107A
:103D9800C0920010FF0700004068002804D0044BC0
:103DA800C01AC00800B2704701204042FBE7C04675
:103DB800B89200100EB417B5054C05AB04CB010042
:103DC8002000019300F0BCFC1EBC08BC03B01847DF
:103DD8008B81001010B5CB0604D4890603D503499E
:103DE800FFF7E8FF10BD0249FAE7C046159A001030
:103DF800149A0010F0B591B0079317AB1B78040024
:103E08000D0006920593002B00D1B4E002261B9BFF
:103E18001B9A1E4001231A400C921B9A07331A4022
:103E280008921B9AF8331A400992002704F040F9C7
:103E38000200B84204D020008D49FFF7BBFF0700FD
:103E4800002E09D044231B9A1A4235D12A0020009B
:103E58008849FFF7AFFF3F180C9B002B0AD0059A43
:103E6800854B9200D258002A00D1844A2000844908
:103E7800FFF7A0FF099B002B5AD0089B002B77D196
:103E88001D00069B002B05D01A0020007D49FFF776
:103E980091FF0500189B7C48ED19002B00D0BEE06F
:103EA8001A9B002B74D11B9BDB0700D5DAE020009E
:103EB8001B99FFF78FFFBEE00020744B1E688642F7
:103EC800C9D0734B28001968FCF77EF9FA25310030
:103ED800FCF7B6F9AD0069430A9008003100FCF719
:103EE800AFF90E91E1210D9009010A98FCF7A8F9A4
:103EF8000B910B983C21FCF767F9E1210F90090120
:103F08000A98FCF761F90A900E9831006843FCF7AB
:103F18005BF90D9B02903C210B980193FCF790F9FB
:103F2800200000910F9B0A9A5A49FFF743FF92E736
:103F3800089B099D002B08D0059A574B920020003A
:103F48005649D258FFF736FF0500069B002B05D0CF
:103F58001A0020004B49FFF72DFF2D18079B002B57
:103F680098D01A0020004E49FFF724FF2D1891E73A
:103F780000230793E0E7079B4A48012B00D14248FA
:103F8800189B059D002B4AD11A9B002B53D0002566
:103F98001A9F102F00D9102720001B99FFF71AFF2E
:103FA8000026B5424CDC199B20001A783E49FFF7E1
:103FB80001FF012607231E4203D120003B49FFF7DA
:103FC800F9FEB74242D9199B20009A5D3649FFF79E
:103FD800F1FE0136102EEDD1002620003449FFF7FE
:103FE800E9FE3300199AD25C1300203B5E2B00D9FE
:103FF8002E2220002F49FFF7DDFE0136102E2AD091
:1040080007231E4203D120002849FFF7D3FE3300BF
:10401800B742E7D820002549FFF7CCFEEDE7189B0B
:104028002200254903F050FD1A9B002BB0D1059BB7
:10403800002B00D037E7200004F097F811B0F0BD4E
:1040480020001A49FFF7B6FE0136AAE720001B49EF
:10405800FFF7B0FEBDE7199BDB1919931A9BDB1B11
:104068001A93E2E72000054A0549FFF7A3FE1EE779
:1040780097A500109BA50010CC95001092A50010E4
:10408800C0A50010C3A500108B810010DC1E002005
:10409800D81E0020A4A50010E0950010C7A50010A8
:1040A800CDA50010B1810010D2A50010DAA500102E
:1040B800DCA50010DEA5001049470010D8A50010A7
:1040C80073B5114A04000B000568914200D913002A
:1040D800052168460D4A02F05DFC06006368280069
:1040E8000B220B495B6804F031F863683200280042
:1040F80069465B6804F02AF8636828001B220549B2
:104108005B6804F023F873BD0F270000E4A60010D5
:10411800FDA50010E1A50010012310B500211C0029
:10412800074A904207D8074A002900D101231360A3
:10413800054B186010BD210040085B00F1E7C04640
:1041480040420F00D81E0020DC1E00200122014B37
:104158001A707047871F0020014B002019607047B4
:10416800F41E002010B50248FFF7AAFF10BDC04694
:104178001096001010B5054B0C001868FFF712FBDD
:104188000F22030021000248984710BDF41E0020AA
:10419800109600100122F8B5084D094B2C686F687D
:1041A800084E1A70002C01D12C60F8BD2100300097
:1041B8003A0000F023F8241A3618F3E7E81E002026
:1041C800881F0020891F002010B5002802D1084B45
:1041D800187010BD074B1B78002B03D0064804F05D
:1041E8003AFCF6E70021322001F04EFFF1E7C04625
:1041F800871F0020881F002088130000F7B50E00D5
:10420800042400901D4B1D780193002D16D104F055
:1042180018FC320007000099280001F041FA050057
:10422800380004F012FC164F002D1CD001233B70FF
:10423800019B1B78002B0DD13000FEBD3200002001
:10424800009901F02DFA0500EDE72000651EFFF743
:10425800BBFF2C00002001F0B1FA0028ECD03B781D
:10426800002BF2D1E8E73B78002BE5D0013C200099
:10427800FFF7AAFF3B78002BC4D1DDE7881F002099
:10428800871F0020F0B585B000AF0C1EB86036D08F
:104298006E468AB06D4609686268A3682B6205237A
:1042A8002048A9616861EA612B61A1212A001E48A2
:1042B8001032002389017A60F860FFF787FCB54661
:1042C800E168AD46226963692B6205231748A96135
:1042D8006861EA612B61A12100237A68F868890185
:1042E800FFF774FCB546E3690121114AF86803F049
:1042F80025FFA36901210F4AF86803F01FFFBB6877
:10430800012B07D1EFF305830B4A0748B968103B27
:1043180003F014FF2100B86801F07EFABD4605B02D
:10432800F0BDC04639A60010D092001068A6001053
:1043380097A60010A6A60010D4A6001030BFFDE76F
:10434800F7B50A4B0A4D0600EF18CC1B2A002000CF
:104358000849019304F0E5FC60190021019A04F072
:10436800E9FC3800083C74660830FEBD2C000000EB
:1043780000000000F0920010054B5A699B689A42B1
:1043880005D08023034A5B0551680B43536070478F
:10439800501F002000ED00E0F0B53E4B8BB05B688D
:1043A80000AF7B60DB05DB0D04003B6062B6BFF34A
:1043B8006F8F394E130EFF2B08D1F33B1340082B98
:1043C8003DD101213000354A03F0B1FE00252C0013
:1043D8003B68032B39D1324A0121300003F0A7FE94
:1043E800A369304A934202D32F4A934205D32F4AF6
:1043F800934249D32E4A934246D2023B1A882D4B08
:104408009A4241D12368012130002B4A03F096FEDD
:10441800266808232022F818210004F082FC7B6A11
:10442800002D33D0DA0502D1244A13437B620823D6
:104438003000F918FFF726FFBD460BB0F0BD012587
:104448001207C5D50C000025C2E7F822796852008A
:104458001B4B114200D01B4B6A468AB07A606A46F1
:1044680093613B681849103BD36180239B001384F8
:10447800164B5161136191210023300010328901DC
:10448800FFF7A4FB7B689D460026C2E75B0A5B0238
:10449800CCE7C04600ED00E0D092001015A7001050
:1044A80040A70010A801001054900010E810002048
:1044B800E810002002DF000057A70010FF010000ED
:1044C800E7A60010FCA6001073A700100400000166
:1044D8000821024A53698B435361704700ED00E09D
:1044E800EFF30880EFF3098101B57246FFF754FF37
:1044F80001BDC046094880F3088872B608480949D2
:10450800401880F30988EFF314800221084380F3F0
:104518001488BFF36F8F03F098FE0000A02F0020CF
:10452800A02200200008000010B50A4B9B688342B7
:104538000DD1EFF30583002B09D08022064B5205DD
:1045480059680A435A605A6A04490A405A6201F093
:10455800E7FD10BD501F002000ED00E0FF7FFFFFCA
:1045680015498A6815481044EFF3098CF0C0434692
:104578004C4655465E466746F8C072B6104F114E17
:104588004A698A603E60104C141920680F4C2060FC
:10459800906E00239366002800D162B6074C10196C
:1045A8001030F8C89846A146AA46B346BC462438F7
:1045B800F0C88CF309887047501F002030000000B5
:1045C80004ED00E00000000864000000F81E002070
:1045D80004207146014202D0EFF3098001D1EFF3C4
:1045E80008808169023909780229FFD001B572462D
:1045F80003F019FE01BDC04643B2000605D41F22D0
:104608001A4001239340014A1360704700E100E01B
:1046180030B5FF2503220B00290040B20240D2002A
:1046280091409B012B40C943934000280ADBC024DA
:104638000A4A800880008018A40002590A401343DF
:10464800035130BD0F2210400838054A8008800009
:104658008018C26911401943C161F2E700E100E026
:1046680000ED00E0FF22044B9343044A9360BFF33C
:104678004F8FBFF36F8F70470001001000ED00E00F
:1046880010B5203A1360029B01245360039B06492E
:104698009360049BA143D36080235B04D361002310
:1046A80091610265836610BD2936001070B50B4B09
:1046B80015009860426E0A4B0E001A602C1C86F397
:1046C80009880020034B9847201C00210022002362
:1046D800014C20476982001029360010501F002025
:1046E800F81E00201022014B1A61704700ED00E00F
:1046F800F0B5C02400220326FF25A40010002F00D7
:104708003040C0008740054993089B005B18195941
:104718000132B94319511A2AF0D1F0BD00E100E085
:1047280010B5EFF30583054A103BDB00D118496843
:1047380098588847FFF720FE10BDC0464C910010DE
:10474800F0B587B007000E0014000021102268465B
:104758001D0004F0EFFA6A4602239370054B2A0005
:104768002100684601930497059602F0C1FB07B043
:10477800F0BDC0468982001010B5024B1B689847EF
:10478800002010BDFC1E0020034B044A18600223C1
:1047980091780B4393707047FC1E0020F4100020A2
:1047A80010B5044803F0EBF962B6BFF36F8F04232A
:1047B800181C02DF86A70010072310B50449054A14
:1047C80099430548521A03F029F9002010BDC04644
:1047D800A72F002000200420001F002049B24368B2
:1047E800102916DC0A290BD00B2910D00C224A43B9
:1047F8001B689B18802292019B188022120103E0FB
:104808009B68054A9B182D2200201A607047DB68B8
:10481800F7E716204042F9E70430000049B2436840
:10482800102916DC0A290BD00B2910D00C224A4378
:104838001B689B18C02292019B188022120103E07A
:104848009B68054A9B182D2200201A607047DB6878
:10485800F7E716204042F9E704200000802310B54E
:10486800084A5B041360084A94691C4202D0162067
:10487800404210BD01609269100018401A42F8D0F9
:10488800F5E7C0461830064000000640030010B5A2
:1048980008000B2907D8FBF78DFC09090909122024
:1048A800282C2C2C33330120404210BD1A680C23CD
:1048B8004B439B58134ADB051B0FD056F5E7124AAA
:1048C8000E201368116803220C0014401142ECD02A
:1048D8000E4A0238022CEED1E7E70D4A042013688D
:1048E80012689207E1D00B4AE5E70B4B0B4A1B68AD
:1048F800E1E70C234B430A4A9B181B68094ADAE78D
:104908000C20D2E7A5A7001030800040A2A7001015
:104918003C8000409CA700104880004095A70010EC
:10492800008000408FA70010F8B506000C007568DD
:1049380021002800376903F0AEFC002800D16DE0A3
:104948000E2C00D96AE02000FBF734FC08080808A0
:1049580008082A08080830306A6266002100280022
:104968002F68FFF793FF01003000FFF7DDFF0C23EE
:104978006343FB185E68051C5868C0B2FCF748F929
:104988002849FBF74FFF041C300AFCF741F9011CCA
:10499800201CFBF7D3FD011C281CFBF743FFF8BDC7
:1049A80006212800FFF772FF0400C0E70A2C2DD16A
:1049B800AF6821002800FFF769FF01003000FFF70A
:1049C800B3FF061CB868FCF723F9311CFCF70CF898
:1049D800061C3F203D68FC682840FCF719F9011CBB
:1049E800301CFBF71FFF0725061C200C2840FCF78E
:1049F8000FF9011C301CFBF715FFFF68041C380B6E
:104A08002840FCF705F9011C201CC6E7EF68D0E731
:104A18003868FCF7FDF8C2E77868FAE70020BEE7D7
:104A28000148BCE700007F43001B374BF0B54468E2
:104A38008FB0A36822220393E3685F4905A8049313
:104A48002568276904F06DF95C4B5D4A1A605D4B77
:104A58005D4A13601E005D4A12689643FAD10C2124
:104A6800300000F009FDAE6700F0F2FC0321584B5E
:104A7800DA6B8A43DA635A6C012AFCD103211A6B78
:104A88008A431A639A6B012AFCD1E269514B039855
:104A98005A43636A0093236AA16900F073FCE26ACF
:104AA8004C4B04985A43636B0093A16A236B00F044
:104AB80069FC112105A803F038FC730005AA995672
:104AC800C8B2092867D90136112EF6D1C0239B0137
:104AD800EA1880231B0113603F4A3800AA181360A4
:104AE8003E4A1430AA1813603D4AAD182B602300C3
:104AF800AA25D83319682D012943FFF7AFFE0028EE
:104B080055DB2300DC331B68364938001943FFF7AF
:104B1800A5FE00284BDB2300E0331B68002B48D0A0
:104B280029001F2B00D8591938001030FFF796FEBE
:104B380000283CDB2600E43631682B4D89B2294336
:104B4800381DFFF78BFE002831DB3800316808304C
:104B5800090C2943FFF782FE002828DB234B1A4A59
:104B680013601A4B1B68DB43DB01DD09002BF8D10E
:104B78002900606902AA03F0C8FC002807DB029B31
:104B88002A001979186803F0D3FC002801DA831C7D
:104B98000DD100200BE0090161180B6C00934B6CE0
:104BA800CA6B896B03F0CCFE00288CD116380FB085
:104BB800F0BD0F49B8E7C046F092001000E0004091
:104BC800BFCDFBFEFE7F3C0000F0004008C0004067
:104BD80000800040001BB7000C30000018300000B7
:104BE8002430000000B0FA0000009696FFFFFF0195
:104BF800A10A000010B5044C2000FEF70BFD2000B0
:104C0800FFF7C2FD002010BD154C001073B56B46B0
:104C180004000325DE1D307001223100002000F061
:104C2800B3FD0C4B002803D001221A70200076BD7A
:104C38001A78002AFAD0013D002D08D003F05FFF52
:104C48000028E9D10021142001F01EFAE4E71D70C4
:104C5800ECE7C046991F0020D0231B061B685A4268
:104C680053412F225B429343064A9B181A0010684F
:104C7800002804D10432D11A0C29F8D97047012030
:104C8800FCE7C04650410140F7B5036907000193AE
:104C9800D0231B061C68002563425C412F23644215
:104CA8009C43174BE4180722EB0808339B001B5959
:104CB8002A409200D3400F22134203D101351E2D02
:104CC800F1D1F7BD0F21280000F07EFC019B596847
:104CD8000029F3D00123AB400E6800930029EDD0E2
:104CE8008B68009A00981A40034202D038004B683B
:104CF8009847331E00D0336831001E00EEE7C046E7
:104D080030410140F8B50D00141E066910D111009C
:104D1800280000F0D1FB284BAD00EB181A6880235F
:104D28005340C0221340254AAD182B600020F8BD1F
:104D380001275209210928003A40394000F0BCFBFC
:104D48000521280000F0A0FB802321005B02194008
:104D58001C421AD0D023AF401B069F62A303E5D59F
:104D680001200300F268AB40A10719D51A43F2608D
:104D7800D0223169120665070BD519433161A40C9D
:104D8800936104420AD05362D0E7280000F04AFC3D
:104D9800E4E799433161E40C5361F2E79362C5E7B4
:104DA8009A43F260D0221206210301D55361EAE743
:104DB8006403E8D59361E6E704C0014004D00140EC
:104DC800436803491A68936B0B4093637047C04666
:104DD8007FF8FFFFF0B5436887B004930369029139
:104DE800059203931B7A0500002B00D09FE0002A50
:104DF8000BD00121049B1A68136B8B431363436820
:104E08000F311A68D36A8B43D362EE226B681B6832
:104E1800DC6A9443029A1279012A06D0022A16D033
:104E2800002A04D0862040426AE002221443029AF3
:104E38005279012A03D0032AF4D105321443029A85
:104E480090790328EED8FBF7B5F90604181A06225C
:104E5800ECE720221443029AD279002A11D0012AC1
:104E6800E0D18022196BD2010A431A636B681A6871
:104E78008023116B1B020B430CE04022EAE76022FF
:104E8800E8E71A6B2B490A401A636B682A491A68C3
:104E9800136B0B401363039B40267642F717D868C1
:104EA800029B810E1A68800100231201FBF7ECFABD
:104EB80000900191009A019BB6185F41002F34D1F0
:104EC8001E498E4231D8019B69689806009B096883
:104ED8009B0903434B623F216B68009A1B680A4099
:104EE8009A62BFF35F8F6B6802991B680398DA6A4E
:104EF800DA626B6808221B68DC6203F012FF380074
:104F0800059B002B0FD0049B1B7F002B05D16B68E2
:104F18001A681023D16A0B43D3626B681A6801239D
:104F2800116B0B43136307B0F0BD16207BE7862097
:104F38004042F8E7FFBFFFFFFF7FFFFF80FF3F0012
:104F4800F7B5456804000669A868002861D1286992
:104F5800002867D1377A002F32D13900686801AA52
:104F680003F0D3FA00285CDB019B3A001979186832
:104F780003F0DEFA002854D16B6A002B00D0984762
:104F8800012163681A68136B8B43136363680F31DD
:104F98001A68D36A8B43D3622B6A002B53D1002241
:104FA80031002000FFF716FF63681A681023536367
:104FB8002A7F002A04D162681268D16A0B43D3623F
:104FC800002263681B689A636368264A1B685A64F0
:104FD800337A002B13D1626812689364BFF36F8F22
:104FE800022163681A68136B8B43136363681A683A
:104FF800C023116B9B000B431363BFF36F8FAB6927
:10500800200098470123327A3374002A21D00020E7
:1050180007E0E9688368DB68002B20D09847002800
:1050280095D0FEBD836869691B68002B00D098473E
:1050380032002869696983680C32DB68002B00D16B
:1050480088E7984786E72000F16898470028A6D0A7
:10505800E7E762681268116B0B431363D7E75820C0
:105068004042DEE7FF07000070B580251049114B6C
:105078008C681B680E6810488A686D02002C08D17D
:10508800002A11D11A002E4209D100681818801A76
:1050980070BD002A0AD02E4201D1A242F5D9046877
:1050A800E41804600968F0E71C00F4E71A00F2E766
:1050B80010E000E0241F0020201F00200020094AE3
:1050C800136A1B021B0A1362074B084A1A60084B33
:1050D800084A1860084B5A600722986019680A4302
:1050E8001A60704700ED00E0241F0020D430000053
:1050F800201F0020D330000010E000E0F8B50024A5
:10510800FFF7B2FF0F4E230031680F4D0A002868E1
:10511800696880185941286069600C4D34600C49F1
:105128002E686F68801BFBF74FF80949230041433D
:105138000A0092197B412A606B6001F0FDF9FFF7C4
:105148001BF9F8BD201F0020001D0020F81C0020BE
:10515800D4300000F0B53B4B3B4D87B000295FD001
:10516800421C08D101212A688A432A60FF221206BC
:105178001A6007B0F0BD1B6803930023029301284F
:1051880053DCEFF31083059372B6FFF76DFF00222F
:105198001100AB6804932D4B1E685F6836184F41A9
:1051A8003000390018605960294B009601971A6041
:1051B800284B1C68009B1B1B93423DDB264F029823
:1051C800264A78438018C0183900FAF7FDFF009B7B
:1051D8007843E41A80232018DB00984200D2180094
:1051E8001F4B984200D91800164B1849186001380F
:1051F800AB6868600020A860049AD41A9A421ED24C
:10520800039D621903000C684D6812196B410A600E
:105218004B60059B002BACD162B6BFF36F8FA8E73C
:105228001B680393431CA8D10E480F4B984200DD1E
:105238001800431E0293A4E78020C000D4E7220090
:10524800E0E7C046241F002010E000E0001D002019
:10525800201F0020F81C0020D4300000D3300000AC
:1052680084C6FF003D0500003E05000070B5EFF361
:10527800108572B6084A094B14681B68E41AFFF7D0
:10528800F3FE0019002D02D162B6BFF36F8F0449F7
:10529800FAF79AFF70BDC046001D0020F81C0020D8
:1052A800D430000070B5EFF3108572B6054B1C685A
:1052B800FFF7DAFE2018002D02D162B6BFF36F8F18
:1052C80070BDC046001D0020F7B50C24444301936F
:1052D8002A4B0092E4186368089A05000E0093426E
:1052E80000D26260C0232F1F9B01FFB2E318012F79
:1052F8001BD8012E19D103221A60A3683342FCD0AF
:10530800009B22685B015340E02213408022520137
:10531800A21813600321236873400B401360012314
:10532800B340A2681342FCD01BE0802212011A602D
:10533800134BAA00D158002907D05869FAF744FF3F
:10534800431C032058430338FDD2009B22685B01AD
:105358005340E022134080225201A2181360012F0B
:10536800D8D9802380229B01E31812011A60089B78
:10537800019A6360024BAD00EA50F7BD008000401F
:10538800281F0020F8B51700040029480D001E004A
:10539800FAF71AFF274B0100FA18274B9A4201D94E
:1053A80002F06BFF3800FAF70FFF02009823103A5B
:1053B8005B009A42F4D8731E062BF1D8069B013B7A
:1053C800062BEDD8069B32041E0323681643002BD8
:1053D8000FDA3F2223681340AB420AD1A3681B05AA
:1053E8001B0D834205D1EE22E368D2021340B3427B
:1053F8001CD0124B1249E21853425A4101230C3275
:105408009340104A1360104A13601F000A689743BC
:105418003A1EFAD10D4B2132E3182560A0601A60BC
:105428002268002AFCDA0822E6601A60F8BDC04645
:10543800001BB70080E84BD380F8A9320040FDBFBD
:1054480008C0004000E0004000F0004004300000C8
:10545800AA22064B12011A602F220549DA60054A72
:1054680011605A68002AFCDA7047C04600400240C2
:1054780000B0FA00006002408023024A9B000B4300
:10548800D36270470080054010B5084B8200D318DE
:105498001C6840236340C0242340054CC0001219F7
:1054A8001360044BC018416010BDC04604C00140E1
:1054B80004D0014000400140064B8000C3181B681F
:1054C800C90092000A435A400C231A40024BC018E4
:1054D8000260704704C0014004D00140064BC00080
:1054E800C3181B6809075940C0239B051940034B83
:1054F800C01801607047C046044001400450014094
:10550800064BC000C3181B6809045940C0239B02FE
:105518001940034BC01801607047C0460440014061
:1055280004500140064BC000C3181B6809025940CB
:10553800C0239B001940034BC01801607047C04648
:105548000440014004500140064BC000C3181B68CA
:1055580009035940C0239B011940034BC01801603F
:105568007047C046044001400450014002238000B7
:10557800002903D0024A801803607047014AFAE7FD
:1055880004E0014004F00140054B8000C3181B688B
:10559800594001231940034BC01801607047C046A9
:1055A80004C0014004D00140054B8000C3181B68AB
:1055B8000901594030231940024BC0180160704757
:1055C80004C0014004D001400722C30810408000F5
:1055D8008140024A3C339B0099507047004001408B
:1055E800F8B5D0231B061C68050063425C412F23D5
:1055F80064429C430A4B0F00E4181600FFF7E4FFCF
:1056080007232B40ED089B00AD009F4064198023C1
:10561800002E00D1C0239B01E4182760F8BDC046C6
:105628003041014040238000002903D0024A8018FD
:1056380003607047014AFAE704E0014004F00140C2
:1056480070B5124CA8220021200003F073FB03233D
:105658000F4A236163610F4BA261E36180235B0101
:1056680023620023A3626362E36222660A4A0B484C
:1056780062664022A2662367E36663670F331D00F4
:10568800C15CEA1AA154013BFAD270BD4010002057
:105698000CA80010400000200000002015A80010F1
:1056A800F0B50F0014001821020085B003900130F6
:1056B8004A4341431C4EB2187618556A7068936A7B
:1056C8004019AB4229D8126A0192521B0292013A40
:1056D800944205D82200390003F023FB2D1912E06B
:1056E8009A180021944215D83900029A03F019FB40
:1056F800019B2C19E51A9C4205D0029B2A00706870
:10570800F91803F00EFB18220399074B4A430121AD
:105718009B185D62080005B0F0BD013B00215B1BD2
:10572800A342F7D3D6E7C0464010002070B5140056
:105738001822451C55434243124B0E00ED189B1886
:10574800DB6A012B0BD0022B15D0002B04D12800CB
:1057580003F024F9844208D90024200070BD2800F1
:1057680003F01CF9844200D904002200310028000B
:1057780003F01DF9F1E72200280003F030F90400D6
:10578800EBE7C04640100020F8B50B4B04001B782F
:105798000E001700532B01D0FFF752FF03F051F909
:1057A8003A00050031002000FFF7C0FF0400280080
:1057B80003F04BF92000F8BD4010002018224243A6
:1057C800024B9A18936A506AC01A7047401000201A
:1057D8000F231A0070B506490648D41A0C5DC55C3B
:1057E800A54202D1013BF8D270BDFFF729FFFBE7C4
:1057F8004010002015A8001010B50400FEF7E0F8CE
:1058080003480121034A02F092FC200003F03FF90B
:10581800D092001026A80010F0B585B005000C0045
:1058280000AFEFF310837B6072B62D4A9368FB607C
:105838002C4B042802D82C4B8100CB586E468AB0DA
:10584800117C6A46D361294B29489384294B5061BE
:10585800956111621361B121274B1032BB60B868A2
:1058680000238901FEF7B2F9B546002C07D0E36999
:10587800DB0504D00121214AB86802F058FCFB6816
:10588800002B07D0180003F043F9002802D0037852
:10589800002B00D11A486E468AB06A46194BD0616F
:1058A8005361FB689361114B1384174B136191216A
:1058B8000023114810328901FEF788F92100B54606
:1058C8002800FFF799FF7B68002B02D162B6BFF36F
:1058D8006F8FF868FEF728FEBD4605B0F0BDC046DC
:1058E800501F002035A800105C970010010300002D
:1058F8004BA8001005000001D092001073A80010FA
:1059080043A8001094A8001004000001F8B501276E
:105918000A4E83009D59013084003359AB4200D8A8
:10592800F8BD6868002806D0037F3B4201D103F028
:10593800B2F80835F1E72B689847FAE77097001036
:10594800012270B5234B032086B01A70FFF7DEFFE3
:1059580003F0E6F90420FFF7D9FF1F4C26001F4D7E
:10596800AC420ED300F0CAFAAE4220D300F0D6FA09
:10597800FCF7ACFF01211A4A137B8B43137306B063
:1059880070BD636A0593236A0493E3690393A3696B
:1059980002936369019323690093E368A2686168CD
:1059A800206800F013F923685C653034D7E7B26AE1
:1059B800F36A511C01D1591C05D0110030681943F4
:1059C80003D100F087FB3036CEE70649183000F0E7
:1059D80023FDF8E79A1F00201C9200101C9200106B
:1059E800781D0020018C001010B5034A03480021DF
:1059F800121A03F068F810BD9C1F0020F81100204F
:105A080070B5702601250400464301021148802222
:105A18000918002086B004950E35039505356543B1
:105A28000D4B0590029001900C48F6182D180C4B60
:105A380030000095520000F0C9F80422737B2C74E2
:105A4800934373730134074BE402E418EE606C600F
:105A580006B070BDA02A0020081D0020501F00209D
:105A6800DF8A0010A0220020F0B5002087B0FFF7E1
:105A78004DFF214B83F308882049214B0A6A0025F2
:105A88001A40C0231B0413430B62FEF721FDFEF7E7
:105A980029FEFDF7F9FE1B4800F0FEF802F0E9FFC9
:105AA8000120FFF733FF0220FFF730FF00F066FA0E
:105AB800154C164B80225C61154B164E059301233D
:105AC80015490493D20033002000039502950195EF
:105AD800009500F07BF804220700637B20009343C5
:105AE800637303F053F82800FFF78AFF3200390088
:105AF8002000FEF7DBFDC046A02A002000ED00E0F4
:105B0800FFFF00FFE81D0020781D0020501F002027
:105B1800F6A8001049590010A02B002070B5EFF32B
:105B2800108572B60468A0421AD0002C18D062689A
:105B38002368002613605A6002222000637B2660D7
:105B4800934363736660A660183003F070F8200012
:105B5800E66603F01BF82900084800F0A3F970BDB9
:105B68008268C3689B1A591E8B419B188360002D5D
:105B7800F5D162B6BFF36F8FF1E7C0469B1F0020D7
:105B880013B50400EFF3108172B68068002808D0BE
:105B98000138A060002902D162B6BFF36F8F0020E0
:105BA80016BD1000184307D1002902D162B6BFF311
:105BB8006F8F10204042F3E70092019322000248C1
:105BC80000F054F9ECE7C0469B1F0020F0B587B001
:105BD8000593030058338365C365109B0727037338
:105BE800042300250732BA434373D2190F9BBA43E3
:105BF80083738B180E0085601900C5738561C561B4
:105C080004000493FEF79CFB049BC019B8431F1AB9
:105C18000E9B3A0002930D9B310001930C9B2000D0
:105C28000093059BFEF72CFD044B65659B68AB4212
:105C380000D01B6E3800236607B0F0BD501F00204F
:105C480070B50400002086B005900E98119D049050
:105C58000D98109E03900C9802900B9801900A984A
:105C680000902000FFF7B2FF2B00721C01D1013316
:105C780005D02B00334305D1200000F02BFA20007B
:105C880006B070BD200032002B000249183000F029
:105C9800C3FBF4E7018C00100223FF338381002348
:105CA8000366014B98607047501F00200B21084A7B
:105CB80049429368D9669866802306495B05486817
:105CC80003434B6062B6BFF36F8F9368D86E70471B
:105CD800501F002000ED00E00D2370B5C356427B35
:105CE800002B38DBD30636D180235B4213431B4C91
:105CF8004373A3691A49E2698B4207D10160426084
:105D08001060E06111E09A42F8D01B68002BF5D0D2
:105D18000E250E2645579E57B542F4D0AE42F2DD09
:105D28005A680360426010605860A5698D4201D0CE
:105D3800002D00D1E568A3685A7BD20605D1DA891F
:105D48007F2A02D9AA69002A06D0AB4202D02800CD
:105D580000F0AAFA656170BD6361FCE7501F00207E
:105D6800681F00200D2270B582560500437B002A6B
:105D780004DA7F221340437302F0CCFE0D4E0E4A24
:105D8800B469B368944201D0002C00D1F468AB42E6
:105D980008D05A7BD20605D1DA897F2A02D9A269AE
:105DA800002A05D0A34202D0200000F07DFA23008B
:105DB800736170BD501F0020681F002010B5511C72
:105DC80001D1591C03D00249183000F025FB10BD41
:105DD800018C00100D2270B582560400437B002A06
:105DE80004DA7F221340437302F094FE8023627B1F
:105DF8005B4213431B4D6373AB691B49EA698B42D2
:105E080007D1216062601460EC6111E09A42F8D019
:105E18001B68002BF5D00E200E2620569E57B04248
:105E2800F4D08642F2DD5A682360626014605C60D8
:105E3800AE69AB688E4201D0002E00D1EE68A34255
:105E480008D05A7BD20605D1DA897F2A02D9B269ED
:105E5800002A05D0B34202D0300000F025FA330002
:105E68006B6170BD501F0020681F002070B50C00CA
:105E780011000A4A0A4B90681860EFF3108372B653
:105E88009568280002F059FE049A059B2800FFF740
:105E980095FF2000FFF70AFF70BDC046501F002085
:105EA800701F002010B500290AD1EFF305800028E3
:105EB80007D1064B9A685B699A4202D0FFF7F6FE53
:105EC80010BD62B6BFF36F8FFAE7C046501F0020BF
:105ED80010B500280AD1EFF30580002807D1064B3A
:105EE8005A699B689A4202D0FFF7E0FE10BD62B67D
:105EF800BFF36F8FFAE7C046501F0020EFF3108101
:105F080072B6054B9A68D37B013BD373002902D143
:105F180062B6BFF36F8F7047501F002070B5EFF364
:105F2800108672B6134DAB68DA7B0132DA73AC694E
:105F3800114A944201D0002C00D1EC685A7BD20659
:105F480005D1DA897F2A02D9A269002A05D0A3429D
:105F580002D0200000F0A8F923006B61002E02D1C6
:105F680062B6BFF36F8FEFF3108072B6FFF7B0FF22
:105F780070BDC046501F0020681F0020024B034A16
:105F88009A61DA617047C046501F0020681F0020E0
:105F980070B5EFF3108572B61C4CA168E3690A6806
:105FA800CB1A581E834149685B420A60516013400E
:105FB800E169A268002B05D1154B516013600A6096
:105FC800E2610CE00E200E2610569E57B04218D003
:105FD800864216DD5968136051600A605A60A669E6
:105FE8000B4B9E4201D0002E00D1E668A3689E426A
:105FF80002D0300000F058F928006661FFF756FE1D
:1060080070BD8B42D8D01B68D4E7C046501F002013
:10601800681F0020F8B5030007000C000B4303D1EC
:10602800FFF7B6FF0020F8BDEFF3108672B6134DE8
:10603800134BA8681860FFF795FEA86823003A007C
:106048001049183000F0E8F90423AA680400517BCD
:1060580030000B435373FFF729FEAB689A6A002A96
:10606800E0D18022DB6A12069342DBD102F005FE02
:10607800201AC343DB171840D5E7C046501F00203D
:10608800701F0020018C001070B504000D00FFF790
:10609800C1FF03002000621C01D1013513D0180094
:1060A800D9170922002380185941002901D109284C
:1060B8000AD904290AD802D103000B3306D80A22C8
:1060C8000023FAF7E1F970BD0800FCE70048FAE799
:1060D800FFFFFF7F70B50400EFF3108572B604264A
:1060E800437B33420DD0183002F0A1FD637B2000C2
:1060F800B3436373FFF7F0FD29000548FFF7D2FEAD
:1061080070BD002DFCD162B6BFF36F8FF8E7C046B3
:106118009B1F0020014B98687047C046501F002005
:10612800F0B5037B85B004000393EFF3108301936C
:1061380072B6019B02930823427B1A4207D0019B47
:10614800002B02D162B6BFF36F8F05B0F0BD190006
:10615800114348B2002854DB6173A368002B02D0B6
:10616800200002F0DFFC20002600183002F05FFD5E
:106178005836A56DAE4201D0002D4AD12F4F0025CB
:10618800BB689C4204D1EFF305856A1E9541EDB2C8
:10619800BE692B4A964201D0002E00D1FE68B34258
:1061A80002D0300000F080F87E61002D02D0254832
:1061B800FFF772FDBB689C4238D1EFF30583002BD3
:1061C80034D1237BDB070FD5019B002B02D162B6AC
:1061D800BFF36F8F62B6BFF36F8F0423181C02DF03
:1061E800EFF3108372B602930298FFF75FFD039BEB
:1061F800DB07AAD562B6BFF36F8F0423181C02DF32
:10620800A3E77F210A4013432000637302F082FC56
:10621800A3E7280002F086FC2800183002F007FDEA
:1062280000232800EB66FFF757FDA2E7019B002B30
:10623800DDD162B6BFF36F8FD9E7C046501F00208B
:10624800681F0020E81D00200121044B044AC01AE1
:10625800044BC0104343D1547047C046581E002019
:106268009B1F0020ABAAAAAAC289030000207F2A8C
:1062780011D80A4A106800280DD00E21084A59562C
:1062880012680020914206DB5A7BD20603D10548EA
:10629800181A431E98410123184070479411002092
:1062A800741F0020081D002070B518240C4B050031
:1062B8001E7C0C4B7443E418200002F0B8FC00224A
:1062C800094B28009A55FFF7CFFF002807D0074B46
:1062D80020001A680649013AD31700F09DF870BDEE
:1062E800501F0020581E00209B1F002094110020E2
:1062F8005162001070B5EFF3108572B6104A114B59
:1063080094681868A04207D1FFF7CEFF002D02D18C
:1063180062B6BFF36F8F70BD00211960127C0A4B03
:106328009B5C8B42F2D02000FFF79EFF0028EDD047
:10633800637BDB0602D12000FFF74CFD2000E3E77A
:10634800501F0020701F00209B1F00200648074A8E
:1063580010B5121A064902F0BAFB064A0648074960
:10636800121A02F0B4FB10BDE8100020F81100204A
:1063780018A90010E8100020E810002018A9001043
:10638800024B1868984200D10020704798110020ED
:1063980070B50600FFF7F4FF002810D002694369C2
:1063A8003400F517121BAB41002B08DC03D1802108
:1063B80009068A4203D2D843C017104070BD01486D
:1063C800FCE7C046FFFFFF7F002010B5034B1B68AA
:1063D800834201D1FEF74AFF10BDC046781F002056
:1063E80030B500280ED00B4B5B6898420AD0016884
:1063F800002907D00A694B690469456912196B417C
:106408000A614B610368426813605A6000230360A5
:10641800436030BD98110020F0B5040015001E003F
:1064280085B0531C02D1731C00D17CE0A160EFF34E
:106438001083039372B6002E26DBFFF7C5FF0021F9
:106448000090012040197141009AD31712184B414E
:106458003649226163610868496812184B411E0079
:10646800150001230293FFF78BFF0700304B9C4672
:106478005B680193002F1DD163462360019B636015
:106488001C6063465C6027E0284B18685968022244
:106498005242D317121A8B41521BB3411100002BE1
:1064A80004DC01D1002A01D10121002363612161AB
:1064B8000023D7E73869796922696369994202DC60
:1064C80028D1904226D9801A99417B683861796130
:1064D800636027601C607C60FFF752FF84420FD125
:1064E800144B1B68002B0BD1029B002B02D1FFF72A
:1064F8006BFF00900098FFF74BFF0021FEF72AFE84
:10650800039B002B02D162B6BFF36F8F28003100C6
:1065180005B0F0BD121A8B4122616361019B9F4255
:10652800AAD03F68A6E700250026EFE7701E0020E6
:1065380098110020781F0020F0B587B0EFF3108382
:1065480072B601932F4B1860FFF71AFF2E4F040005
:106558003A687B68029203932A4B9C461D68002880
:106568000FD042690669EB179A4202DC24D1AE4289
:1065780022D91900226963692800121A8B41226105
:106588006361029803992A00EB1712184B41002403
:106598003A607B60634620001C60FFF7F9FE21002B
:1065A800FEF7D8FD019BA34202D162B6BFF36F8FFD
:1065B800FFF7A0FE07B0F0BDF31704960593049A01
:1065C800059B0298039980185941002300220E4D1B
:1065D80022616361286069602000FFF701FF019B69
:1065E800002B02D162B6BFF36F8F2000A3689847D3
:1065F800EFF3108372B6034A019313689B1B136071
:10660800A2E7C046781F0020701E002010B5EFF3E7
:10661800108472B6FFF7D8FE02000649C31708684F
:10662800496880185941002C02D162B6BFF36F8FB8
:1066380010BDC046701E0020F7B50400EFF31085AA
:1066480072B603680195002B05D0002D5FD162B6A4
:10665800BFF36F8F5BE0826AC36A00210120801854
:106668005941002901D1012836D9002B04DC01D178
:10667800002A01D10122002301267642F717B61815
:106688005F4102F0FEFA0122002380185941801967
:106698007941002902DC3BD1002839D002F0F1FA17
:1066A800002301228018594180197941244B9942CD
:1066B80001D1033030D802F0E4FA01220023801817
:1066C800594102225242D31780197941121A8B413B
:1066D80020001C49FFF7A0FE236B01332363236AC4
:1066E800002B0BD0002D02D162B6BFF36F8F2000B4
:1066F800236A9847EFF3108372B60193A56918349B
:10670800A54201D0002D0BD1019B002B9FD0F7BDD6
:1067180002225242D317DBE7802300221B06D7E769
:10672800280002F03FFA0023EB66019B002B02D100
:1067380062B6BFF36F8F280002F028FAE7E7C04679
:10674800FFFFFF7F41660010F8B5060014001D002A
:10675800EFF3108772B6511C07D1591C05D1002FD1
:1067680002D162B6BFF36F8FF8BD002B0DDB1400AA
:106778001D1E05DC002B01D1002A01D101240025B2
:1067880001225242D317A4185D41300002F04FFA9B
:10679800069A079BB262F36200232200336330003B
:1067A8002B000249FFF738FED9E7C04641660010C2
:1067B800030010B502F044FC02490918180000F063
:1067C80003F810BD10000000F0B500230F00416869
:1067D8000068624A85B0F9F733FE161E00DA97E0C2
:1067E8005F4C002524184D41E12130000901009437
:1067F8000195F9F72FFDE121B86009013000F9F79B
:1068080073FD0E003C213000F9F724FD3C2178602F
:106818003000F9F769FD009B019C032039600021D5
:106828000722C01861410023F9F70AFE002A00DB9D
:1068380072E00732BA610121009B019C4948494234
:10684800C01861410023484AF9F7FAFD0290029BFB
:10685800454D46495D43009B5D1B2800F9F7B4FC94
:10686800434944192800F9F7AFFC4249241A280083
:10687800F9F7AAFC6E21241A2000FF31F9F7A4FCCD
:106888003D4906002000F9F79FFC394945192000C9
:10689800F9F79AFC6E23FF3373432D1AED1A05237B
:1068A8006B430233180099210093F9F78DFC04001B
:1068B8009920604305210230F9F786FC6B1C1B1AEE
:1068C8000393009A2D4B02219A4201D90A21494289
:1068D800C822029B52005A430023091918000124B8
:1068E8008C425841921912189446992252009542A6
:1068F8001CD32B00333BFF3BFB61214B3800634427
:106908007B61039B3961FB6000233B6205B0F0BDEE
:10691800124B1C4CD61864E7019BBA61002B00DAB5
:1069280089E70098019900230F4A8DE70322300078
:10693800104016420ED1144A022372431600DE415B
:106948002300124CA64205D80423DA41104B934287
:10695800404103002A003B32D318CDE780510100A3
:106968006CFA0A0050C5FDFFB13A0200AC8E000077
:10697800B4050000B03A0200948E0000F90500004A
:1069880094F8FFFF6BFA0A00295C8FC2285C8F021B
:106998000AD7A3000CB470B58AB002AC05000E008B
:1069A80020220021200002F0C5F90223A3700D4B1C
:1069B80025616360002E13DB01D0731EED180FAA4A
:1069C80020000E996561019200F092FA002E02D023
:1069D800002223691A700AB070BC08BC02B01847BC
:1069E8000025ECE7399000100022F0B58BB0039039
:1069F8000791039B511C9B5C202B00D1F7E11800E9
:106A08000938042800D8F2E10D002B2B04D0042407
:106A18002D2B05D1442400E00424039B951C5B5CCA
:106A280020221A43692A3ED06E2A00D16FE00A223A
:106A380004920022002000210092059206928022F2
:106A48008026120136012240344200D174E020270A
:106A58001F433E00613E052E00D96DE0573F049E5E
:106A6800FFB2B74200D3FDE080262643B6B2E30565
:106A780000D474E08023802234009B00520033400D
:106A88001440164200D185E07A1E9741069A3A438F
:106A980006925A425341009AD3180093039B34003C
:106AA8005B5D0135CBE70026B54BB64F2021187842
:106AB8000133002809D06A1C9446039A525D0A43A0
:106AC800824228D0B04A934232D13000390000F0D7
:106AD8004BFE00280AD0039B5B5D282B06D12021A2
:106AE8000135039B5B5D0135292B16D1640603D55F
:106AF800802109067B181F00079B002B03D0039BEE
:106B08005D19079B1D60300039000BB0F0BD0026F1
:106B18009E4B9F4FCAE76546C9E71A008A43413A28
:106B2800192ADED91A00303A092ADAD95F2BD8D0C7
:106B3800002600270025DFE71F00049E303FFFB234
:106B4800B74240D280268022230026435200B6B2A4
:106B58001340144200D08DE7049A0A2A08D0059BF6
:106B68000F2B00DC86E7C02676002643B6B281E705
:106B7800059A102A00DC7DE7C02676002643B6B2C7
:106B8800042F00D876E702220692052F00D071E77D
:106B98001F006FE75A1E9341009AD31A0093020010
:106BA8000B0004982100FAF760FF08970994089BE6
:106BB800099CC018614103000B435A1E9341059A72
:106BC800D31805936AE7FE2F4CD18026B6003442CD
:106BD80045D02306ACD5002A00D08DE00300013D46
:106BE8000B4300D100E1802322001B011A401C4204
:106BF80000D1D9E08023009EDB033636994200D2CB
:106C080081E080231B04994200D380E0614B9E42BF
:106C18007DDB069B01910343D9430093890703D089
:106C28000621194006297DD1009A019B00210420E4
:106C380012184B41802100920193019B090499424B
:106C480070D880230136DB009E4200DBC9E0802338
:106C580000225B035049761850490B4072E02643E6
:106C6800B6B21BE72026334360362640782B0BD17B
:106C7800002E09D006000E4306D180231B011C43B9
:106C88001023A6B2049309E78026344200D14FE7C7
:106C98001B3E002A03D07026009A920000929E4262
:106CA8009CD1039B6A1C5B5D2B2B05D02D2B25D11A
:106CB8008023DB001C43A4B2039B9B5C1A00303A80
:106CC800092A8BD8AA1C0A261500B4460022344F7C
:106CD800BA4203DC66465643303B9A19039B5B5D18
:106CE80001351E00303E092EF2D9630500D5524207
:106CF800009B9B18009371E72E23CCE71E00303EC3
:106D0800092EE0D96AE700184941013E76E70122D9
:106D1800CF0743083B4302404F081A43100039008D
:106D280001366EE78021C9008E425ADA019B990725
:106D3800009B9A080A438021019B49039B088B42C8
:106D480088D2002631051943100016000F0000F004
:106D580017FD0138022804D802F072F92222114BDB
:106D68001A503000390000F00BFD0138022800D914
:106D7800BCE602F065F922220A4B1A50B6E6C04674
:106D880001A900100000F07F04A90010FEA800105F
:106D98000000F87F02FCFFFFFF030000FFFFEFFF8A
:106DA800D30400000C000000009E059BB446114E61
:106DB8006344B34212DB9B267600B34211DA012307
:106DC8001700069E0340334301339E08801979411A
:106DD800624600F0F5FA06000F00C2E70026002719
:106DE800BFE70026044FBCE7002600277EE60A001E
:106DF800FFE5C046BDFEFFFF0000F07FF0B585B09F
:106E08000F0001900092242A02D80300012A0BD116
:106E180002F016F91622344B1A50002F01D0019BAC
:106E28003B60002005B0F0BD18000178013320292F
:106E3800FAD00D00093D0C00042DF5D91D000026DF
:106E48002B2902D02D2902D101361C78851C302C23
:106E580032D1202329780B43782B08D11100683BC5
:106E6800994304D16C7801950235009302E0082318
:106E7800002AFAD01D4B0099F31818000293F9F76D
:106E8800DFF920220300944600200395392C03D90A
:106E98006246013C1443263C009A303CA24213D976
:106EA800984202D80CD1A1420AD202221643039A70
:106EB8002C7801920135E8E7002ADBD10A23D4E7D0
:106EC800009A50430019F2E7002F01D0019B3B6064
:106ED800F30700D54042B607A4D502F0B1F8222244
:106EE800014B1A5002989DE70C000000FFFFFF7F3E
:106EF800F0B5436893B003900893837815009B0717
:106F080000D4F8E0002301930E78002E6AD0252ED5
:106F18000DD04B1C0993019B013301930399089BE6
:106F2800F0B29847002800DADFE00999ECE74E78DC
:106F38008B1C0993252EEED0002304211C00099AEE
:106F48000293079309921F2C2ED83000203810285E
:106F58000AD8F9F72FF91D0909270909091E09098E
:106F6800091B0925090918003300303B092B29D9C9
:106F78002A2E32D108CD600622D4002B29DB20200E
:106F88000793044305E001231C4302E002231C434A
:106F98000C43099B01321E78002ED3D109922DE0B3
:106FA8000823F1E71023EFE77F2C1ED83300303B8E
:106FB800092BDDD8600605D50A20029E7043C31848
:106FC8000293E6E70A20079E7043C318079320231D
:106FD800DAE75B4207932823D6E72E2E05D1402314
:106FE8001C42D1D0019813B0F0BD6C2E2DD027D8FB
:106FF800682E31D06A2E32D04C2E30D0029B002B16
:1070080003DA40239C4300230293202333431A00CE
:10701800653A022A01D9612B24D10722EB1D93433B
:1070280008331D00AB4F0292240753D5019A029BE7
:1070380016009C18B4424FD1079B029A9E1A82E10F
:10704800742EA6D07A2EA4D0D8E780231C429BD0D9
:1070580080208000044397E780235B00F6E7A023A5
:107068009B0091E730006338122800D9E3E0F9F774
:10707800A1F80A46E2E2E2E246E2E2E2E2E2F3DD17
:10708800E2E211E2AD0004CD0CAB1A7001230CAFA3
:107098000293C9E780CD002F00D18F4F0299630674
:1070A80001D401214942380001F06BFE0290BBE790
:1070B80020200399089B9847002816DB013C029B77
:1070C800A342F5D3079A019B944663441B1B019383
:1070D8000794ABE7079CF2E7019B0399FB1A985DBD
:1070E800089B984701360028A4DA039B9A78042362
:1070F8001343039A937001235B42019372E72306BB
:107108003FD5A30537D50722073595432F000CCF68
:1071180004920593102325009D43059B002B3ADA22
:107128000499059A00244B429441049305948023C2
:10713800DB001D43ADB20CAC0A230498059922006C
:1071480001F071FE041B6B0665D501232A009A43E2
:107158001300029AA24200DCA4E0002E00D19CE0B9
:107168001022290011400B91154200D09CE0029A90
:107178001D0006921EE02F0008CF0493DB1705932D
:10718800C8E72F0008CFE205F7D5A20501D55BB205
:10719800F3E71BB2F1E7049B059A1343CBD16306CF
:1071A800C9D5029B002BC6D111339C43029B2500F5
:1071B8001C0006932A00494B1A400B921D4277D0B7
:1071C800069B0133069300230B9371E010239C4325
:1071D800063B9C46802322001A4006921C4242D05D
:1071E80021008133FF3319401C4239D00722EB1D9F
:1071F80093431F0003CB083703000B4346D12500F8
:1072080016339D43630644D5029B002B41D11733A7
:107218009C432500029C10232A001A400B921D4211
:1072280056D0631C002E42D022003FE0102378265F
:107238009C461C43CEE7782B04D110229B1B1A4393
:107248009446C7E725200399089B9847002800DA49
:107258004BE7019B023360E6082300269C46B9E70A
:107268002F0001CFC8E72F008022210008CF52004D
:10727800180011401442BFD0802221009200114012
:1072880098B21442B8D00699D8B2B5E706239C4301
:1072980025000CAC6346220052E711239D43029B54
:1072A800069387E71D00B6E71D00029A931C069314
:1072B8002B072AD4EB0709D5079B069A0294934219
:1072C80004DD9B1A1B190293079B0693069B10E08B
:1072D80006946FE710A9001009A900100604000021
:1072E80020200399089B9847002800DAFDE60A9BAE
:1072F80001330A930A9A079B9342F1DC069A019B91
:107308009B1A0A9A9B18019306920B9B002B25D077
:1073180030200399089B9847002800DAE5E6019B8E
:10732800002E12D101330193019E029B019A9B18F2
:107338009B1BA34220DC2500002D25D13D00079B87
:10734800069AA4199E1A019431E002330193F0B20F
:107358000399089B98470028E6DAC6E6174B1D42B2
:10736800E2D02020AB0700D50B306D0500D52D20CD
:10737800019B01330193EBE730200399089B013609
:1073880098470028D1DAB0E60CAB013DE85C0399D8
:10739800089B98470028CFDAA7E6019B20200133F5
:1073A80001930399089B9847002800DA9DE6019A03
:1073B800A3199B1A002BF0DCB7E5C04606040000B1
:1073C800F0B589B0140000900391F9F70DF8261A6A
:1073D8000A36002C00DA74E0200000F0A5F8351811
:1073E800200000F0A7F8060004A920002F1B00F0D9
:1073F800BFF8BB1B7D330098039904AA01F09AFDDE
:10740800012306000291AC420FDC00233F2F0CDC65
:107418003A0001204042C117F8F77EFF009B039A0B
:1074280083438A4313435A4253411F003000029951
:10743800F8F7DAFF374B281AC018374B984265DC43
:10744800C443E41701220440002800DD2200334B26
:10745800521BD3180393324B3000D2180299F8F715
:107468004FFF009001913000039A0299F8F748FF06
:107478000125284245D0002F0DD0039A0120404213
:10748800C117F8F749FF009A029B864315408B43C2
:107498002E431E4335D000980199012200238018FD
:1074A800594105000E002A0033031B0B1A43010043
:1074B80050424241A41824051C430800210009B089
:1074C800F0BD6742380000F035F8351A380000F092
:1074D80031F82E1B040004A9380000F0C5F8331950
:1074E8007C3304AA0098039901F024FD0291060058
:1074F8000399009800F026F80023B8425B41DFB2F8
:1075080094E7019B00991B031B0BD4E70020054956
:10751800D5E7C0463E040000FE070000CCFBFFFF95
:10752800CDFBFFFF0000F07F014B5843C00C7047B4
:107538004F931200024B5843C00C01307047C046AD
:107548004F93120070B50024064D074A074BFAF70F
:107558008CFAA94204D801D1884201D80134F4E751
:10756800200070BD33333333CDCCCCCCCCCCCCCC99
:10757800F0B50D008DB01A210490F8F725FE1A21F8
:1075880005900498F8F75CFE059B1C01334BE41842
:10759800002909D1226863682A606B60A068E168E5
:1075A800A860E9600DB0F0BD2D4BC9005B1808A9B3
:1075B8001E685F68A268E36830000091390001F036
:1075C800EBFC2268636803910AA9029000913000DD
:1075D800390001F0E1FC0A9A0B9B029E039FB61842
:1075E8005F4106900791BB4202D809D1B24207D940
:1075F800089A099B0120002112184B41089209930F
:10760800049800F0D9F804001A20059B584300F0AC
:10761800D3F8241A32003B0006980799009401F029
:10762800F3FC1E22049B0290039118090D49800067
:1076380041585B001A40D140032001400A000298DB
:107648000399002312184B4130002A606B60089A96
:10765800099B3900009401F0D7FCA1E7E8930010DA
:107668001893001088970010F0B506000D008BB035
:107678001A211930F8F7A8FD1A274743374C00019B
:10768800BA1B0419B74209D1226863682A606B6083
:10769800A068E168A860E9600BB0F0BD304BD2008B
:1076A8009B181A685B6806A904920593A268E368A8
:1076B80000910498059901F06FFC226863680290B4
:1076C800039101204042C11712184B4108A90091AB
:1076D8000498059901F060FC089A099B040004913C
:1076E80002980399801859410290039103998B429B
:1076F80003D80AD102998A4207D9069A079B012022
:10770800002112184B4106920793380000F054F8F4
:107718000700300000F050F8029A039B3F1A0499C2
:107728002000009701F070FC33099B009C461E2244
:1077380073001A4063460B4C1C590323D4401C4069
:107748000023621C12184B41029803992A606B604F
:10775800069A079B009701F057FC9BE7B894001026
:1077680018930010DC97001043424A000343520864
:107778000248DB0F1343C01AC00F70470000F07FA8
:107788000B004900490830B50C00020004430220F0
:10779800002C0CD0064C01301C4208D0054D01309D
:1077A800A94204D90020A14201D15042504130BD24
:1077B8000000F07FFFFFEF7F024B5843C00C013001
:1077C8007047C0464F931200704710B583681B6816
:1077D800002B01D0984710BD58204042FBE710B558
:1077E80083685B68984710BD30B50300007B0028AC
:1077F8000ED15C68002C0BD018689A68855C8D42A5
:1078080007D101329A60944201D101221A73187B80
:1078180030BD0278511A4A4251419960F7E710B5D4
:107828000400FAF71BF901002000FAF79DFA10BDD1
:1078380010B501F026FA0A220023F8F725FE10BD3C
:1078480070B50D008021FF228900435804005200C2
:10785800934204D85A1C4250C55400238354FFF75E
:10786800E7FF82239B00E418012320606160180071
:107878000A2D02D00D3D68426841184070BD802332
:1078880070B500249B00C3580500A34215D0FE2202
:1078980001345200934210D2FFF7CAFF82239B00A3
:1078A800ED182A686B68801A9941002905DC03D114
:1078B80096235B00984200D800240120204070BD28
:1078C80080220023920010B5835003700400FFF754
:1078D800AFFF82239B00E4182060616010BD10B5E3
:1078E8000A220023C117FAF7C0F8FEF7CDFB10BD36
:1078F8008023C900411880681B02984202D3920075
:10790800505870475200505AFBE710B58024C90000
:10791800411880682402A04202D39200535010BD3F
:1079280052005352FBE710B50122FFF7E1FF400870
:1079380010BD10B58024C9004118806801232402B5
:10794800A04208D34868002A02D003434B6010BD08
:1079580098434860FBE74888002A02D003434B80DD
:10796800F5E798434880F2E710B553000122FFF786
:10797800CCFF10BD8022042310B51202904200D320
:10798800DB180833DB080131C81AF8F70FFD1F238D
:10799800181A10BDF8B50D0004008668FFF7C3FF7C
:1079A800802301001B029E4201D3012819D0300018
:1079B800FFF7E0FF8300E3181E69002E12D10121B2
:1079C8008140E26820000A43E260290002221D612A
:1079D8002B00FFF79AFF2B00032229002000FFF756
:1079E80094FFF8BD022231002000FFF781FF070055
:1079F8000300022229002000FFF787FF330003223B
:107A080029002000FFF781FF2B0003223900200006
:107A1800FFF77BFF2B0002223100DFE7F8B5802358
:107A28000824DB029A4200D2043C07230027141BD7
:107A3800CD1D0C199D439C43641BE408056021007F
:107A48002000AC60EF60FFF795FF431D9B00DE1D33
:107A58003A00F608013001DB103B1A00280000212B
:107A6800103001F067F9320028000021FFF77CFF91
:107A7800002328001A001900FFF747FFA71B28005A
:107A880001220021FFF755FF3A0031002800FFF7D7
:107A98006BFF3300310028000022FFF736FF280073
:107AA80021000022FFF760FF3B0028002100002290
:107AB800FFF72BFF280001222100FFF73AFF3100D2
:107AC8002800FFF767FFF8BDF0B585B00D001C1E54
:107AD8000290039229D000265B780193E0782378FE
:107AE80040009B00C018A378C0182018019B9E4234
:107AF80010D36279237912021A43A37903991B04DC
:107B08001343E279029812061A4323000833A84760
:107B180005B0F0BD0378471C9B0038001F51F9F7EA
:107B28009DFF013038180136E0E716204042EFE7A4
:107B380070B500240200012520001378002B01D124
:107B480018000AE0002813D08C4207D1702B04D00B
:107B58001E00403E3A2E0BD8002070BD1E00403E4D
:107B68003A2E05D8537801320134002BE8D0002092
:107B7800252B00D168400132DFE7002070470FB4A1
:107B880007B504A901C9019100F080FA03B008BC47
:107B980004B0184770B5056908242E0000230200B8
:107BA80026401800254205D1D0681368984203D9A9
:107BB800C31A30000B6070BD126A0120D31AF9E7AE
:107BC80013B501A90400FFF7E5FF002804D0019BC5
:107BD800E268013B9B180193206A019BC01A013897
:107BE80016BD10B5040050182269236AD20702D5C1
:107BF800013B184010BD9842FCD3C01AFAE710B5F3
:107C080004000A00C168FFF7ECFF08222369E0605E
:107C18009343236110BD022270B50D008B001A43F7
:107C28000368C1699B005A50040001682A00FFF7E5
:107C3800D8FFE3682060984203D1082322691343E0
:107C480023612A0061682000FFF7CBFF606070BDE8
:107C5800F0B51F00C3681600C2699B00D518D25C36
:107C6800032385B01A40040000230291022A08D099
:107C780033603B600222236913420DD10023019334
:107C880039E02968336089083B60F3D0FFF7B7FF14
:107C9800E368A3600123F2E7A369280098472B78DB
:107CA8000090DA07D10F0191002AE7D002221A408A
:107CB80003920222134221D0029B002B03D0190009
:107CC8002000FFF7A8FF61682000009AFFF789FFEE
:107CD800A368E1686060994206D12000009AFFF726
:107CE80080FF0023A0600193A36822692360E360FA
:107CF800082313432361019805B0F0BD20000099C3
:107D0800FFF77DFFE368A360029B002B04D0236884
:107D1800E26903999B009950029B009A9C46624431
:107D28003A6021682000FFF75CFF08232269206081
:107D38001343012223612B7893432B703560A9E705
:107D480070B504000D001600FFF74BFF236883424F
:107D580005D10822236925609343236170BD02235E
:107D6800B2001343E269AD00AB50616832002000F5
:107D7800FFF737FF6060F1E770B5036904005B0740
:107D880006D5456AFFF71CFF854200D205006562EB
:107D980070BD70B50D0004001C22002100F0CAFF60
:107DA8000022EB68A361AB6863612B68E3616B68D1
:107DB800626223622A69002B04D0591E0B4201D14A
:107DC80001231A432261200001220021283000F0FB
:107DD80089FE70BDF0B58BB0059300230492026A4A
:107DE80004001E000291079309938A423BD3019332
:107DF800EFF3108772B6099A0397002A05D020007E
:107E08000199FFF79DFF00230993200008A9FFF7B8
:107E1800C1FE089B029A0500009393422BD3236866
:107E2800E2699B00D618D35C032293433370216820
:107E38002000029AFFF7D5FEE3682060984215D02B
:107E48000025039B002B02D162B6BFF36F8F079901
:107E5800002906D06369002B01D020009847002331
:107E68000793002DC4D130000BB0F0BD0822236960
:107E780013432361E4E7002804D020000099FFF7AA
:107E8800CAFEDEE7049B059A134317D000F037FEBD
:107E9800002813D1002F11D162B6BFF36F8F2000D5
:107EA800049A059B2830FDF76BFE0500EFF310835D
:107EB80072B603936B425D41EDB2C2E723682000BE
:107EC8000193009909AB07AAFFF7C2FE0500B8E7BE
:107ED80070B50400836908000D0098470200EFF3AD
:107EE800108672B60123297820000B432B70616835
:107EF800FFF777FE60602000FFF73EFF002E02D1FB
:107F080062B6BFF36F8F70BDF8B50400EFF310874A
:107F180072B608212269A3680A4203D16168CA1AA5
:107F28008B4201D9226AD21AE169002A07D1002FAF
:107F380002D162B6BFF36F8F00263000F8BD9B00F8
:107F4800CE180322CB5C03211A400B42EFD0022A41
:107F580002D13568AD0805D1DA0713D43000A3691A
:107F680098470500A1682A002000FFF73AFE29007B
:107F7800A0602000FFF743FE002FC7D162B6BFF311
:107F88006F8FC3E7022213433370A3693000A568DB
:107F98009847290002002000FFF723FEA060002F69
:107FA800CBD162B6BFF36F8FC7E7F8B5040083691A
:107FB80008000D0098470600EFF3108772B60122FB
:107FC8002B7893432B7023699B0705D5E268E369F7
:107FD80092009B189D421AD102222B7893432B7052
:107FE800A368E168994204D132002000FFF7F9FD47
:107FF800A06031002000FFF702FE002F02D162B618
:10800800BFF36F8F20002830FDF788FDF8BD0322ED
:108018002E68830016401E432E60EEE710B5EFF37E
:10802800108472B6036982681B0703D441688B1AEF
:108038008A4201D9036A9B1A002C02D162B6BFF3A7
:108048006F8F5A1E9341D8B210BD70470378020053
:1080580000205B070AD4136852881B035B0D1209C2
:10806800981807231730984303308008704700207A
:10807800704710B5012100F02DFE10BD10B500F0BD
:1080880000FE0A220023F8F7FFF910BD1FB5029081
:108098000020039103000200010001900090FBF70B
:1080A8002DFE05B000BD10B50120FBF7A1FB10BDEA
:1080B80000207047436810B5DA71012243681960DF
:1080C80043685A71FBF784FB10BD70B506000C00BD
:1080D8001500081E0ED0906853681B1A99420AD8DA
:1080E80013680A001818310000F01BFE2000AB6866
:1080F8001B19AB6070BD1C204042FBE770B50E0039
:10810800040015001900002802D1FBF771FB70BDAF
:10811800002B06D013035B0D1030C018120D00F0B1
:1081280000FE200025606660FBF7F8FCEFE707B566
:108138000123019201AAFBF711FD07BD07B50092C3
:1081480001936A460223FBF709FD07BDF8B506004F
:108158000D0014001F00002C00D1F8BD21002800DC
:108168003A00B047241A2D18F5E710B54268040004
:108178000CCA81680068FFF7E9FF002263681A608B
:1081880010BD70B54B6805001A68CB680C009A42A0
:1081980002D10800FFF7E9FF6068012100F09AFDAD
:1081A800A3681D54002070BD70B504000D000A2896
:1081B80002D10D20FFF7E5FF29002000FFF7E1FFBE
:1081C800002070BDF0B58B6889B006930B880790C6
:1081D800DB0508000D780C005E0F1700FBF7DCFDCF
:1081E8000023AD0601006D0F984203DB2800FBF762
:1081F800A7FC03002100226810311203520D608889
:108208008C18551EAA4152421140002200090490C0
:108218000291079806990597039401960092FBF737
:10822800E9FD09B0F0BD10B501000068FCF72AF8B7
:1082380010BD10B5FCF782F8FCF79EF810BD10B51C
:1082480000210120FCF71EF810BD10B5FCF70AFA52
:10825800FDF7CAFBFEF77AF8FCF74AFAFDF704FCCB
:10826800002802D162B6BFF36F8F7047BFF34F8FFC
:1082780030BF62B6BFF36F8F704710B5FCF790FA46
:1082880010B50B6949699847002010BD10B5FCF777
:1082980073FA002010BD030001200A1FD2B200B5F6
:1082A80082420DD90E290AD80800F7F783FF0A0A77
:1082B8000A0A08080A0A0A0A11111D2121000020C9
:1082C80000BD1A680C234B4398580005C00FF7E708
:1082D8000A2907D19B685868292318404342584106
:1082E800C0B2EDE7DB68F6E75B685868C004EDE705
:1082F8000120E5E749B2030010B5EA20102904DCA3
:108308005868FFF7C8FF0130C0B210BD49B210B5B8
:108318001400102906DCFCF707FBF8F75BFC20606B
:10832800002010BD16204042FBE70123F0B50700EE
:10833800002587B05B42039101900293039B9D4205
:1083480024D22E006C003C190123029AE356934272
:108358000FD16B00F818FB56022204930123C35671
:108368002100059300F0DDFC049B01352370059B7B
:108378006370039B01360234B342E5D1019B1B783D
:108388005BB20293019B02330193D7E707B0F0BDBC
:10839800D0231B065B6800200B6070470A0010B5ED
:1083A80003691000D96888430100D02000064161A4
:1083B800DC681969214011408162D9681B69114044
:1083C80099434162002010BD0A0010B503691000EE
:1083D800D96888430100D02000068161DC681969EA
:1083E800214011404162D9681B691140994381625B
:1083F800002010BD03690800DA689043D0221206F5
:10840800D061DB6800200B40D362704710B5036968
:108418005868002821D088421BD108689C68586099
:10842800A14200D1986000200860824206D05A68B4
:108438000A609A685960002A00D19960002010E00B
:10844800814206D10868206098688142EBD19C601F
:10845800E9E7040000680028F2D1002AE7D11620D5
:10846800404210BD10B543685B68002B00D09847A8
:10847800002010BD70B50E0015000F21002230003D
:108488001C00FDF7ADF880239B039D420FD080238D
:10849800A101DB042340C90FED010AD58900002B97
:1084A80001D00823194301223000FDF799F8002074
:1084B80070BD002BF7D00223F4E710B5002203218A
:1084C8000D20FCF7A5F80D20FCF796F810BD30B587
:1084D8000469D02000060369E56853400B40AB43AC
:1084E8000D00C361036A53409D432B00E5681D409E
:1084F80023692B40C362036A5A400A40E168236932
:1085080011409943C162002030BD30B50368136043
:1085180005790468ED006419A34202D302204042A1
:1085280030BD5C798C4201D00833F0E70020F7E7D2
:10853800F8B5040001268D004519AC4201D1002090
:10854800F8BD2078271DC006C00E00F01CFA21884F
:1085580020788905C006C90EC00EFCF795FFA278E1
:1085680020786178D207C006D20FC909C00EFCF77F
:10857800A3FF617820788906C006090FC00EFDF7B1
:1085880013F8617820788909C0063140C00EFCF7DD
:10859800FBFFA17820784907C006C90FC00EFCF779
:1085A800E5FFA17820788907C006C90FC00EFDF73E
:1085B80039F8A1782078C906C006890FC00EFCF7E3
:1085C800C3FFA17820784906C006890FC00EFCF7C2
:1085D800A9FF61882078C905C006890FC00EFCF77D
:1085E8008FFFE17820784907C006890FC00EFCF795
:1085F80075FF3C00A1E700207047836800790228D6
:1086080009D004280BD001280CD1C9180B78DBB28B
:10861800002013607047C9180B889BB2F8E7C91887
:108628000B68F5E716204042F4E70300F0B585B083
:108638005F6801923E790800F100F7F701FE03AA8E
:1086480004000D0081B23800FFF7D7FF002817D1CA
:1086580001220399EDB2AA400B00944693437D7919
:10866800019A954201D063460B43BA68022E09D09D
:10867800042E0CD0012E0ED1A4B2DBB2A4182370A4
:1086880005B0F0BDA4B29BB2A4182380F8E7A4B249
:10869800A4182360F4E716204042F1E710B5012240
:1086A800FFF7C3FF10BD10B50022FFF7BEFF10BDD6
:1086B80070B504000D00FFF7F1FF002803D1290071
:1086C8002000FFF7F0FF70BD030073B55E68080077
:1086D80031791400C900F7F7B3FD01AA0D0081B282
:1086E8003000FFF78AFF002809D1019BEDB2EB406B
:1086F80001229A43737959424B415340237076BD06
:1087080002694368127A1B68002A05D11A6BD207DE
:108718000DD51A6B92050AD59A69D20607D41B683B
:108728000B7043681B6858680F2318407047012076
:108738004042FBE7202243681B6898691042FCD13D
:108748001960704743681B6858685A680007C00F6B
:10875800520701D50822104302225968114200D05D
:1087680010435B68DB0701D504231843704710B535
:10877800036911CB11C1002010BD030070B50020A2
:1087880020265C682468A569354202D1151A002D97
:1087980000DC70BD0D5C01302560F2E7030070B5A8
:1087A80000201025141A002C04DD5C682468A669D2
:1087B8002E4200D070BD24680C540130F2E7F8B5A1
:1087C8002026436805691A680400936B3343936352
:1087D8002B7C002B04D000232B746B69002B0CD14D
:1087E800F8BDEFF3108772B620006B69A969984746
:1087F800002F02D162B6BFF36F8F63681B689B6B53
:108808003342EED1ECE70122202103691A74436850
:108818001A68936B8B4393637047436801201B6806
:108828009B69DB089843704702694368127A1B68A2
:10883800002A06D1196B01320800FF32104011429C
:108848000BD02022996B0020114206D0D96B013041
:10885800114202D19B69DB091840704743681A68C6
:108868005023916B0B4393637047502143681A68F8
:10887800936B8B439363704702694368127A1B6852
:10888800002A06D1196B802208009200104011427C
:1088980007D09A6B0020D20603D59B6901301B09CB
:1088A8009843704743681A68F023916BDB000B43C9
:1088B8009363704710B50400FFF7DEFF0300012043
:1088C800002B04D12000FFF7AFFF431E984110BDD5
:1088D80001207047036959619A61704710B50369AF
:1088E8005A69002A0AD0EFF3108472B65A69996956
:1088F8009047002C02D162B6BFF36F8F10BD0020E5
:1089080070470020704710B5002203211420FBF7A0
:108918007FFE1420FBF770FE10BD10B50022032166
:108928001520FBF775FE1520FBF766FE10BD00202D
:1089380070470020704710B50122FCF74BFA10BDB4
:10894800F0B585B016000A9A02900391934201D2BD
:10895800FFF793FC1F0E1C020A9A0023200039001F
:10896800F7F792FD00230500020039002000F7F711
:108978008BFD32000300039902980095FCF7A4FCD4
:10898800012005B0F0BD0123D022834010B51206A6
:10899800936205219361FCF777FD10BD0369C268F6
:1089A800934201D881685B18013B981A7047F7B564
:1089B8000500C468836840681F1B00190E000193F6
:1089C800A418974207D83A0000F0ABF9019B6868F1
:1089D800E41A2200F11900F0A4F9EC60F7BD0023B5
:1089E800F7B506001700C568019100933369B468AC
:1089F8009D421FD2013B5B1B641BBC4200D93C005B
:108A08009C4200D91C00706822004019019900F0AE
:108A180088F9009B2D191B190093019B3F1B1B19FB
:108A28000193B368AB4200D10025F560002FDDD17A
:108A38000098FEBD1B19DDE710B5FCF7C9FE002044
:108A480010BDEFF3108072B67047002802D162B6ED
:108A5800BFF36F8F704770B5041E09D0FCF722FC76
:108A68007D2305005C43FCF71DFC401BA042FAD3A4
:108A780070BD7047002809D00123C26800205178D2
:108A8800194202D010784242504118407047EFF323
:108A9800108372B6FEE710B543690400002B06D1B7
:108AA80000200123E26851780B43537010BD9847AA
:108AB8000028F5D0C317C0185840FF2800DDFF2054
:108AC800E3681870EDE710B500F034F910BD10B583
:108AD80000F027F910BD10B5EFF3108372B6FFF759
:108AE800C5FBF9E7002A07D08A4205D38160C26036
:108AF800006040600020704716204042FBE7EFF31B
:108B08000580431E9841C0B27047582040427047C4
:108B1800002070470368426813605A6000230360AE
:108B28004360704710B50400FFF7F4FF0222637B2F
:108B3800934363730023A36010BD70B504000D0058
:108B4800FDF710F90223627B13436373002D1CD0D9
:108B5800A5602B689D4209D16B68256063601C6025
:108B68006C6012E06A689A42F6D01B68002BF3D05A
:108B78000E220E21A25659568A42F3D09142F1DDB7
:108B88005A682360626014605C6070BD10B5EFF3D2
:108B9800108472B6FDF7A0F8002C02D162B6BFF3BC
:108BA8006F8F10BD10B5EFF3108472B68368002B79
:108BB80001D0FFF7B7FF002C02D162B6BFF36F8F69
:108BC80010BD70B50400EFF3108572B62823427B00
:108BD8001A420BD18368002B01D0FFF7A3FF0422B0
:108BE800637B200093436373FDF776F8002D02D171
:108BF80062B6BFF36F8F70BD10B501211838FFF74B
:108C0800E0FF10BD70B5EFF3108572B60468A0429E
:108C18000BD0002C02D02000FFF784FF002D02D1DA
:108C280062B6BFF36F8F200070BD0024F6E770B501
:108C38000400EFF3108572B60368002B1AD0FDF715
:108C48009FFB06002000FDF7CBFB802300221B06BC
:108C580022616361A64206D1FDF7B6FBFDF798FBDA
:108C68000021FCF777FA0020002D02D162B6BFF38D
:108C78006F8F70BD16204042F6E710B5FDF7C6FCB1
:108C880010BD10B5FDF7C2FC10BD42620200002302
:108C98001832016203638261C26103604360436307
:108CA800704710B50400FFF7C2FF002811D1636AAE
:108CB800002B01D02000984720001830FFF7A2FFB2
:108CC800002806D0FFF762FFEFF3108072B6FDF7B9
:108CD800FFF810BD0300EFF3108272B60068411868
:108CE8001960002A02D162B6BFF36F8F7047030084
:108CF800EFF3108272B60068411A1960002A02D197
:108D080062B6BFF36F8F70470300EFF3108272B63D
:108D180000681960002A02D162B6BFF36F8F7047EE
:108D28007047002310B59A4200D110BDCC5CC454E2
:108D38000133F8E703008218934200D17047197095
:108D48000133F9E7C9B20378002B04D08B4200D174
:108D580070470130F7E74B42594149420840F7E76D
:108D680070B504000500002A06D00B78013A0130DE
:108D78002B700131002BF5D10021FFF7DBFF20001C
:108D880070BD030041188B4202D01A78002A01D125
:108D9800181A70470133F6E70A7830B5002A0CD163
:108DA80030BD9A4208D10123CC5C002CF8D0C55CB8
:108DB800A54201D10133F7E701300378002BF0D148
:108DC8001800EDE7F0B5041E02D11468002C09D094
:108DD80020000E00057801343778002F04D1002DCB
:108DE8000DD11560002006E00136BD42F4D1002BFC
:108DF800EED114600370F0BD0133002D02D10B00D9
:108E0800267801341D78AE42F6D100231D009E421B
:108E180002D02300611E0D701360ECE710B501232A
:108E2800FFF7D0FF10BDF0B50D003721C91A8FB07C
:108E3800C9B20D911F2104000B400C930C99E3B2A9
:108E4800082955D0102900D164E0E90760080843D3
:108E5800690806900791A008A9070843A90808907F
:108E68000991089E099F06980799801979410E076C
:108E7800B446060900966646009F37430E090097D8
:108E88000196009E019F801979410E06B4466746F7
:108E9800060A3E4302960E0A0396029E039F801915
:108EA80079410E04B4466746060C3E4304960E0C00
:108EB8000596049E059F8019794100260A910B9614
:108EC8000A9E0B9F801979414E07CD080521C408D9
:108ED8003443614349005B1ADBB2092B12D90120E4
:108EE80000210A3B24184D41DBB21DE00200A5E732
:108EF80007210B4069078C466646E008E9080643E7
:108F080034000D00303313702300501C2B43EDD177
:108F18000FB0F0BD0F210B4029078C46664620098B
:108F28002909064334000D00092BEBD90D99CB18FC
:108F3800DBB2E7E7F0B50C0089B004A916001F0002
:108F4800D368926800912100050000F025F8326886
:108F58007368039106A9029000912800210000F08F
:108F68001BF8069A079B02980399801859418B426F
:108F780002D809D1824207D9049A059B0124002509
:108F880012196B4104920593049A059B403F009780
:108F980000F03AF809B0F0BDF0B5002487B00D0034
:108FA80004932100230000920290F8F75EFD009AD6
:108FB800230005900E0028002100F8F756FD270031
:108FC80036184F41029A2300210004980096019711
:108FD800F8F74BFD2300009A270080185941049A9E
:108FE8000290039128002100F8F73FFD019E23001D
:108FF80080197941039A801859410C9B186059606F
:109008000598029907B0F0BDF8B507001000402296
:109018000E001900069BD21AF7F77EF9069A05008A
:109028000C0038003100F7F76BF928432143F8BDED
:109038000B694A69934202D05A1C0A61187070473A
:0C9048000148006870470000F81E00207E
:089054009A8AFF7F0100000071
:10905C0000000000AC900010418A001000000000DD
:10906C0000000000CC900010FD4B00100000000030
:10907C00000000000C91001000000000EC900010AB
:10908C00C550001000000000B136001000000000B8
:10909C00C147001000000000000000002C910010DF
:1090AC00B0A700102096001050920010A0110020C4
:1090BC0004110020354A00100000000000000000E0
:1090CC00D6A700102097001040920010A411002089
:1090DC0000000000FF8500100000000000000000F0
:1090EC00F0A70010281100206C920010A61100208F
:1090FC000C110020494F001000000000000000007F
:10910C00FEA700106C1100206C920010A81100201A
:10911C0050110020494F001000000000000000001A
:10912C00CAA70010189700101C920010A211002062
:10913C000C1F00206D8400100000000000000000D7
:10914C000000000047820010000000004782001061
:10915C000000000047820010000000004782001051
:10916C000000000047820010000000004782001041
:10917C000000000047820010000000004782001031
:10918C000000000047820010000000004782001021
:10919C000000000047820010000000004782001011
:1091AC0000000000478200102C910010914C001020
:1091BC0000000000478200100000000047820010F1
:1091CC0000000000478200100000000047820010E1
:1091DC0000000000478200100000000047820010D1
:1091EC000C910010E5880010EC900010E588001040
:1091FC0000000000478200100000000047820010B1
:10920C0000000000478200100000000047820010A0
:10921C000D4D001099830010D7840010A583001009
:10922C00D1830010FD8300107D8400101584001084
:04923C00614C001071
:10924000D1860010A5860010AF860010B9860010E8
:10925000E5470010254800100000000015830010AD
:0C926000FD820010000000000000000073
:10926C00098700103D8700104D8700103F890010C2
:10927C007787001083870010A5870010C787001020
:10928C000F8800103188001065880010738800105A
:10929C002388001081880010AD880010C94D001083
:0C92AC00BD880010D9880010DD8800107B
:1092B800F1A40010030000000EA500100300000038
:1092C80012A5001003000000FBA800100300000016
:0892D80002A5001003000000D4
:1092E000F4950010E01E002029A6001001000000E7
:1092F000000A010A020A030A040C050A0605070B04
:10930000080B090B0A0C0B0C0CFF0DFF0E0D0FFFC9
:1093100010FF00000000000001000000000000003D
:10932000050000000000000019000000000000001F
:109330007D0000000000000071020000000000003D
:10934000350C000000000000093D00000000000096
:109350002D31010000000000E1F5050000000000D3
:1093600065CD1D0000000000F9029500000000001E
:10937000DD0EE90200000000514A8D0E00000000E1
:109380009573C24800000000E941CC6B0100000069
:109390008D49FD1A07000000C16FF286230000000E
:1093A000C52EBCA2B1000000D9E9AC2D78030000A5
:1093B0003D9160E45811000031D6E275BC560000C2
:1093C000F52E6E4DAEB10100C9EA2683677808001C
:1093D000ED95C28F055A2A00A1EDCCCE1BC2D30059
:1093E00025A4000A8BCA220400000000000000002F
:1093F000000000000000001000000000000000005D
:10940000B9340332B7F4AD1410DB1AB30892540E1A
:109410000D307D951447BA1A66088F4D26ADC66D7E
:10942000F598BF85E2B74511CA96853D92BD1DEB03
:10943000FCA11860DCEF52163C92AE220BB8C1B40E
:10944000839D2D5B0562DA1C304C7E8F4E8BB25BA8
:1094500016F4529F8B56A512FBD4827643ED8AF008
:109460008FE7F9311565191850F19BD94A13EEB4FD
:10947000284CF0A686C1251F035FC270CB9E4916FB
:10948000E642889C44EB2014B0650836AD6EA58595
:1094900085F0CA14E2FD031A0B899979D5B13D090B
:1094A000D8DA973A35EBCF10AC363F5E73BB38CF86
:1094B0003E6752FA44AFBA150100000000000000F8
:1094C0000000000000000020345065C05FC9A652B3
:1094D000BB13CBAEC440C21806C8DF7100D5A87C50
:1094E000F56F0FDA58FC27136E4756357D2420653B
:1094F00002C7E768E48CA41DE9E60268D7CD3961AC
:109500007977FCC2405BEF16798CDE43FFA751F9F7
:1095100091F3B278F5BDBE11E857E9D6E8BEE87B15
:10952000B054AC8F848D751BEA23A499E9F9D38BD1
:10953000B7A3714061DA3E15CEE33ECB73F948081C
:109540008C97B427D51B7010A2BFEFB9EB853215ED
:109550004DB44DB49BBB6F1996B6076CF8E7EEADF2
:1095600036D9B4F59135AE13222218AF4E6A684D44
:1095700091DAAA3D4F40741E9FBD9EE006A1C0989F
:1095800057C2A7FDA40E90170E7D497173E3208F7B
:10959000B220D87605143B12853D7434811343B054
:1095A000AD297A5F27F4351CB818002000010000AF
:1095B000AF8000105580001002000000CD81001027
:1095C000000000000000000000000000000000009B
:1095D00009A6001011A60010000000000000000005
:1095E0000000000019A600101DA6001021A6001002
:1095F00025A600107D4100106D4100109D41001016
:109600005541001000000000614100100000000002
:1096100005420010E81E0020891F002010000000F5
:1096200000800040004002400080024000C0024034
:109630000000064010970010010000007D000000AF
:1096400006000000020000000100000064000000AD
:109650000500000005000000000000000000000000
:1096600040597307405973070000000000000000D4
:1096700040597307405973070000000000000000C4
:1096800040597307405973070000000000000000B4
:1096900040597307405973070200000000000000A2
:1096A000001BB700001BB700010000000000000015
:1096B0004059730740597307000000000000000084
:1096C0004059730740597307000000000000000074
:1096D000006CDC02006CDC020000000000000000F6
:1096E000006CDC02006CDC020000000000000000E6
:1096F0001BB70000006CDC020C000000A00A000098
:109700001000000000000000000000000000000049
:109710001897001000000000FFFFFF3FC3840010F7
:1097200000C000400400000000C00040349700105A
:10973000010000003C9700100200000044040000FB
:10974000450402004C9700100100000054970010DF
:10975000020000004004000041040200ACA8001018
:10976000BAA80010CEA80010DDA80010E9A80010CB
:109770005C9000105C9000108C9000109490001091
:10978000AC900010AC900010000000000000000041
:1097900000000000000000000000004095596959D9
:1097A00055555455155555560405154110545540F9
:1097B00045515544404550445055554500400040A2
:1097C0004004449665555655454045545141154011
:1097D0005591555555554051050100005445545477
:1097E0004555050400100410140440000000014019
:1097F000555515415404000044000100000000408C
:10980000410000445044455054005555545565514D
:1098100000400040010000010005010011545151B9
:109820005455550500154150000004401001040531
:10983000000000005B5254545D20554152543020CA
:10984000706F6C6C2073746174733A2063616C6C1C
:109850005F636F756E743D25642C20746F74616C4A
:109860005F62797465733D25640A005B5254545DF0
:1098700020554152543020676F742025642062794E
:109880007465732028746F74616C20736F20666137
:10989000723A202564290A005B5254545D205541D8
:1098A00052543120706F6C6C2073746174733A2061
:1098B00063616C6C5F636F756E743D25642C2074FE
:1098C0006F74616C5F62797465733D25640A00246E
:1098D00073746F703B005B5254545D202D3E5531C4
:1098E0002053544F503A2025735C6E0A00244D4992
:1098F00052524F52005B5254545D20244D495252F3
:109900004F5220726571756573746564206F6E20A7
:1099100055312028656E746572696E6720706173B9
:10992000737468726F756768290A004C504D5F4404
:109930004154412C005B5254545D204C504D5F44C7
:109940004154413A20636F756E743D25752C206437
:10995000657074683D25642E253032642C206D615D
:10996000785F64657074683D25642E253032640A22
:10997000005B5254545D204C504D5F444154413A79
:1099800020636F756E743D25752C20646570746856
:109990003D25642E2530326420286D617820756E57
:1099A0006368616E676564290A0024737461727468
:1099B00061636B3B005B5254545D2053656E736F63
:1099C0007220737461727461636B20726563656980
:1099D0007665640A0024737461727461636B3B0D75
:1099E0000A002473746F7061636B3B005B525454C4
:1099F0005D2053656E736F722073746F7061636B5B
:109A00002072656365697665640A002473746F70FB
:109A100061636B3B0D0A005B5254545D20504F57FD
:109A2000455255503A2048575F434F4E4620646593
:109A30007465637465642066726F6D2073656E7300
:109A40006F720A0048575F434F4E46005B525454B2
:109A50005D20504F57455255503A2048575F434F6D
:109A60004E46206C696E6520726563656976656433
:109A70003A2025730A0053572C25753A2564005364
:109A8000572C25753A2575005B5254545D202D3EA8
:109A900055302053573A202425732A253032585CFC
:109AA000725C6E0A002453442C005B5254545D20B7
:109AB0005344206669656C642034202865706F63A8
:109AC00068293A2025642E253033640A005B5254FD
:109AD000545D205344206669656C642035202864F9
:109AE00065707468293A2025642E253031640A0097
:109AF0005B5254545D205344206669656C64203683
:109B000020286D6F6465293A2025640A005B525451
:109B1000545D20504F57455255503A204849206FC8
:109B200072205344206465746563746564206672B2
:109B30006F6D20676C696465720A005B5254545DF6
:109B400020504F57455255503A2053442065706F6E
:109B500063682063617074757265643A2025642EB1
:109B6000253033640A005B5254545D20504F5745F2
:109B70005255503A205344206465707468206361E4
:109B80007074757265643A2025642E253031640A3C
:109B9000005B5254545D20504F57455255503A2067
:109BA0005344206D6F6465206361707475726564E1
:109BB0003A2025640A002451554954005B525454FC
:109BC0005D2024515549542072656365697665644A
:109BD0002C207472616E736974696F6E696E672090
:109BE000746F2049444C450A002473746172743ABE
:109BF0004143515F435343535F303032482C25304B
:109C0000346425303264253032642C2530326425AA
:109C1000303264253032643B005B5254545D202D59
:109C20003E5531205354415254202877697468209E
:109C300074696D65293A2025735C6E0A002473747B
:109C40006172743A4143515F435343535F30303242
:109C5000483B005B5254545D202D3E5531205354F7
:109C600041525420286E6F2074696D65293A202571
:109C7000735C6E0A005B5254545D206F6E5F7530EA
:109C80005F72756E2063616C6C65642028636F750C
:109C90006E7465723D2564290A002453442C353ABC
:109CA000005B5254545D2053442C35207072657310
:109CB000656E7420696E206275666665723A20254D
:109CC000730A005B5254545D20244D4952524F5246
:109CD000207265717565737465642028656E74659E
:109CE00072696E6720706173737468726F756768EC
:109CF000290A00244259005B5254545D20244259E1
:109D00002072656365697665642C20656E64696E92
:109D10006720646976652E2053746F7070696E6772
:109D20002073656E736F722E2E2E0A005B52545490
:109D30005D2053656E742053572C323A25752028C8
:109D40004C504D20636F756E74290A005B52545459
:109D50005D2053656E742053572C333A25752028A7
:109D60006D617820646570746820783130303A20F5
:109D700025642E25303264290A005B5254545D203C
:109D800053656E736F722073746F7020636F6D6DA7
:109D9000616E64732073656E7420287832290A001E
:109DA000244849005B5254545D2044495645205391
:109DB000544152543A204849206F72205344206D38
:109DC0006573736167652072656365697665640AAA
:109DD000005B5254545D2053656E736F7220737430
:109DE000617274656420776974682074696D652C8C
:109DF0002053572C313A312073656E740A005B5240
:109E000054545D2053656E736F7220737461727465
:109E1000656420776974686F75742074696D652C4A
:109E20002053572C313A2D312073656E740A005B34
:109E30005254545D205344206D65737361676520EF
:109E4000696E20444956452073746174653A202533
:109E5000730A005B5254545D204D6F646520636843
:109E6000616E67652064657465637465643A202576
:109E700064202D3E2025640A005B5254545D20531B
:109E8000656E742053572C313A3120696D6D6564CD
:109E9000696174656C7920746F2061636B6E6F7794
:109EA0006C65646765206E6577206D6F64650A0078
:109EB0005B5254545D2053656E742053572C323AD4
:109EC000257520284C504D20636F756E7420617489
:109ED000206D6F6465206368616E6765290A005BA9
:109EE0005254545D2053656E742053572C333A25D9
:109EF0007520286D61782064657074682078313031
:109F000030206174206D6F6465206368616E6765E1
:109F10003A2025642E25303264290A005B525454BD
:109F20005D2053656E736F722073746F7020636F62
:109F30006D6D616E64732073656E7420286D6F643F
:109F400065206368616E67652C207832290A005BA2
:109F50005254545D205363686564756C6564207366
:109F6000656E736F722072657374617274206174B0
:109F700020743D256C6C6420286E6F773D256C6CD9
:109F8000642C20776169743D2564206D73290A0073
:109F9000594553004E4F006E6F74207365656E0017
:109FA0005B5254545D203D3D3D3D3D204D41494E69
:109FB000205354415254203D3D3D3D3D0A005B52EB
:109FC00054545D20426F61726420696E69746961E6
:109FD0006C697A65642C20656E746572696E6720A1
:109FE000504F57455255502073746174650A005B99
:109FF0005254545D2055415254302028676C696496
:10A000006572292072656164793A2025730A005BC4
:10A010005254545D205541525431202873656E735B
:10A020006F72292072656164793A2025730A005B9A
:10A030005254545D204552524F523A205541525489
:10A0400073206E6F74207265616479210A00245355
:10A0500044005B5254545D2053797374656D2069DC
:10A060006E697469616C697A65642E2053746172DB
:10A0700074696E6720504F57455255502070686183
:10A0800073652E2E2E0A005B5254545D20504F579C
:10A090004552555020706861736520636F6D706C18
:10A0A00065746520616674657220256C6C64206D32
:10A0B000730A005B5254545D205374617475733A93
:10A0C00020676C696465723D25732073656E736FDC
:10A0D000723D2573207374617475735F6279746562
:10A0E0003D25750A005B5254545D2053656E742003
:10A0F00053572C303A257520746F20676C6964655E
:10A10000720A005B5254545D205472616E7369741C
:10A11000696F6E696E6720746F2049444C452073E7
:10A12000746174650A005B5254545D20456E746519
:10A1300072696E6720504153535448524F554748F7
:10A140002073746174650A005B5254545D2055415C
:10A1500052547320647261696E6564202855303DE5
:10A1600025642055313D2564206279746573290A80
:10A17000005B5254545D2055302D3E55313A202518
:10A18000752062797465730A005B5254545D2055E2
:10A19000312D3E55303A2025752062797465732043
:10A1A000286576656E7420232575290A005B525454
:10A1B000545D2053746174733A2055302D3E5531EF
:10A1C0003D25752C2055312D3E55303D25752C20D3
:10A1D0006C6173745F55315F52583D256C6C64201F
:10A1E0006D732061676F0A005B5254545D2045789F
:10A1F0006974696E6720504153535448524F554714
:10A20000482073746174652C207265736574746979
:10A210006E6720746F2049444C450A005B525454C9
:10A220005D2044495645206C6F6F702069746572DB
:10A230006174696F6E2028636F756E7465723D2559
:10A24000642C20726573746172745F70656E6469EA
:10A250006E673D25642C20616363302E6C656E3D16
:10A26000257A752C20616363312E6C656E3D257AED
:10A2700075290A005B5254545D20526573746172F3
:10A28000742074696D656F757420726561636865AB
:10A2900064202877616974656420256C6C64206D86
:10A2A0007320746F74616C290A005B5254545D20F2
:10A2B00052657374617274696E672073656E736F33
:10A2C00072206166746572206D6F646520636861D9
:10A2D0006E67652E2E2E0A005B5254545D20536526
:10A2E0006E736F7220726573746172746564207727
:10A2F0006974682074696D650A005B5254545D206E
:10A3000053656E736F7220726573746172746564E5
:10A3100020776974686F75742074696D650A005BD5
:10A320005254545D20554152547320647261696ED9
:10A3300065642061667465722072657374617274FD
:10A34000202855303D25642055313D256420627913
:10A35000746573290A005B5254545D20526573740E
:10A3600061727420636F6D706C6574653A207065FE
:10A370006E64696E673D25642C20666C616773208E
:10A38000636C65617265642C206C696E6520627512
:10A3900066666572732072657365742C206C6173D8
:10A3A000745F6D6F64652072657365740A005B523B
:10A3B00054545D2053656E742053572C303A2575E4
:10A3C00020616674657220726573746172742028EE
:10A3D000676C696465725F7365656E3D25642073A3
:10A3E000656E736F725F7365656E3D2564290A0043
:10A3F0005B5254545D2040404020524553544152DA
:10A400005420434F4D504C455445202D2052455328
:10A41000554D494E47204441544120504F4C4C49E2
:10A420004E47204040400A000A004261636B20749E
:10A430006F2069646C650D0A0050415353544852B3
:10A440004F5547485F4143544956450D0A0028750A
:10A450006E7369676E6564292063686172202A20C3
:10A460007573656420666F722025257020617267A0
:10A47000756D656E742E2049742773207265636F45
:10A480006D6D656E64656420746F20636173742004
:10A49000697420746F20766F6964202A2062656376
:10A4A00061757365206974206D61792063617573CE
:10A4B00065206D69736265686176696F7220696E87
:10A4C000206365727461696E20636F6E666967757B
:10A4D000726174696F6E732E20537472696E673A7D
:10A4E0002225732220617267756D656E743A25644A
:10A4F0000063627072696E74665F7061636B61673E
:10A500006500736F63006C6F6767696E67006C6FDF
:10A5100067006C6F675F6D676D74004D6573736185
:10A520006765202822257322292064726F70706568
:10A530006420626563617573652069742065786362
:10A54000656564732073697A65206C696D697461EF
:10A5500074696F6E2028257529004D6573736167D6
:10A56000652064726F7070656420626563617573E5
:10A570006520697420657863656564732073697A02
:10A5800065206C696D69746174696F6E202825752A
:10A5900029001B5B306D00257320005B2530386C73
:10A5A000755D20005B253032753A253032753A25CD
:10A5B0003032752E253033752C253033755D2000F3
:10A5C00025730025732F003C25733E200025733A28
:10A5D0002000253032782000202020007C002563D8
:10A5E00000206D657373616765732064726F7070AE
:10A5F0006564202D2D2D0D0A1B5B306D001B5B311A
:10A600003B33316D2D2D2D20001B5B313B33316DE4
:10A61000001B5B313B33336D006572720077726EE5
:10A6200000696E6600646267006C6F675F626163F9
:10A630006B656E645F7274740072302F61313A2002
:10A6400020307825303878202072312F61323A203E
:10A6500020307825303878202072322F61333A202C
:10A66000203078253038780072332F61343A20203A
:10A67000307825303878207231322F69703A2020B6
:10A68000307825303878207231342F6C723A20209F
:10A690003078253038780020787073723A20203076
:10A6A0007825303878004661756C74696E6720696A
:10A6B0006E737472756374696F6E20616464726521
:10A6C000737320287231352F7063293A2030782532
:10A6D00030387800556E68616E646C65642049524C
:10A6E000516E3A2025640052657365727665642068
:10A6F000457863657074696F6E20280053707572B9
:10A70000696F757320696E74657272757074202834
:10A710004952512000535053454C20696E207468B3
:10A7200072656164206D6F646520646F6573206E6F
:10A730006F7420696E6469636174652050535000C2
:10A740002A2A2A2A2A2048415244204641554C545C
:10A75000202A2A2A2A2A00415243485F4558434565
:10A760005054207769746820726561736F6E20257C
:10A77000780A002A2A2A2A2A2025732025642920DB
:10A780002A2A2A2A2A0061626F727428290A000B79
:10A790000A0E0C0F10050A0B0E0C0F100A0B0D0CF5
:10A7A0000F100B0F100A0F100B0E0C0507080904F1
:10A7B000636C6F636B2D636F6E74726F6C6C65721C
:10A7C000403430303038303030006770696F2D7071
:10A7D0006F727440300072657365742D636F6E74B0
:10A7E000726F6C6C657240343030306330303000E2
:10A7F00075617274403430303338303030007561F8
:10A800007274403430303334303030005465726DFF
:10A81000696E616C00000000000000545452205228
:10A8200045474745530048616C74696E67207379EA
:10A830007374656D00556E6B6E6F776E2065727206
:10A840006F7200756E6B6E6F776E003E3E3E205AE3
:10A85000455048595220464154414C204552524F90
:10A86000522025643A202573206F6E2043505520D6
:10A870002564004661756C7420647572696E67208A
:10A88000696E746572727570742068616E646C694B
:10A890006E670A0043757272656E74207468726523
:10A8A00061643A20257020282573290043505520E3
:10A8B000657863657074696F6E00556E68616E646B
:10A8C0006C656420696E746572727570740053747F
:10A8D00061636B206F766572666C6F77004B657293
:10A8E0006E656C206F6F7073004B65726E656C20C7
:10A8F00070616E6963006D61696E006F7300616EF7
:10A90000006E66696E69747900286E756C6C29003A
:08A910002A666C6F61742A00D5
:10A91800FFFFFFFF837B001077800010000000001E
:10A92800958200100000000000000000A02E6300C7
:10A93800A02E630000960000000103000000000044
:10A9480000000000000000000000000000000000FF
:10A95800008003402C970010000000000000000059
:10A96800AC900010060000002389001000000000D1
:10A97800378900103B890010009600000001030091
:10A9880000000000000000000000000000000000BF
:10A998000000000000400340449700100000000041
:10A9A80000000000AC900010060000000F890010A5
:10A9B800000000000B89001007890010C800000083
:08A9C8009811002098110020F5
:0CA9D0000000000000000000000000007B
:10A9DC00000000000000000000000000000000006B
:10A9EC00000000000000000000000000000000005B
:10A9FC00000000000000000000000000000000004B
:08AA0C00000000000000000042
:04AA1400000000003E
:10AA1800E8110020E81100200000000001000000FB
:04AA280015E015E040
:04000005100044FDA6
:00000001FF
