:020000041000EA
:1000000000B5324B212058609868022188439860DF
:10001000D860186158612E4B002199600421596104
:100020000121F02299502B49196001219960352056
:1000300000F044F80222904214D00621196600F024
:1000400034F8196E01211966002018661A6600F04E
:100050002CF8196E196E196E052000F02FF8012189
:100060000842F9D1002199601B49196000215960AB
:100070001A491B48016001219960EB211966A021F2
:10008000196600F012F800219960164914480160C1
:100090000121996001BC002800D000471248134993
:1000A000086003C880F30888084703B5996A0420EC
:1000B0000142FBD001200142F8D103BD02B5186610
:1000C0001866FFF7F2FF186E186E02BD00000240BE
:1000D000000000180000070000035F00212200005C
:1000E000F4000018222000A00001001008ED00E03C
:1000F000000000000000000000000000070B8FD58A
:10010000582D0020DD430010C9800010C9430010A5
:1001100000000000000000000000000000000000DF
:10012000000000000000000000000000B9440010C2
:10013000000000000000000049440010E54F0010DE
:100140000946001009460010094600100946001033
:100150000946001009460010094600100946001023
:100160000946001009460010094600100946001013
:100170000946001009460010094600100946001003
:1001800009460010094600100946001009460010F3
:1001900009460010094600100946001009460010E3
:0801A000094600100946001099
:1001A80002B4714649084900095649008E4402BC08
:1001B8007047C04602B4714649084900095C4900C5
:1001C8008E4402BC7047C046002934D00123002267
:1001D80010B488422CD301242407A14204D28142BE
:1001E80002D209011B01F8E7E400A14204D28142CE
:1001F80002D249005B00F8E7884201D3401A1A434B
:100208004C08A04202D3001B5C0822438C08A04281
:1002180002D3001B9C082243CC08A04202D3001B37
:10022800DC082243002803D01B0901D00909E3E7B1
:10023800100010BC704701B5002000F00BF802BD9B
:100248000029F8D003B5FFF7C1FF0EBC4243891A55
:100258001847C0467047C046D0400B00D1409C4666
:10026800203AD3401843524263469340184370479C
:100278009140030090409C46203A934019435242D3
:100288006346D340194370478446100062468C4643
:100298001900634600E0C0461FB501F049F8002880
:1002A80001D40021C8421FBD10B500F089FF4042AB
:1002B800013010BD10B501F03BF8002801DB00202B
:1002C80010BD012010BDC04610B501F031F800285E
:1002D80001DD002010BD012010BDC04610B500F0A2
:1002E800B1FF002801DC002010BD012010BDC04670
:1002F80010B500F0A7FF002801DA002010BD01208A
:1003080010BDC0461C2101231B04984201D3000CD8
:1003180010391B0A984201D3000A08391B09984270
:1003280001D30009043902A2105C40187047C04686
:1003380004030202010101010000000000000000A6
:1003480010B5002903D1FFF7DDFF203002E00800D7
:10035800FFF7D8FF10BDC046414208401C210123C9
:100368001B04984201D3000C10391B0A984201D390
:10037800000A08391B09984201D30009043902A26E
:10038800105C401A7047C0461B1C1D1D1E1E1E1EF9
:100398001F1F1F1F1F1F1F1F002B15D1002A13D13E
:1003A800002906DB01DC002806D00020C0434108F4
:1003B80002E080210906002007B4024801A1401884
:1003C800029003BD91FEFFFF03B4684601B5029891
:1003D80001F06AFE019B9E4602B00CBC7047C04605
:1003E800002B11D1002A0FD1002900D1002802D0FA
:1003F8000021C943080007B4024802A1401802902E
:1004080003BDC04651FEFFFF03B4684601B502981C
:1004180001F0DBFD019B9E4602B00CBC7047C04654
:1004280070B500220B4B04000D00FFF761FF002898
:100438000BD0084B00222000290001F01BFA01F024
:100448002DFD80231B06C01870BD2000290001F077
:1004580025FDF9E70000E041D0B500220B4B06006E
:100468000F0000F0DDFFFFF7DBFF040001F048FD9F
:100478000022074B00F0D4FF02000B0030003900C7
:1004880001F0F8F9FFF7CCFF2100D0BD0000F03DE6
:100498000000F0414A02F8B543024400C50F500A73
:1004A80084464800240E000E5F0AC90F9B09920972
:1004B800261A8D4200D09EE0002E42DD8021C9041C
:1004C80000281ED1002A0AD0661E012C05D19B18CF
:1004D80001340B4246D1013C01E0FF2C14D15A07EC
:1004E80004D00F221A40042A00D004335A0100D441
:1004F8002EE101340026FF2C19D09D4EDB081E404A
:1005080015E0FF2CEBD00A431B2E01DD0133E6E793
:100518002020801B11008240F140501E82410A4376
:100528009B185A01DBD501340026FF2C1AD1FF2372
:10053800E005DB057602760A18403043ED072843CC
:10054800F8BD002E2ED08026011BF604002C14D1F5
:10055800002B00D1F3E04C1E01290AD19B1802247C
:100568003342B8D0012283491A405B080B40134339
:10057800B5E7FF2906D11300AEE0FF2800D1E0E07F
:100588000C0033431B2C02DD531C0400A7E71900A1
:100598002026E140341BA3405C1EA3410B4304000A
:1005A8009B18BEE7FE20611C01421ED1002C0DD114
:1005B800002B00D1C7E0002A00D190E79B185A0110
:1005C80000D48CE76C4A13400C0088E7002BD2D08B
:1005D800FF24002A00D182E78023DB039F4202D355
:1005E8009C4500D26746FB0076E00C00FF299ED0B0
:1005F8009B185B0873E7002E25DD00281CD1002A14
:1006080000D16CE7661E012C06D19B1A5A0100D452
:1006180065E79B019E0975E0FF2C00D15FE701218A
:100628001B2E07DC2020801B11008240F140501E49
:10063800824111435B1AE9E7FF2C00D14FE7802183
:10064800C9040A43EBE7002E25D0051B002C0DD169
:10065800002B08D06E1E012D03D10D00D31A0134D2
:10066800D4E7FF2D08D113002C0021E0FF286CD01F
:1006780080242E00E404234301241B2E07DC2025BC
:10068800AD1B1C00AB40F4405D1EAB411C43131B6B
:100698000D000400BAE7FE26601C30422DD1002C64
:1006A80014D1002B06D125002600131E00D13EE7E9
:1006B8000D0014E7002A00D111E79E1AD31A700121
:1006C800F6D4331E00D00AE7350030E7002B05D1F9
:1006D800002A49D013000D00FF2400E7FF24002A58
:1006E80000D1FCE68023DB039F4200D27BE79C45D8
:1006F80000D378E767460D0075E79E1A700115D597
:100708000D00D61A3000FFF7FDFD33000538834091
:10071800844210DC2022001B0130121A1900934079
:10072800C1405A1E934100240B43D8E6002EE9D15C
:1007380035003400FBE6104A241A1340CFE61300B4
:1007480042E7130021E71300C9E613000400AFE7EE
:10075800DE08FF2C00D0EAE6002E00D1E7E6802371
:10076800DB03FF241E43E2E680261500F603F6E7C6
:10077800FFFF7F1FFFFFFF7DFFFFFFFBF0B5C30FEC
:1007880085B0440245000F1C640A2D0E03930293A2
:100798000AD0FF2D3BD08023E400DB041C43002358
:1007A8007F3D019500930EE0012301940093002CF6
:1007B80009D02000FFF7A6FD431F9C4076235B422B
:1007C8001B1A019300957D027E006D0A360EFF0FFD
:1007D800002E23D0FF2E2ED08023ED00DB041D43F6
:1007E80033007F3B002201980399C31A009879408F
:1007F8008000104301380E2823D8FFF7DBFC4D9901
:1008080073999299734D4D927361616153000223FC
:1008180001950093002CD6D00133C3E72B000122A9
:10082800002DE0D02800FFF76DFD431F9D40762383
:100838005B421B1AD6E733000222002DD3D00132C7
:10084800D1E764016D01AC4228D31A200122641B50
:100858000126270052006400002F01DBA54201D8C1
:10086800641B324301380028F3D1601E84411443CD
:1008780018007F30002838DD620704D00F2222409C
:10088800042A00D00434220103D5803318002B4AEF
:100898001440E508FE281DDD00250FE01B2000227E
:1008A800013BD5E78023DB031C4203D01D4201D165
:1008B8002C00029780250299ED032543FF2009E0CB
:1008C8000399009A022AE7D0032A2FD0002528008E
:1008D800012ACDD16D026D0AC0052843C907084316
:1008E80005B0F0BD2C003900ECE701220025121AF2
:1008F80028001B2AEEDC9E3325009C40D540631E51
:100908009C4125436B0704D00F232B40042B00D0B8
:10091800043580232800DB0418401D420BD1ED0864
:10092800D8E780240023E4030293C3E70291C1E7D8
:1009380000252800CEE700250120CBE7FFFFFFF7C1
:10094800F0B5C30F85B04702440002917F0A240E18
:1009580003930AD0FF2C71D080227F3C260000230D
:10096800FF00D204174301930CE001233E1E0193BC
:1009780008D03800FFF7C6FC7626431F9F40764212
:10098800361A0194029B5C025D00DB0F640A2D0E8F
:1009980002935AD0FF2D64D080232800E400DB04A2
:1009A8001C437F3800230299039A4A408119019811
:1009B8008C46850001311D430A2D00DD78E0022DAB
:1009C80055DC013D012D63D9250CA4B226003B0C52
:1009D800B8B246435C4368436B4300191F00330CAD
:1009E8001B189C4202D9802040023F181804B6B256
:1009F8008619B401601E84411B0CB60EDB19344302
:100A08009B011C431B0168D5012360081C4004435B
:100A180008007F30002862DD630704D00F232340DD
:100A2800042B00D00434230103D5803108003E4B49
:100A38001C40E508FE2833DD00254CE00223260093
:100A48000193002F9ED001338DE720000123002C55
:100A5800A9D0FFF757FC431F9C4076235B42181A26
:100A6800A0E728000223002C9DD001339BE701203A
:100A7800A840A6250600ED002E4028421DD190254D
:100A8800AD00284247D1B93DFF3D28429CD0029A8B
:100A9800022BD1D0032B42D000252800012BB7D13F
:100AA8006D026D0AC0052843D207104305B0F0BD9A
:100AB800039A0F2D04D00B2DE9D03C00019BE7E7EA
:100AC8008023DB031F4203D01C4201D12700029A76
:100AD8008025ED033D43FF20E2E7614698E70123C7
:100AE80000251B1A28001B2BDADC9E3125008C40C0
:100AF800DD40631E9C4125436B0704D00F232B4028
:100B0800042B00D0043580232800DB0418401D4244
:100B180007D1ED08C4E780273200FF03D8E7270094
:100B2800D6E700250120BBE7FFFFFFF7410243009E
:100B3800C20F490A00201B0E7E2B03DD9D2B02DD10
:100B4800084BD0187047802000040843952B05DD1A
:100B5800963B9840002AF5D04042F3E79621CB1AFD
:100B6800D840F7E7FFFFFF7F002370B504009842E5
:100B780009D0FFF7C7FB9E231B1A962B08DC082811
:100B880029D0083884406402D805640A204370BD1F
:100B9800992B1BDD020021001B3291400A00511ED7
:100BA8008A410521091ACC40144322000B4D2A40E2
:100BB800610704D00F212140042900D004325101DB
:100BC80002D59F232A401B1AD408DCE7421F0528B8
:100BD800EBD09440E9E79623D5E7C046FFFFFFFB3B
:100BE800F0B587B004920593CB0F0193059B0D03D5
:100BF8004C006D0A410F5F0029431D037B0D0293D2
:100C0800059B6D0ADB0F0393049B049A5B0F2B4330
:100C1800019E029D039F640DC000D200651BBE4269
:100C280000D02CE1BB4EB446002D00DC70E0029EE3
:100C3800002E1ED11E00164300D19BE26E1E012D10
:100C480013D1821882428041C918404209180124F0
:100C580010000B0200D472E00224AF4B42080B4094
:100C6800012101400A43D80706E165451CD1A94C7A
:100C780065E0644563D0382D47DC8026360433436D
:100C88002E001F2E2FDC20251F00AD1BAF40029524
:100C98003D001700F7402F43029DF340AA40551E20
:100CA800AA411D00174303E00127029D382EE8DD05
:100CB8003F188742804169184042091838000B02E2
:100CC8003DD5002501342F006445C6D1934B24053A
:100CD8001C403B031B0B1C43019B2800DB071C43E8
:100CE800210007B0F0BD35001F00203DEF403D005A
:100CF8000027202E03D04037BF1BBB401F001743DF
:100D08007B1E9F412F430025D2E700250127CFE70F
:100D1800002D6FD0029D2E1B002C30D10D000543F5
:100D280000D121E2751E012E24D1801890429241F3
:100D3800C9185242891801340B0200D58CE74307C1
:100D480009D00F230340042B05D0031D83428041A3
:100D58004042091818006F4B0A0200D410E200251F
:100D680001342F009C42B1D06B4BC0080B405D078B
:100D78000543F2E166451DD11900100077E7029C92
:100D88006445F9D0382E32DC802435002404214310
:100D98001F2D1ADC20240E00671BBE4034000600FD
:100DA800B840EE4034430600E940701E86412643B1
:100DB8000C0002E00126382DEADDB018904292417D
:100DC800E4185242A118029C79E72C000E00203C3E
:100DD800E64034000026202D03D04036761BB14073
:100DE8000E000643711E8E4126430024E5E70024C9
:100DF8000126E2E74A4F661C3E4230D10D0005430A
:100E0800002C12D1002D00D1B1E11D00154396D060
:100E1800821882428041C9184042091810000B020A
:100E28008DD53D4B1940340089E7002DA4D01D0015
:100E38006446154383D080254C07C008C9082D0394
:100E48002043294206D0DC082C4203D12100D008D7
:100E58005B071843CB00410F1943C00007E7340074
:100E68002F00664500D131E7821882428041CB18B5
:100E780040421B18D8075208104359085FE7002D55
:100E880065DD029E002E25D11E00164300D171E1BA
:100E98006E1E012D0ED1821A90428041C91A40421D
:100EA800091A012410000B0200D448E74902060081
:100EB8004D0A07E1174FBD4200D1D8E60125029F30
:100EC800382E11DD451BA8428041C91B4042091A32
:100ED8002800E8E70F4EB44200D130E7382D33DC64
:100EE8008026360433432E001F2E1BDC2027BD1B13
:100EF80002951D00029FF340BD40AC4615006746B1
:100F0800F5403D43029FBA40571EBA411F001543A2
:100F1800D8E7C046FF070000FFFF7FFF0000F07F13
:100F2800FE07000035001F00203DEF403D00002770
:100F3800202E03D04037BE1BB3401F0017437B1E33
:100F48009F413D430027BDE700270125BAE7002D53
:100F580059D0029D2E1B002C16D10D0005430FD031
:100F6800751E012E09D1101A82429241591A039B0B
:100F78005242891A0193013495E78E4FBE4221D11E
:100F880019001000340050E08A4C029DA54200D19F
:100F9800F2E0382E34DC80243500240421431F2D50
:100FA8001DDC20260C00761BB440A4460400B0408B
:100FB800EC406746461EB041E9403C4304432600E6
:100FC8000C0002E00126382DE9DD901B8242924197
:100FD8001C1B039B5242A11A0193029C63E72C003D
:100FE8000E00203CE6400024202D03D04034641B32
:100FF800A1400C000443611E8C4126430024E4E711
:1010080000240126E1E76C4E651C35424AD10D00EB
:101018001F0005431743002C23D1002D08D13D1E86
:10102800019700D152E619001000039B019386E650
:10103800002F00D183E6861AB042BF41CD1A7F4205
:10104800ED1B2F0206D5101A82429241591A5242BC
:10105800891AEAE737002F4300D1A5E029003000BC
:101068006DE6002D07D1002F00D194E01900039BF5
:1010780010000193FBE5002F00D1F8E580254C070F
:10108800C008C9082D032043294200D1E2E6DC0844
:101098002C4200D0DEE65B07D0081843039B2100F2
:1010A8000193D7E6861AB042BF41CD1A7F42ED1BA5
:1010B8002F0228D5161AB24292415B1A52429D1A43
:1010C800039B0193002D25D02800FFF71BF903008F
:1010D800083B20223100D21A9D40D14029433500D7
:1010E8009D409C423BDC1A1B0132202308009B1ABE
:1010F8002C009D409840D4406B1E9D41D140204318
:10110800284300241BE637002F43DBD13D003C0079
:101118000197DBE53000FFF7F5F8030018331F2BC4
:10112800D7DD3100083881409C4212DC1B1B5A1C59
:101138001F2ADADD0C001F3BDC402800202A03D0E0
:1011480040239B1A99400800431E984100212043E0
:10115800D7E7E41A194B0B405D07DF08B6E5E41A38
:10116800164B28001940EAE5190010005BE6190043
:101178001000E4E52C00E2E519001000029C54E799
:101188004A07C70817433D00C9089C420FD10D43C1
:1011980004D12F009AE58021019709033D0080279B
:1011A8003F03044C0F4391E53D0001978EE50F0086
:1011B8008CE5C046FF070000FE070000FFFF7FFF29
:1011C800F0B50D0087B000920193040004900198D7
:1011D800EB0F4600C70F1A4803938446009B090388
:1011E8000593019B6A001B030120090B520D1B0B81
:1011F800760D624503D066450DD107B0F0BD964225
:10120800FBD1009A0B4313432343F6D1039BD81B0E
:10121800431E9841F1E70120B242EED19942ECD148
:10122800049B059EB342E8D1039BBB4206D0002A2B
:10123800E3D121434B1E99410800DEE70020DCE79B
:10124800FF070000F0B587B0009001911D00009BDA
:1012580014000493019B29031A03130B334A0393C5
:101268009446019B68005F007B0D0293029A019BE4
:101278000594DB0F090B400DEE0F624512D1009A61
:10128800039F17434FD1029A904204D00120002BAC
:1012980006D0023804E02143081E44D1B342F5D1F8
:1012A80007B0F0BD604511D121433CD1029A002A14
:1012B80004D0B342EAD1181EF2D105E0009A03998E
:1012C8001143F6D1301EEBD101202DE0029A002AFD
:1012D80017D00028DAD0B342D8D1029A8242D5DC9E
:1012E800029A8242E7DB039A8A42CFD8E3D1049A72
:1012F80005998A42CAD8049A059900208A42CFD211
:10130800D9E7009F039A1743002802D0002FD9D0AD
:10131800CFE70C4304D0002FD4D0B342E3D0B5E7D5
:10132800002FBDD0B2E702204042B9E7FF07000016
:10133800F0B587B0009001911D00009B1400049344
:10134800019B68001A03130B344A03939446019BCC
:1013580005945F007B0D0293019B029AD90F2B0322
:101368001B0B400DEE0F624513D1009A039F1743E4
:1013780052D1029A904204D00120002907D00238A5
:1013880005E00220234302D11800B142F4D107B08E
:10139800F0BD604513D102202343F8D1029B002BF6
:1013A80004D0B142E8D1081EF1D105E0009B039AB0
:1013B8001A43F6D1301EEAD101204042E7E7029AEB
:1013C800002A17D00028D7D0B142D5D1029A82423C
:1013D800D2DC029A8242E6DB039A9A42CCD8E2D166
:1013E800049B059A9342C7D8049B059A0020934210
:1013F800CDD2D8E7009F039A1743002802D0002FC8
:10140800D8D0CEE71C4304D0002FD3D0B142E3D0CC
:10141800B2E7002FBBD0AFE70220B8E7FF07000014
:10142800F0B58BB0009201930D034B00CA0F060074
:101438002D0B5B0D059200D114E1CF4A934200D1E8
:1014480038E1ED00420F2A4380252D041543CB4A8D
:10145800C4009B18039300230293019B00981E036A
:101468005A00DB0F360B520D049300D131E1C24B09
:101478009A4200D153E1430FF60033438026BF4917
:1014880036041E43C300501800220599049F794072
:10149800009103994118069101310391029988003E
:1014A80010430A2800DD73E1022800DD46E1013817
:1014B800012800D855E1190C9BB202911900220CA1
:1014C800A4B2514320008C46029F029958435143CD
:1014D800674305916744010CC91904908C4505D9E7
:1014E800802040028446059F67440597080C84467F
:1014F8006846008A090409180991310CB6B20491AA
:1015080030002100049F50437C4371437A432418E0
:101518000F0C3C19A04202D9802040021218200C5E
:101528008218240489B207926218089208996246C0
:101538008C46290CADB22800029F58436F434B4399
:1015480062449446029CFF18020CD2194C43934201
:1015580002D980235B02E418130C1B1902932B0099
:1015680080B2120412180498734345434E43414312
:10157800A8191D0C2D18AE4202D980204002091866
:10158800059C6046A446089C6044A042BF41801860
:10159800904292412E049BB2F618079B7F42F618A0
:1015A80053420493029BF4199C46A4446346049A4C
:1015B800BC42A4419B18079A64429642B641029ADB
:1015C800764234432D0C64199445AD41049A6D421A
:1015D80093429241524215436419099A6418410290
:1015E80011434A1E9141C00DDE0D640201435B02A6
:1015F80026430B43E40100D4DFE001215A080B40E5
:101608001A43F307CE401343039A5D495218002A40
:1016180000DCD5E0590709D00F211940042905D06D
:10162800191D99429B415B42F6180B00F10106D542
:101638008021C9008C46534A1640039A6244524995
:101648008A4200DD09E17407DB081C43F60813052C
:101658003603009A360B3343D20713432000190090
:101668000BB0F0BD2C0004432BD0002D16D0280061
:10167800FEF748FE040002000B3C1D2330001B1B34
:101688001100D84008398D4003002B4335008D40A8
:101698003E492C008A1A1D000392DCE6FEF732FE52
:1016A80004000200153420321C2CE6DD3300083813
:1016B8008340EDE704002C4307D003930400032381
:1016C800CAE6250001230394C6E6039325000223F6
:1016D800C2E6009B334329D0002E14D03000FEF719
:1016E80011FE010003000B391D221800521A00993F
:1016F80008388640D1403143009E86402348C01AAE
:1017080033000E00C0E6FEF7FDFD010003001531B1
:1017180020331C29E8DD009908388140EEE7009B5A
:10172800334307D0030010000322AEE61E00180062
:101738000122AAE610001E000222A6E6012181402D
:10174800A6200F00C0000740014227D1902080004A
:10175800014277D1B938FF38014200D1ABE604998C
:101768000091022A79D0032A75D0012A00D04BE7CC
:101778000026340032006AE7FF07000001FCFFFF83
:10178800FF030000FFFFFFFEFE0700000DFCFFFF48
:10179800059900910F2805D00B28E0D02E002300D2
:1017A800029ADEE78022120315424FD016424DD12D
:1017B8003500049A00921C0048E0069A039223E739
:1017C8000120801A3828D3DC1F2827DC2649039AF1
:1017D8008C461C006244310093409140C4401A007A
:1017E8002143531E9A410B00C64013435A0709D0A0
:1017F8000F221A40042A05D01A1D9A429B415B42C7
:10180800F618130080213000090408400E4227D141
:101818007407DB0802001C43F60818E71F21494239
:101828008A1A3100D1400022202805D00F48039A97
:10183800844662449640320013435A1E9341002660
:101848000B43D3E780253C002D0300978026360301
:101858002E43074AFBE63500ADE700263400F8E7DB
:10186800002601223400F2E61E0400003E040000B7
:10187800FF070000F0B585B000920193CB0F0D0370
:101888000293019B4C006D0A410F29435D001E0322
:101898006B0D9C46019B760ADD0F009B009A5B0F3F
:1018A8003343BE4E640DC000D200B44523D11E00A0
:1018B80016430396039FBA4EA619002F0CD0029F19
:1018C8000095AF4200D0B5E1002E00D104E1002C14
:1018D80000D0BAE26446B8E001276F40029D009745
:1018E800BD4200D0AFE1002E00D1F5E0002CF1D0D0
:1018F800039908002FE00126754000956546029F70
:10190800009E651BB74200D02EE1002D00DC76E07A
:101918006746002F21D11F00174300D122E16F1E17
:10192800012D15D1821882428041C91840420918F8
:10193800012410000B0200D496E00224994B4208BF
:101948000B40012101400A43D807104359088BE096
:10195800924EB54222D1914C86E0904EB44200D1CD
:1019680082E00026B4460136382D1ADC80262F0086
:10197800360433431F2F31DC20251E00ED1BAE40FB
:10198800B44616000095FE4065462E43009DFB4078
:10199800AA40551EAA4116439C4602E00126382F4C
:1019A800E8DD36188642804161444042091830001B
:1019B8000B0259D50026794B0134B4469C42BDD15F
:1019C800794B24051C4063461B031B0B1C43029BDD
:1019D8003000DB071C43210005B0F0BD3D001E00B0
:1019E800203DEE400025202F03D04035ED1BAB40B5
:1019F8001D0015436B1E9D4100232E43CCE7002D8F
:101A08006AD065462D1B002C1ED000240126382DD7
:101A180012DC8024240421431F2D4BDC20240F00DA
:101A28000600641BA040A740EE4037430600E9408B
:101A3800701E86410C003E43B01890429241E41853
:101A48005242A1186446B3E72C000D00054329D083
:101A5800651E012C23D1801890429241C918524228
:101A680089180B0200D568E7430709D00F23034004
:101A7800042B05D0031D83428041404209181800F9
:101A88000B0200D4E4E10026444B0134B4469C42E6
:101A980096D0444BC0080B405E070643CDE13F4E4D
:101AA800B44202D119001000DEE7382DB4DD00245D
:101AB8000126C1E72C000E00203CE6403400002639
:101AC800202D03D04036761BB1400E000643711E10
:101AD8008E4126430024AFE7344E651C354233D18E
:101AE8000D000543002C11D1002DDBD01D0015433E
:101AF800BAD0821882428041C918404209181000A1
:101B08000B02B1D5274B01341940ADE7002D00D1A8
:101B18009BE11C001443002C00D11CE74C07C008B3
:101B280020438024C9082403214208D0DD08254227
:101B380005D129005B07D0081843009B0293CB000E
:101B4800410F1943C00006E7144CA54200D196E1A5
:101B5800821882428041CB1840421B18D80752088D
:101B6800104359082C007FE7002D76DD6646002ECD
:101B78002ED11F001743F5D06F1E012D18D1821AE0
:101B880090428041C91A4042091A012410000B02F0
:101B980000D469E7490206004D0A02E1FF07000088
:101BA80001F8FFFFFFFF7FFF0000F07FFE07000046
:101BB800B74EB54200D1CEE60126382F15DD861B7B
:101BC8006346B0428041C91A4042091A3000DEE734
:101BD800AF4EB44200D147E70026B4460136382D4F
:101BE800EDDC80262F00360433431F2F11DC20251F
:101BF8001E00ED1BAE40B44616000095FE4065463B
:101C08002E43009DFB40AA40551EAA4116439C4600
:101C1800D5E73D001E00203DEE400025202F03D0D3
:101C28004035ED1BAB401D0015436B1E9D41002345
:101C38002E43ECE7002E67D0002C25D019001000A9
:101C4800934C029510E7002E5ED0002C1FD003990C
:101C58008F4C0800009B029306E7002D54D0654680
:101C68002D1B002C1FD1009C02942C000D00054355
:101C780000D117E7651E012C0CD1101A824292413F
:101C8800591A5242891A82E702956446EEE7009C87
:101C98000294FAE77E4EB44200D103E7382D09DDFD
:101CA8000021012614E0382D2BDC80242404214354
:101CB800009C02941F2D13DC20240F00641B0600D7
:101CC800A040A740EE40441EA041E9403E430643E1
:101CD800901B82429241591A52426446891A56E729
:101CE8002C000E00203CE6400024202D03D0403478
:101CF800641BA1400C000443611E8C410021264353
:101D0800E6E700990291CBE7624E651C354238D16F
:101D18001D001543AC460D000543002C25D1002DB0
:101D280008D1614626000294002900D148E619002E
:101D380010008FE76546002D00D195E6861AB0425F
:101D4800BF41CD1A7F42ED1B2F0206D5101A8242E1
:101D58009241591A5242891A7CE733002B439C4618
:101D680000D18FE0290030007EE6002D07D16146C2
:101D780000297AD01900009B10000293EBE5644615
:101D8800C9E6861AB042BF41CD1A7F42ED1B2F0229
:101D980028D5161AB24292415B1A52429D1A009BEC
:101DA8000293002D26D02800FEF7ACFA0300083B6A
:101DB80020223100D21A9D40D140294335009D4050
:101DC8009C423DDC1A1B0132202308009B1A2C0080
:101DD8009D409840D4406B1E9D41D14020432843EC
:101DE800002441E633002B439C46DAD11E001C0038
:101DF8000293E5E53000FEF785FA030018331F2B40
:101E0800D6DD3100083881409C4212DC1B1B5A1C6D
:101E18001F2AD9DD0C001F3BDC402800202A03D0F4
:101E280040239B1A99400800431E984100212043F3
:101E3800D6E7E41A184B0B405E07DB089C46BFE563
:101E4800E41A154B280019400EE61900100082E527
:101E58004B07C00803439C460D4B6646C9089C4285
:101E680013D10E4304D1B446AAE502918021090397
:101E780080231B030B436646054C9C46A0E50026C1
:101E8800034CF0E7260002949AE58C4698E5C04694
:101E9800FF070000FE070000FFFF7FFF0B0070B583
:101EA800114E0C0349000200240B0020490DDD0FE0
:101EB800B14204DD0D48814202DD0D4BE81870BDCA
:101EC8008020400320430B4C641A1F2C08DC0A4E68
:101ED800E240891988401043002DF0D04042EEE7D7
:101EE800064B5B1AD840F7E7FE0300001D0400000C
:101EF800FFFFFF7F33040000EDFBFFFF130400002A
:101F080010B503000400021E0CD0FEF7FBF90B4AC3
:101F1800121A0A280DDC0B2321001B1AD940153090
:101F28000B0084401B031B0B12051A4320001100F1
:101F380010BD23000B3883400024F3E71E04000083
:101F48000023C25C0133002AFBD1581E7047F7B545
:101F5800040C0D0091B20F0061438C4606000193FA
:101F680083B2100C5F43444358433B0C60441B1836
:101F7800994202D980214902641801995543714355
:101F8800180C04191B04BFB24919D819091903B050
:101F9800F0BD70B50022002304000D00FEF78AF999
:101FA80000280BD080231B06E9182000FEF754FAFE
:101FB800002342428B411000190070BD2000290007
:101FC800FEF74AFA02000B00F5E7F0B506000F002D
:101FD80015001C0085B08B4263D801D1824260D8BD
:101FE80021002800FEF7ACF9390000903000FEF718
:101FF800A7F9009B21001B1A1A0028000393FEF77B
:1020080037F900900191B94245D801D1B04242D880
:10201800009B019C01200021039AF61AA741FEF7B4
:1020280027F904000D00039B002B2BD0019B009A7D
:10203800DB0750081843019B5908039B9C46B9428B
:102048002CD801D1B04229D832003B00121A8B415A
:10205800012692185B410027B6185F4101235B42B5
:102068009C446346002BEAD130003900039AFEF7FE
:10207800F3F8039AA4197D4106000F00FEF7F8F85B
:10208800241A8D410A9B002B01D01E605F6020003E
:10209800290005B0F0BD00240025C4E7B6197F412A
:1020A800DCE700240025EDE7F7B517001E00040063
:1020B8000D0000F011F802000B00009001913800AB
:1020C8003100FFF744FF241A8D41089B00980199BD
:1020D8001C605D6003B0F0BDF0B504000D00100099
:1020E800190085B0002D11DB002B00DA82E02600F4
:1020F8002F0014001D00BD4204D800D080E0B44277
:1021080000D87DE00020002105B0F0BD0023624228
:10211800AB41002968DB16001F0004000D00BD421A
:1021280078D801D1B44275D801235B422900200038
:102138000393FEF705F9390002903000FEF700F925
:10214800029B29001B1A1A0020000293FEF790F840
:1021580004000D00B94255D801D1B04252D801202F
:102168000021029AFEF784F8361BAF4100900191D6
:10217800029B002B2CD0EB0760081843029B6908D0
:102188009C4601240025B94241D801D1B0423ED82D
:1021980032003B00121A8B4192185B4112196B41B5
:1021A80016001F0001235B429C446346002BEAD1C2
:1021B800009C019D029A30003900FEF74DF8029A02
:1021C800FEF756F8A4197D41241A8D410094019513
:1021D80000980199039B002B00D195E703000C00A0
:1021E80000215842A1418FE716001F0000254442F4
:1021F8008D4180E726002F00002544428D418EE75F
:10220800002393E70022002300920193B0E7B61958
:102218007F41C7E700200021E0E7000010B501007A
:10222800024883685B68984710BDC046BC8F0010A1
:1022380070B505001348037B002B07D1290005F072
:102248001CFA002802D001220F4B1A700F4C2900EB
:10225800200005F047FA002809D020000C4906F0B4
:10226800F3FC002809D1200005F07AFA04E02000E8
:1022780005F057FA0028F0D170BD2100054805F097
:10228800C5FBF0E75C1C0020381D00200812002068
:10229800E4960010EF960010F0B5C5B001900E005E
:1022A80026482749170006F0CFFC011E1BD0FF2245
:1022B800043104A806F0ACFC08230024FF3302AA6A
:1022C8009B182A2104A81C7006F083FCA04200D0A9
:1022D80004701C4B03941900009303AA04A806F089
:1022E800F5FC041E01D145B0F0BD3A21200006F0EE
:1022F80070FC051E0ED00A220021200004F0FCFB11
:102308000300681C032B09D1002104F0EBF9019BA1
:10231800186059600020009903AAE0E7042B05D152
:10232800002104F0DFF930607160F3E7052BF1D18B
:102338000A22002104F0E0FB3860EBE718140020C3
:102348001697001083970010F0B5050028488BB049
:10235800037B002B07D1290005F08FF9002802D054
:102368000122244B1A70244C2900200005F0BAF9E8
:10237800002809D02000214906F066FC00280AD16F
:10238800200005F0EDF904E0200005F0CAF9002866
:10239800F0D10BB0F0BD0125194B00261D700123AB
:1023A80000275B4205AA08A906A805930696079781
:1023B80008960997FFF770FF069A079B0292039306
:1023C800029803993B003200FDF788FF0D4B002867
:1023D80005D00299039A19605A600B4A157005993D
:1023E8001A685B6809480091210005F00FFBC7E7F0
:1023F8006C1C0020391D00201814002016970010AE
:10240800371D002000120020351D00201B970010EA
:10241800F0B5234B8BB001001800039305F062F967
:10242800002809D01F49039806F00EFC00280AD19D
:10243800039805F095F904E0039805F072F900286F
:10244800F0D10BB0F0BD0123002600275B4205AA9E
:1024580008A906A805930696079708960997FFF70F
:102468001BFF069C079D32003B0020002900FDF75A
:1024780035FF0D4A002804D001210C4B146055602B
:10248800197005990A4B002900DB19601B6816684A
:1024980057680848009332003B0005F0B7FAC7E7D1
:1024A800181400201697001000120020351D002077
:1024B800E81000204D97001037B5050009220A4999
:1024C8000A4806F094FB002801D000203EBD084CC5
:1024D800019001A9200004F005F9019BA342F4D062
:1024E800286069600120F1E77B970010081200203E
:1024F8001112002037B51C4C05002378002B07D19A
:1025080029001A4805F0B9F8002801D001232370E2
:10251800174C2900200005F0E5F8002817D0200006
:10252800144906F091FB002817D16846FFF7C4FF4D
:10253800002815D0104B1148196801311960009A0C
:10254800019B026043600E4805F060FA08E0200035
:1025580005F0E7F80028E2D137BD0A4805F056FA39
:10256800200005F0FDF8F7E7381D00205C1C00206E
:1025780008120020E4960010581C0020F8110020D2
:10258800A197001085970010F0B58DB004AF030037
:1025980003900091380020211E4A04F079F8431E68
:1025A80006001E2B30D83B0000251C78002C2DD1AE
:1025B8002420FFF733FE385D0134FFF72FFEA642D3
:1025C800F9D12A20FFF72AFE2B0918003730C0B2AC
:1025D8009F2D01D83033D8B2FFF720FE0F232B40B0
:1025E80018003730092B01D830331800FFF716FED2
:1025F8000D20FFF713FE0A20FFF710FE2B003A000C
:102608000548039905F002FA0DB0F0BD65400133A5
:10261800CBE7C046C3970010CC97001070B50400F4
:102628004518AC4200D170BD217803480134836855
:102638005B689847F5E7C0469C8F0010F0B548499D
:102648009BB00400FDF7FCFD0D00E1212800090105
:10265800FDF7BAFDE121079009012800FDF7F0FD1B
:102668000D003C212800FDF7AFFD3C210890280013
:10267800FDF7E6FD200009913949FDF7A5FD394B25
:10268800394AC418200000230021FDF785FE364B87
:1026980007004343E41A20003449FDF795FD344907
:1026A80005192000FDF790FD32492D1A2000FDF78D
:1026B8008BFD6E212D1A2800FF31FDF785FDC823FB
:1026C8005B005F4306002C493F182800FDF77CFD9E
:1026D800274904192800FDF777FD6E230525FF33E8
:1026E8007343241AE41A6543023599212800FDF73B
:1026F8006BFD224A03000326954201D9092676423A
:102708000222002599209E19B2426D41099A584328
:102718000492089A05210392079A02300292FDF763
:1027280053FDED190134164F241A2B003A004021AD
:10273800019400960AA803F0ABFF00280EDD0AA852
:10274800FFF7FEFB01000AA8FFF768FF01210D480B
:10275800FFF764FF0C480AA905F058F91BB0F0BD53
:10276800805101006CFA0A00B13A0200AC8E0000F8
:10277800B4050000B03A0200948E0000F90500008C
:10278800F4970010B99A001024980010F0B50124AD
:10279800270099B0089009917A4D06212800FFF783
:1027A8003DFF01217848FFF739FF2900774805F0F8
:1027B8002DF904F08FFFFA220023920012184B41E2
:1027C800069207937249734804F072FF0026724814
:1027D80083681B68002B48D13220002103F0C4FB1A
:1027E800002E68D06D4B01201968FFF7CDFE089BBD
:1027F800002B00D1A3E06A49002208684968694BA8
:10280800FEF70EFE04F0B6FECA17130050400C0087
:102818005140801A994164220023FDF7BDFD624FA3
:102828001500002C00DA614F0CAE059302900223CC
:1028380003910097302130005D4A049503F028FF8A
:10284800431E07002E2B7AD83300002549E02800C4
:1028580004F067FF002816D1B9E7564805F0D6F806
:102868003E00554804F07CFFB1E71F2504AAAD18C7
:10287800290098470028AFD129784F4D280004F047
:1028880031FF0028E3D028004C4906F0DDF9002884
:10289800E3D10CA8FFF710FE0028E2D03F4B4048D8
:1028A8001968013119600C9A0D9B02604360444815
:1028B80005F0ACF8D5E704F00DFF079B8B4200DD6F
:1028C80080E703D1069B834200D97BE721003D487E
:1028D800013405F09BF8042C00D05DE782E76540E1
:1028E80001331C78002CFAD12420FFF797FC305DC7
:1028F8000134FFF793FCA742F9D12A20FFF78EFC99
:102908002B09180037309F2D01D830331800FFF7F6
:1029180085FC0F232B4018003730092B01D83033A2
:102928001800FFF77BFC0D20FFF778FC0A20FFF763
:1029380075FC2B0032000221234805F067F80022BD
:1029480000200021154B1A60154B18605960099B2F
:1029580093420FD01D4B1E4C1D7895420CD01D4B39
:102968001868596804F07EFDFDF75AFDFFF766FE0A
:102978000123237019B0F0BD174805F047F82570FA
:10298800F8E7C046BB9A0010B99A00103E980010AC
:1029980019240010BC8F00109C8F0010581C0020B8
:1029A800F811002000005940089C00103C980010C5
:1029B800D49800105F980010081200205598001055
:1029C8007A980010AF980010E8980010351D002084
:1029D800361D00200012002011990010F0B5484C57
:1029E800050023788BB0002B07D12900454804F057
:1029F80044FE002801D001232370434C2900200005
:102A080004F070FE002817D02000404906F01CF999
:102A1800002818D03E4804F0F9FF3E4D2B78DEB26E
:102A2800002B05D1012031002870FFF7AFFE2E7072
:102A3800200004F095FE04E0200004F072FE002857
:102A4800E2D10BB0F0BD2000334906F0FDF80028B4
:102A5800EED00123002600275B4205AA08A906A894
:102A680005930696079708960997FFF715FC069AA7
:102A7800079B029203930298039932003B00FDF7EB
:102A88002DFC264A002806D0029803991060516050
:102A98000121234B1970059D5368126821002148B4
:102AA800009504F0B3FF1B4F3B78DAB2002B22D11C
:102AB800002DBDDB1C4E3168002901DA3560B7E70F
:102AC8008D42FBD0194B1B78002BF7D002920129BD
:102AD80004D16B1E1A00531E9A4102922A00144810
:102AE80004F094FF0121029839700840FFF74EFE68
:102AF80000233B70E2E7002D9ADB0B4B1D6097E744
:102B0800391D00206C1C0020181400204B9900105F
:102B18004F990010341D0020169700100012002055
:102B2800351D002076990010E8100020361D002081
:102B38009F990010F0B5594885B004F067FF584BCD
:102B48001800029305F0DDFE002807D1554804F06F
:102B58005DFF0021544803F007FAFAE7534E3000AE
:102B680005F0CFFE0028F1D000240322504B514D30
:102B78005A601D609C601C734F4F504B0432504884
:102B88005A609C601C731F6004F0EAFD4D4804F015
:102B9800E7FD0122002000214B4B52421C704B4B99
:102BA8001C704B4B1C704B4B1C704B4B1A604B4BA7
:102BB8003A001C704A4B186059604A4B1C604A4BDB
:102BC80018605960494B290049481C70002504F0D9
:102BD8001DFF04F07FFD474C0019694100900191E9
:102BE80004F078FD24184D414349029804F060FD33
:102BF8003000424904F05CFD04F06CFD344B1A7857
:102C08000393002A06D1019B8B420CDC02D1009B66
:102C1800834208D82D4F3B78002B09D18D4202DC26
:102C280006D1844204D900210A2003F09DF9DBE78C
:102C38005B0013435CB221000020FFF7A5FC2100D4
:102C48002F4804F0E3FE01252E49029804F030FDD8
:102C580030002D4904F02CFD1E4C2378002B18D190
:102C68003B78002B15D0039B1B78002B03D1164B08
:102C78001B78002B0DD0194B1B78002B09D0184B53
:102C88001868596804F0EEFBFDF7CAFBFFF7D6FC9D
:102C980025700021142003F067F9D5E7DD990010AD
:102CA800BC8F00100D9A0010102700009C8F001098
:102CB8006C1C0020329A0010369A00105C1C002010
:102CC8001814002008120020371D0020381D00208D
:102CD800391D0020361D0020E8100020351D002079
:102CE80000120020581C0020F8110020341D00207C
:102CF8003E9A0010B80B0000512300103922001032
:102D08007C9A0010E5290010FD240010F0B597B05A
:102D1800059304230B921A400B9B0A92DA080723A7
:102D28001A40013207001C9D03910D92820700D0C2
:102D3800C5E1041D002804D0072909D81C204042F9
:102D480054E1039A1A401300A4180822D31A0393D3
:102D5800059B0426013B0693002309930C930493D7
:102D68000293013B07930196002F01D0059B236036
:102D78000D9B002B00DDF1E09D4B059A9A4203D391
:102D88009C4B9A4200D2E9E00B99E21B9308890711
:102D980000D50DE1049A0F2A00D9BBE0002F00D11D
:102DA8000EE104990EAA53540A00079912AB9954DC
:102DB8000C9B01330C93F4E008260196069B013323
:102DC8000693069B9878002800D105E1029B002B0A
:102DD80008D12528F2D1079B0133079301230293D9
:102DE8000426EAE77A284AD84B280ED8472846D836
:102DF80029282CD825283FD041D82028DED02338B0
:102E080043425841C3B20293D8E74C382E2836D8EB
:102E1800FDF7C6F9D43535353535353535353535DC
:102E28003735353535353535356135373761616194
:102E3800D437D235D435183718353579E63735359E
:102E48003735E600002308930426029327E0012281
:102E580013002A38C0B2834067490B42AED1E22141
:102E68001800890508400B4235D11900114002911C
:102E78001342A3D0089013E0079B013B079300235C
:102E8800C1E70022069B08925B7802926C2B07D15F
:102E98000426069B01961B786C2B01D1B619019666
:102EA800013CA0193100FDF78FF970430400002F91
:102EB8003BD0019B039ADB1B1B18934200D93DE7CB
:102EC800089B002B41D1019B042B20D108CD036026
:102ED8000423043415E0072107358D4364188C4317
:102EE8000CCD002F08D00131C91B03980919814264
:102EF80000D923E722606360002308260293330089
:102F0800083401935AE7029B089300239CE7019B2E
:102F1800082B01D0162012E7072307359D430CCD57
:102F28000260436008230834EBE7089B002B0CD1B0
:102F3800019B042B01D10435CAE7019B082BE9D179
:102F48000735013B9D430835ECE7069B02330693A2
:102F58000D9B013B0D9308CD059305E70B9B9B0744
:102F680022D50121E21B9308802080008242D1D221
:102F7800049A0F2ACED8002F1CD00498DBB20EAAD0
:102F880013549C46079B12AA1354002900D10FE73B
:102F980080226346524213430EAA1354099B0133FD
:102FA8000993049B01330493069B0434013B07E710
:102FB8000021D9E7002903D0039B01330393F0E7ED
:102FC800039B023303930A9B002BEAD10598FEF773
:102FD800B7FF039B1B18F1E78022E31BD200934243
:102FE80098D2002F0AD103980838C01817B0F0BD3E
:102FF8000C8F0010909F0010DAFF00009B08302211
:1030080038603B706B469B180A9A1B78002A0BD0D5
:10301800FB70099BBB70002B1BD100250EAE049BD7
:10302800AB421BD1E01BE1E77B70F2E70EADED563A
:103038000EA9595C002D07DA039E15190140B54207
:1030480000D97BE621700134013304999942EDD10E
:10305800E3E7012200237F20D21BF6E7099B002B20
:1030680002D033787F2B1BD80A9B002B1BD012ABC6
:10307800EB5C23700023013401930123019ADB1BCD
:103088001B199B18039A934200D957E63378019A83
:10309800237001342000059905F08AFD019B1C1955
:1030A80001350136BBE733789B00FB181A68059297
:1030B8000A9A05981A60FEF743FF431CDCE70E20C6
:1030C8003DE6C046F0B59BB000AF3B628023FB18DD
:1030D8001B6806001B07DB0F7B618378F9623A6384
:1030E800BB6300290AD10478BB6BA400E4184578B7
:1030F8000419FB6A9D421BD8A31BFB62F378BB61D2
:10310800BB6B002B04D08023FB181B68DB0719D48A
:10311800BB69002B47D13B6B002B03D030003A6AC8
:10312800F96A9847FB6AFB63BD46F86B1BB0F0BDB4
:1031380001342000FEF704FFFB6A01300133241834
:10314800FB62D6E73378FB619B007B627368BB62E6
:103158007B6AF5183B6B002B00D029E1FB6AFB6307
:10316800BB6BEC180023BB63A54232D02B789B00C5
:103178009859FEF7E5FE84217B181B680130002B67
:103188000CD08822BA18BB6B1268934206D27A1800
:1031980012685B009852BB6B0133BB63FB6B013554
:1031A8001B18FB63E0E78023FB181B689B07B2D55D
:1031B8003378FB619B007B627368BB627B6AF5189E
:1031C8003B6B002B77D1FB6AFB63BB6BEC183B6B4B
:1031D800BB6380220523BA181268250013405A429F
:1031E80053410133FB62BB695B00E3183B633B6BF4
:1031F800AB4299D02B787B636B789B009C59B84B7A
:103208009C4202D3B74B9C4223D37B69002B33D01B
:10321800796BB86A04F0D3FB00282DD06C468AB0CD
:103228006A46B14B5361BB6A93617B6BD361802360
:103238009B001384AD4B136192210023AC481032DC
:10324800890100F033FCA546FB6B023BFB630235AA
:10325800CDE77B69002B05D0796BB86A04F0AFFB2A
:103268000028DBD180230122FB181B68134209D1F7
:10327800FB6BFA6A9B1AE9E780230222FB181B689A
:103288001342E4D02000FEF75BFE84217B181B6804
:10329800002B0DD08822BA18BB6B1268934207D254
:1032A800791809685B00421C5A52BB6B0133BB6337
:1032B800FB6B1B18CAE7BB6B1C1E7B6315D08021F8
:1032C80004237A1812681A4014007A637A1812686C
:1032D8001A420AD00023BC6B7B63183340229B1828
:1032E8002900BA6BD81905F063FCBB6BEB18FB60BF
:1032F800FB63BB695B003B613A69FB6894466344C6
:103308007B60FB6B7A68934257D17B6B75780021A1
:103318005A198023FB181B68D2B29B0700D4610896
:103328008020381800680023C00705D48033FB18B4
:103338001B685B07DB1723407270B370F1703000B5
:103348003A6A796A3B6B9847F863002800DAEBE63B
:10335800FB6940203370BB6B2100B370BB693A6ACC
:10336800F37018231B18D81975703B6B9847041E07
:1033780000DAB1E0FB6ABA6BF868991A7B6A3A6AB4
:10338800C91A3B699C46C91A60443B6B9847002898
:1033980000DAA3E00025FB6B1C192318FB637B6B89
:1033A8009D4261D300213A6A08003B6B9847BBE60F
:1033B800BB6B00247B63082390E7FB6B484A1B78B0
:1033C800BB60FB6B5D78AB009B59934202D3454AC7
:1033D80093420CD37B69002B30D0B968B86A04F0EB
:1033E800EEFA00282AD0FB6B0233FB6389E77B697E
:1033F800002B05D0B968B86A04F0E1FA0028F2D1C8
:1034080080230122FB181B6813420AD07B6B9B1890
:10341800073240215218796BD219DBB255547B63BD
:10342800E1E78023FB181B685B07DCD518224021E5
:103438005218631CD2191555DCB2D4E78023022236
:10344800FB181B68134203D07B6B06320133E0E79D
:10345800402118225218B968631CD2191155DBB2E1
:103468000234E4B2D554BEE7402208239B18DB1986
:10347800EB5C0732BA18137084229B009B59BB631C
:10348800BB181C68002C09D08823FB181B68002473
:103498009D4203D2BA1812686B00D45A47230121FF
:1034A800F8183A6A3B6B9847002817DBFB6B1B1828
:1034B800FB63002C04D1B86BFEF742FD013084B2E7
:1034C80021003A6AB86B3B6B9847002806DBFB6B18
:1034D80001351B18FB6362E7F86325E6F86323E60A
:1034E8000C8F0010909F0010C29A00100400000179
:1034F80068910010014B18607047C046EC1000201E
:10350800F7B504000D001E00019202F073FD0300E0
:1035180005F0EEFC054F32003B5001992800A0470A
:1035280005F0E6FC385800F06FFFC04608000000C0
:10353800F7B505000600002D01D13000FEBD2800BA
:10354800FCF70AFF01238340DA430E4F04019D4331
:103558003B1901931B7B0092002BECD0E3591B69AC
:10356800002B09D1009B3C191E406368042219688E
:10357800019804F0E6FCDEE7381998470028DAD10C
:10358800F0E7C04690910010F0B5002289B00F49CD
:103598000F4805F0C1FA0024002600270E20C0229B
:1035A8000C4D03900696079728000B4B0B49049483
:1035B800029401940094920002F0B2FA084928009B
:1035C80005F0EAF9200009B0F0BDC046ED3500105D
:1035D800A01A002028160020F1380010581D0020DD
:1035E8007A9B001010B5024802F008FA10BDC046D8
:1035F800E8110020F7B500901F48019104F080FC05
:10360800061E35D000252800FEBD237B002B11D0D7
:103618002368DB68002B01D02000984763689F71FE
:1036280023681B69002B1BD16368042220001968DA
:1036380004F087FC01361034104B9C42E5D3009B04
:10364800002BE0D0002DDDD02800FFF771FF019B93
:103658000500002BF6D00021642002F085FCF1E77C
:10366800200098470028DFD03B00B3401D43E1E726
:1036780005000127024CDFE78C1C0020A0910010F8
:1036880090910010014B8000C05870476C94001056
:10369800030010B50800002B05D0044A136000F0A1
:1036A800ABFC002010BD16204042FBE7F0100020C4
:1036B80010B5054C2378002B02D1044802F09EF97E
:1036C8000123237010BDC0463A1D0020E8110020D8
:1036D80010B50400074804F013FC002C03D00121A6
:1036E800054805F04BFA054805F022FA044802F0AF
:1036F80085F910BD841C0020881C0020A01A002019
:10370800E811002010B50021014805F044FA10BD69
:10371800841C002070B5FFF7F5FF0500084C094B25
:103728009C4200D370BD63685B79002B06D0236888
:103738005B68002B02D02900200098471034EEE780
:1037480090910010A091001010B5044C044920007D
:1037580004F066FA034B1C6010BDC046AC11002093
:10376800589400107C1C00200023FA210C4A10B544
:1037780013700C4A890013600B4A0C481360FFF75A
:1037880087FFFFF7E1FF0A4B0A4918008B4200D375
:1037980010BD1A1A5C681211013222711033F5E754
:1037A8003B1D0020841C0020881C0020137F001073
:1037B80090910010A091001010B5044C0100002257
:1037C8000023200004F04DFA10BDC046AC110020C3
:1037D80010B5024804F0DFFA10BDC046AC11002055
:1037E80010B5034B0100186804F026FB10BDC04655
:1037F8007C1C002010B5024804F057FB10BDC046E1
:10380800AC11002070B5204B1878002826D0FFF79F
:10381800DFFF1E4C051E2CD11D4B1E4C1B68002BB8
:1038280011DD05F075F90A220023FCF7D9FD22689D
:103838006368801A9941002903D1FA239B009842B2
:1038480001D9FFF767FF22686368FA20002180002A
:1038580012184B4122606360FFF7CCFF70BD6368AC
:103868005B79002B04D02368290020001B68984747
:103878001034094B9C42F2D32800FFF7B1FF012115
:10388800064805F07BF9C7E73A1D00209091001023
:10389800841C0020981A0020A0910010881C002089
:1038A80070B50E4D297800290CD10120FFF7A2FE32
:1038B8000B4C0C4B9C4206D3FFF7A4FF0028FBD10E
:1038C80001232B7070BD63685B79002B03D02368DC
:1038D80020009B6898471034EBE7C0463B1D00204A
:1038E80090910010A0910010F7B500210800FFF793
:1038F80081FE041E2DD0FA2700267F0005F0F8FA75
:103908001C4B1D4A1B581360002B06D01B4B1B6811
:10391800092B02DD1A4802F071F800230093002CED
:1039280007D02000FFF704FE041E02D101277F42C2
:103938003E00FFF767FF0190002808D1009B114D5A
:10394800002B13D10E483A00330002F089F8019B8E
:10395800E4E701277F423E00D0E72B689B69002BF4
:1039680003D000222800110098471035064B9D42CD
:10397800F3D3E7E708000000801C0020881C002023
:10398800E811002090910010A091001013B515487F
:1039980004F0B6FA144B1B78002B0AD0EFF310840E
:1039A80072B6FFF72FFF002C02D162B6BFF36F8FFC
:1039B80013BD0E4B1B68002BFAD0002809D100223A
:1039C80000230B480092019300230A4A02F02CFEC0
:1039D800EEE70928ECD1064805F0AAF8064802F0F7
:1039E8000DF8E5E7881C00203B1D0020801C002006
:1039F800A01A002010270000E811002010B5064B7F
:103A080004001B6898472100A060044804F0A7F947
:103A1800FFF7BCFF10BDC046F0100020AC1100201D
:103A2800044B054A00209B1ADB08994201D2C900C1
:103A3800885870479091001068910010F0B55E1C8E
:103A480085B0B5000090280007231730984303304D
:103A580080080F000192FFF7AFFE02AB04000322BB
:103A6800581D002105F0ADF803AB1E70002C0BD0DB
:103A7800039B21002361002314312A1F0198C05899
:103A8800C85004339A42F9D1E023BA015B001A40C6
:103A98006D02054B2A431A4020000023009904F0C8
:103AA80074FA05B0F0BDC046C0FF0F00F0B591B084
:103AB80004AF3B600B035B0D0D0078607A613B61DE
:103AC8000C0D002B00D173E0BB60002604237E623E
:103AD800BE62FE6202931833FB1801930A23182270
:103AE800009302339B18DB193200B9687869FFF735
:103AF800E9FA8023F8601B01984224D37B696C465D
:103B08001A795B798AB01B0213437A699279120495
:103B18001A437B69DB791B06134304AA9361294B7B
:103B28002949D36180239B001384284B5161136179
:103B380092213300264810328901FFF7B7FFA546C6
:103B4800BD460DB0F0BDFB6817345B055A0D3A61F0
:103B5800204A1B0B15401D43FB68E01807239843B8
:103B680003308008FFF728FE041E15D00300103329
:103B78007B62FB68FE62BB62042302931833FB1866
:103B880001930A231821009302335B18124AB9687B
:103B98007869DB19FFF796FA3B690E4A5B02154014
:103BA8001D432A0020003B68796804F0EEF9C7E756
:103BB800200007231730984303308008FFF7FCFDE7
:103BC8000400E9E7FF0700008F9B001004000001D4
:103BD80070910010FF01F0FF617F0010F0B587B011
:103BE8000E9F0400150002910393002F15D00F9B20
:103BF80010210593009300203B000D9AFFF786F8EB
:103C0800802306001B01984208D30221174A18484E
:103C1800184B04F0DAF907B0F0BD3E000723220084
:103C28000C9C1D401A40D2001734AD011543A01951
:103C38007202154398430C9A033012058008154305
:103C4800FFF7BAFD041E09D0002F07D00F9B3100E3
:103C580000930D9A3B001030FFF758F82A00200017
:103C6800039B029904F091F9D5E7C046CE9B00105A
:103C780070910010FF0700004068002804D0044B32
:103C8800C01AC00800B2704701204042FBE7C04696
:103C9800689100100EB417B5054C05AB04CB0100B4
:103CA8002000019300F0BCFC1EBC08BC03B0184700
:103CB8001980001010B5CB0604D4890603D5034932
:103CC800FFF7E8FF10BD0249FAE7C046079C00105D
:103CD800069C0010F0B591B0079317AB1B78040051
:103CE8000D0006920593002B00D1B4E002261B9B21
:103CF8001B9A1E4001231A400C921B9A07331A4044
:103D080008921B9AF8331A400992002704F017F911
:103D18000200B84204D020008D49FFF7BBFF07001E
:103D2800002E09D044231B9A1A4235D12A002000BC
:103D38008849FFF7AFFF3F180C9B002B0AD0059A64
:103D4800854B9200D258002A00D1844A2000844929
:103D5800FFF7A0FF099B002B5AD0089B002B77D1B7
:103D68001D00069B002B05D01A0020007D49FFF797
:103D780091FF0500189B7C48ED19002B00D0BEE090
:103D88001A9B002B74D11B9BDB0700D5DAE02000BF
:103D98001B99FFF78FFFBEE00020744B1E68864218
:103DA800C9D0734B28001968FCF70EFAFA253100C0
:103DB800FCF746FAAD0069430A9008003100FCF7A9
:103DC8003FFA0E91E1210D9009010A98FCF738FAA3
:103DD8000B910B983C21FCF7F7F9E1210F900901B1
:103DE8000A98FCF7F1F90A900E9831006843FCF73D
:103DF800EBF90D9B02903C210B980193FCF720FAFC
:103E0800200000910F9B0A9A5A49FFF743FF92E757
:103E1800089B099D002B08D0059A574B920020005B
:103E28005649D258FFF736FF0500069B002B05D0F0
:103E38001A0020004B49FFF72DFF2D18079B002B78
:103E480098D01A0020004E49FFF724FF2D1891E75B
:103E580000230793E0E7079B4A48012B00D142481B
:103E6800189B059D002B4AD11A9B002B53D0002587
:103E78001A9F102F00D9102720001B99FFF71AFF4F
:103E88000026B5424CDC199B20001A783E49FFF702
:103E980001FF012607231E4203D120003B49FFF7FB
:103EA800F9FEB74242D9199B20009A5D3649FFF7BF
:103EB800F1FE0136102EEDD1002620003449FFF71F
:103EC800E9FE3300199AD25C1300203B5E2B00D91F
:103ED8002E2220002F49FFF7DDFE0136102E2AD0B2
:103EE80007231E4203D120002849FFF7D3FE3300E1
:103EF800B742E7D820002549FFF7CCFEEDE7189B2D
:103F08002200254903F027FD1A9B002BB0D1059B01
:103F1800002B00D037E7200004F06EF811B0F0BD98
:103F280020001A49FFF7B6FE0136AAE720001B4910
:103F3800FFF7B0FEBDE7199BDB1919931A9BDB1B32
:103F48001A93E2E72000054A0549FFF7A3FE1EE79A
:103F58000E9C0010129C00107C940010099C00100C
:103F6800379C00103A9C001019800010941C002007
:103F7800901C00201B9C0010909400103E9C001088
:103F8800449C00103F800010499C0010519C001078
:103F9800539C0010559C0010294600104F9C00109F
:103FA80073B5114A04000B000568914200D913004B
:103FB800052168460D4A02F06BFB0600636828007D
:103FC8000B220B495B6804F008F86368320028008C
:103FD80069465B6804F001F8636828001B220549FC
:103FE8005B6803F0FAFF73BD0F2700005B9D0010AC
:103FF800749C0010589C0010012310B500211C006F
:10400800074A904207D8074A002900D101231360C4
:10401800054B186010BD210040085B00F1E7C04661
:1040280040420F00901C0020941C00200122014BEC
:104038001A7070473C1D0020014B00201960704722
:10404800AC1C002010B50248FFF7AAFF10BDC046FF
:10405800C094001010B5054B0C001868FFF712FB50
:104068000F22030021000248984710BDAC1C002015
:10407800C09400100122F8B5084D094B2C686F68F0
:10408800084E1A70002C01D12C60F8BD21003000B8
:104098003A0000F023F8241A3618F3E7A01C002091
:1040A8003D1D00203E1D002010B5002802D1084B00
:1040B800187010BD074B1B78002B03D0064804F07E
:1040C80011FCF6E70021322001F04EFFF1E7C0466F
:1040D8003C1D00203D1D002088130000F7B50E0090
:1040E800042400901D4B1D780193002D16D104F077
:1040F800EFFB320007000099280001F041FA0500A3
:10410800380004F0E9FB164F002D1CD001233B704A
:10411800019B1B78002B0DD13000FEBD3200002022
:10412800009901F02DFA0500EDE72000651EFFF764
:10413800BBFF2C00002001F0B1FA0028ECD03B783E
:10414800002BF2D1E8E73B78002BE5D0013C2000BA
:10415800FFF7AAFF3B78002BC4D1DDE73D1D002007
:104168003C1D0020F0B585B000AF0C1EB86036D0FD
:104178006E468AB06D4609686268A3682B6205239B
:104188002048A9616861EA612B61A1212A001E48C3
:104198001032002389017A60F860FFF787FCB54682
:1041A800E168AD46226963692B6205231748A96156
:1041B8006861EA612B61A12100237A68F8688901A6
:1041C800FFF774FCB546E3690121114AF86803F06A
:1041D800FCFEA36901210F4AF86803F0F6FEBB68EC
:1041E800012B07D1EFF305830B4A0748B968103B49
:1041F80003F0EBFE2100B86801F07EFABD4605B079
:10420800F0BDC046B09C001080910010DF9C0010EB
:104218000E9D00101D9D00104B9D001030BFFDE746
:10422800F7B50A4B0A4D0600EF18CC1B2A002000F0
:104238000849019304F0BCFC60190021019A04F0BC
:10424800C0FC3800083C74660830FEBD0800000059
:1042580000000000A0910010054B5A699B689A4223
:1042680005D08023034A5B0551680B4353607047B0
:10427800081D002000ED00E0F0B53E4B8BB05B68F8
:1042880000AF7B60DB05DB0D04003B6062B6BFF36B
:104298006F8F394E130EFF2B08D1F33B1340082BB9
:1042A8003DD101213000354A03F088FE00252C005D
:1042B8003B68032B39D1324A0121300003F07EFEDE
:1042C800A369304A934202D32F4A934205D32F4A17
:1042D800934249D32E4A934246D2023B1A882D4B29
:1042E8009A4241D12368012130002B4A03F06DFE28
:1042F800266808232022F818210004F059FC7B6A5C
:10430800002D33D0DA0502D1244A13437B620823F7
:104318003000F918FFF726FFBD460BB0F0BD0125A8
:104328001207C5D50C000025C2E7F82279685200AB
:104338001B4B114200D01B4B6A468AB07A606A4612
:1043480093613B681849103BD36180239B00138419
:10435800164B5161136191210023300010328901FD
:10436800FFF7A4FB7B689D460026C2E75B0A5B0259
:10437800CCE7C04600ED00E0809100108C9D001055
:10438800B79D0010A8010010048F0010E81000204D
:10439800E810002002DF0000CE9D0010FF010000A1
:1043A8005E9D0010739D0010EA9D0010040000013E
:1043B8000821024A53698B435361704700ED00E0BE
:1043C800EFF30880EFF3098101B57246FFF754FF58
:1043D80001BDC046094880F3088872B608480949F3
:1043E800401880F30988EFF314800221084380F312
:1043F8001488BFF36F8F03F06FFE0000582D002064
:10440800582000200008000010B50A4B9B68834222
:104418000DD1EFF30583002B09D08022064B5205FE
:1044280059680A435A605A6A04490A405A6201F0B4
:10443800E7FD10BD081D002000ED00E0FF7FFFFF35
:1044480015498A6815481044EFF3098CF0C04346B3
:104458004C4655465E466746F8C072B6104F114E38
:104468004A698A603E60104C141920680F4C20601D
:10447800906E00239366002800D162B6074C10198D
:104488001030F8C89846A146AA46B346BC46243818
:10449800F0C88CF309887047081D00203000000020
:1044A80004ED00E00000000864000000B01C0020DB
:1044B80004207146014202D0EFF3098001D1EFF3E5
:1044C80008808169023909780229FFD001B572464E
:1044D80003F0F0FD01BDC04643B2000605D41F221B
:1044E8001A4001239340014A1360704700E100E03D
:1044F80030B5FF2503220B00290040B20240D2004C
:1045080091409B012B40C943934000280ADBC024FB
:104518000A4A800880008018A40002590A40134300
:10452800035130BD0F2210400838054A800880002A
:104538008018C26911401943C161F2E700E100E047
:1045480000ED00E0FF22044B9343044A9360BFF35D
:104558004F8FBFF36F8F70470001001000ED00E030
:1045680010B5203A1360029B01245360039B06494F
:104578009360049BA143D36080235B04D361002331
:1045880091610265836610BD0935001070B50B4B4B
:1045980015009860426E0A4B0E001A602C1C86F3B8
:1045A80009880020034B9847201C00210022002383
:1045B800014C2047F780001009350010081D002025
:1045C800B01C00201022014B1A61704700ED00E07A
:1045D800F0B5C02400220326FF25A40010002F00F8
:1045E8003040C0008740054993089B005B18195963
:1045F8000132B94319511A2AF0D1F0BD00E100E0A7
:1046080010B5EFF30583054A103BDB00D118496864
:1046180098588847FFF720FE10BDC046FC8F001051
:10462800F0B587B007000E0014000021102268467C
:104638001D0004F0C6FA6A4602239370054B2A004F
:104648002100684601930497059602F0CFFA07B057
:10465800F0BDC0461781001010B5024B1B68984783
:10466800002010BDB41C0020034B044A186002232C
:1046780091780B4393707047B41C0020F41000200D
:1046880010B5044803F0C2F962B6BFF36F8F042374
:10469800181C02DFFD9D0010072310B50449054AC8
:1046A80099430548521A03F000F9002010BDC0468E
:1046B8005F2D002000200420B81C002049B2436868
:1046C800102916DC0A290BD00B2910D00C224A43DA
:1046D8001B689B18802292019B188022120103E01C
:1046E8009B68054A9B182D2200201A607047DB68DA
:1046F800F7E716204042F9E70430000049B2436862
:10470800102916DC0A290BD00B2910D00C224A4399
:104718001B689B18C02292019B188022120103E09B
:104728009B68054A9B182D2200201A607047DB6899
:10473800F7E716204042F9E704200000802310B56F
:10474800084A5B041360084A94691C4202D0162088
:10475800404210BD01609269100018401A42F8D01A
:10476800F5E7C0461830064000000640030010B5C3
:1047780008000B2907D8FBF71DFD090909091220B4
:10478800282C2C2C33330120404210BD1A680C23EE
:104798004B439B58134ADB051B0FD056F5E7124ACB
:1047A8000E201368116803220C0014401142ECD04B
:1047B8000E4A0238022CEED1E7E70D4A04201368AE
:1047C80012689207E1D00B4AE5E70B4B0B4A1B68CE
:1047D800E1E70C234B430A4A9B181B68094ADAE7AE
:1047E8000C20D2E71C9E001030800040199E00105B
:1047F8003C800040139E0010488000400C9E001032
:1048080000800040069E0010F8B506000C00756890
:1048180021002800376903F085FC002800D16DE0ED
:104828000E2C00D96AE02000FBF7C4FC0808080831
:1048380008082A08080830306A6266002100280043
:104848002F68FFF793FF01003000FFF7DDFF0C230F
:104858006343FB185E68051C5868C0B2FCF784F90E
:104868002849FBF78BFF041C300AFCF77DF9011C73
:10487800201CFBF70FFE011C281CFBF77FFFF8BD6F
:1048880006212800FFF772FF0400C0E70A2C2DD18B
:10489800AF6821002800FFF769FF01003000FFF72B
:1048A800B3FF061CB868FCF75FF9311CFCF748F841
:1048B800061C3F203D68FC682840FCF755F9011CA0
:1048C800301CFBF75BFF0725061C200C2840FCF773
:1048D8004BF9011C301CFBF751FFFF68041C380B17
:1048E8002840FCF741F9011C201CC6E7EF68D0E717
:1048F8003868FCF739F9C2E77868FAE70020BEE7BC
:104908000148BCE700007F43001B374BF0B5446803
:104918008FB0A36822220393E3685F4905A8049334
:104928002568276904F044F95C4B5D4A1A605D4BC1
:104938005D4A13601E005D4A12689643FAD10C2145
:10494800300000F009FDAE6700F0F2FC0321584B7F
:10495800DA6B8A43DA635A6C012AFCD103211A6B99
:104968008A431A639A6B012AFCD1E269514B039876
:104978005A43636A0093236AA16900F073FCE26AF0
:104988004C4B04985A43636B0093A16A236B00F065
:1049980069FC112105A803F00FFC730005AA9956BC
:1049A800C8B2092867D90136112EF6D1C0239B0158
:1049B800EA1880231B0113603F4A3800AA181360C5
:1049C8003E4A1430AA1813603D4AAD182B602300E4
:1049D800AA25D83319682D012943FFF7AFFE00280F
:1049E80055DB2300DC331B68364938001943FFF7D1
:1049F800A5FE00284BDB2300E0331B68002B48D0C2
:104A080029001F2B00D8591938001030FFF796FEDF
:104A180000283CDB2600E43631682B4D89B2294357
:104A2800381DFFF78BFE002831DB3800316808306D
:104A3800090C2943FFF782FE002828DB234B1A4A7A
:104A480013601A4B1B68DB43DB01DD09002BF8D12F
:104A58002900606902AA03F09FFC002807DB029B7B
:104A68002A001979186803F0AAFC002801DA831CC7
:104A78000DD100200BE0090161180B6C00934B6C01
:104A8800CA6B896B03F0A3FE00288CD116380FB0CF
:104A9800F0BD0F49B8E7C046A091001000E0004003
:104AA800BFCDFBFEFE7F3C0000F0004008C0004088
:104AB80000800040001BB7000C30000018300000D8
:104AC8002430000000B0FA0000009696FFFFFF01B6
:104AD800A10A000010B5044C2000FEF70BFD2000D1
:104AE800FFF7C2FD002010BDF54A001073B56B46F4
:104AF80004000325DE1D307001223100002000F083
:104B0800B3FD0C4B002803D001221A70200076BD9B
:104B18001A78002AFAD0013D002D08D003F036FF9C
:104B28000028E9D10021142001F01EFAE4E71D70E5
:104B3800ECE7C0464E1D0020D0231B061B685A42D6
:104B480053412F225B429343064A9B181A00106870
:104B5800002804D10432D11A0C29F8D97047012051
:104B6800FCE7C04650410140F7B5036907000193CF
:104B7800D0231B061C68002563425C412F23644236
:104B88009C43174BE4180722EB0808339B001B597A
:104B98002A409200D3400F22134203D101351E2D23
:104BA800F1D1F7BD0F21280000F07EFC019B596868
:104BB8000029F3D00123AB400E6800930029EDD003
:104BC8008B68009A00981A40034202D038004B685C
:104BD8009847331E00D0336831001E00EEE7C04608
:104BE80030410140F8B50D00141E066910D11100BE
:104BF800280000F0D1FB284BAD00EB181A68802381
:104C08005340C0221340254AAD182B600020F8BD40
:104C180001275209210928003A40394000F0BCFB1D
:104C28000521280000F0A0FB802321005B02194029
:104C38001C421AD0D023AF401B069F62A303E5D5C0
:104C480001200300F268AB40A10719D51A43F260AE
:104C5800D0223169120665070BD519433161A40CBE
:104C6800936104420AD05362D0E7280000F04AFC5E
:104C7800E4E799433161E40C5361F2E79362C5E7D5
:104C88009A43F260D0221206210301D55361EAE764
:104C98006403E8D59361E6E704C0014004D001400D
:104CA800436803491A68936B0B4093637047C04687
:104CB8007FF8FFFFF0B5436887B00493036902915A
:104CC800059203931B7A0500002B00D09FE0002A71
:104CD8000BD00121049B1A68136B8B431363436841
:104CE8000F311A68D36A8B43D362EE226B681B6854
:104CF800DC6A9443029A1279012A06D0022A16D055
:104D0800002A04D0862040426AE002221443029A14
:104D18005279012A03D0032AF4D105321443029AA6
:104D280090790328EED8FBF745FA0604181A0622EC
:104D3800ECE720221443029AD279002A11D0012AE2
:104D4800E0D18022196BD2010A431A636B681A6892
:104D58008023116B1B020B430CE04022EAE7602220
:104D6800E8E71A6B2B490A401A636B682A491A68E4
:104D7800136B0B401363039B40267642F717D868E2
:104D8800029B810E1A68800100231201FBF728FBA1
:104D980000900191009A019BB6185F41002F34D111
:104DA8001E498E4231D8019B69689806009B0968A4
:104DB8009B0903434B623F216B68009A1B680A40BA
:104DC8009A62BFF35F8F6B6802991B680398DA6A6F
:104DD800DA626B6808221B68DC6203F0E9FE3800BF
:104DE800059B002B0FD0049B1B7F002B05D16B6804
:104DF8001A681023D16A0B43D3626B681A680123BF
:104E0800116B0B43136307B0F0BD16207BE78620B8
:104E18004042F8E7FFBFFFFFFF7FFFFF80FF3F0033
:104E2800F7B5456804000669A868002861D12869B3
:104E3800002867D1377A002F32D13900686801AA73
:104E480003F0AAFA00285CDB019B3A00197918687C
:104E580003F0B5FA002854D16B6A002B00D09847AC
:104E6800012163681A68136B8B43136363680F31FE
:104E78001A68D36A8B43D3622B6A002B53D1002262
:104E880031002000FFF716FF63681A681023536388
:104E98002A7F002A04D162681268D16A0B43D36260
:104EA800002263681B689A636368264A1B685A6411
:104EB800337A002B13D1626812689364BFF36F8F43
:104EC800022163681A68136B8B43136363681A685B
:104ED800C023116B9B000B431363BFF36F8FAB6948
:104EE800200098470123327A3374002A21D0002009
:104EF80007E0E9688368DB68002B20D09847002822
:104F080095D0FEBD836869691B68002B00D098475F
:104F180032002869696983680C32DB68002B00D18C
:104F280088E7984786E72000F16898470028A6D0C8
:104F3800E7E762681268116B0B431363D7E75820E1
:104F48004042DEE7FF07000070B580251049114B8D
:104F58008C681B680E6810488A686D02002C08D19E
:104F6800002A11D11A002E4209D100681818801A97
:104F780070BD002A0AD02E4201D1A242F5D9046898
:104F8800E41804600968F0E71C00F4E71A00F2E787
:104F980010E000E0DC1C0020D81C00200020094A9A
:104FA800136A1B021B0A1362074B084A1A60084B54
:104FB800084A1860084B5A600722986019680A4323
:104FC8001A60704700ED00E0DC1C0020D4300000BF
:104FD800D81C0020D330000010E000E0F8B5002411
:104FE800FFF7B2FF0F4E230031680F4D0A00286803
:104FF800696880185941286069600C4D34600C4913
:105008002E686F68801BFBF7DFF8094923004143CE
:105018000A0092197B412A606B6001F0FDF9FFF7E5
:105028001BF9F8BDD81C0020E01A0020D81A00206F
:10503800D4300000F0B53B4B3B4D87B000295FD022
:10504800421C08D101212A688A432A60FF221206DD
:105058001A6007B0F0BD1B68039300230293012870
:1050680053DCEFF31083059372B6FFF76DFF002250
:105078001100AB6804932D4B1E685F6836184F41CA
:105088003000390018605960294B009601971A6062
:10509800284B1C68009B1B1B93423DDB264F029844
:1050A800264A78438018C0183900FBF78DF8009B12
:1050B8007843E41A80232018DB00984200D21800B5
:1050C8001F4B984200D91800164B18491860013830
:1050D800AB6868600020A860049AD41A9A421ED26D
:1050E800039D621903000C684D6812196B410A6030
:1050F8004B60059B002BACD162B6BFF36F8FA8E75E
:105108001B680393431CA8D10E480F4B984200DD3F
:105118001800431E0293A4E78020C000D4E72200B1
:10512800E0E7C046DC1C002010E000E0E01A0020A8
:10513800D81C0020D81A0020D4300000D33000003A
:1051480084C6FF003D0500003E05000070B5EFF382
:10515800108572B6084A094B14681B68E41AFFF7F1
:10516800F3FE0019002D02D162B6BFF36F8F044918
:10517800FBF72AF870BDC046E01A0020D81A0020B4
:10518800D430000070B5EFF3108572B6054B1C687B
:10519800FFF7DAFE2018002D02D162B6BFF36F8F39
:1051A80070BDC046E01A0020F7B50C2444430193B3
:1051B8002A4B0092E4186368089A05000E0093428F
:1051C80000D26260C0232F1F9B01FFB2E318012F9A
:1051D8001BD8012E19D103221A60A3683342FCD0D0
:1051E800009B22685B015340E02213408022520159
:1051F800A21813600321236873400B401360012336
:10520800B340A2681342FCD01BE0802212011A604E
:10521800134BAA00D158002907D05869FAF7D4FFD0
:10522800431C032058430338FDD2009B22685B01CE
:105238005340E022134080225201A2181360012F2C
:10524800D8D9802380229B01E31812011A60089B99
:10525800019A6360024BAD00EA50F7BD0080004040
:10526800E01C0020F8B51700040029480D001E00B6
:10527800FAF7AAFF274B0100FA18274B9A4201D9DF
:1052880002F042FF3800FAF79FFF02009823103A15
:105298005B009A42F4D8731E062BF1D8069B013B9B
:1052A800062BEDD8069B32041E0323681643002BF9
:1052B8000FDA3F2223681340AB420AD1A3681B05CB
:1052C8001B0D834205D1EE22E368D2021340B3429C
:1052D8001CD0124B1249E21853425A4101230C3296
:1052E8009340104A1360104A13601F000A689743DE
:1052F8003A1EFAD10D4B2132E3182560A0601A60DE
:105308002268002AFCDA0822E6601A60F8BDC04666
:10531800001BB70080E84BD380F8A9320040FDBFDE
:1053280008C0004000E0004000F0004004300000E9
:10533800AA22064B12011A602F220549DA60054A93
:1053480011605A68002AFCDA7047C04600400240E3
:1053580000B0FA00006002408023024A9B000B4321
:10536800D36270470080054010B5084B8200D318FF
:105378001C6840236340C0242340054CC000121918
:105388001360044BC018416010BDC04604C0014002
:1053980004D0014000400140064B8000C3181B6840
:1053A800C90092000A435A400C231A40024BC01805
:1053B8000260704704C0014004D00140064BC000A1
:1053C800C3181B6809075940C0239B051940034BA4
:1053D800C01801607047C0460440014004500140B5
:1053E800064BC000C3181B6809045940C0239B0220
:1053F8001940034BC01801607047C0460440014083
:1054080004500140064BC000C3181B6809025940EC
:10541800C0239B001940034BC01801607047C04669
:105428000440014004500140064BC000C3181B68EB
:1054380009035940C0239B011940034BC018016060
:105448007047C046044001400450014002238000D8
:10545800002903D0024A801803607047014AFAE71E
:1054680004E0014004F00140054B8000C3181B68AC
:10547800594001231940034BC01801607047C046CA
:1054880004C0014004D00140054B8000C3181B68CC
:105498000901594030231940024BC0180160704778
:1054A80004C0014004D001400722C3081040800016
:1054B8008140024A3C339B009950704700400140AC
:1054C800F8B5D0231B061C68050063425C412F23F6
:1054D80064429C430A4B0F00E4181600FFF7E4FFF0
:1054E80007232B40ED089B00AD009F4064198023E3
:1054F800002E00D1C0239B01E4182760F8BDC046E8
:105508003041014040238000002903D0024A80181E
:1055180003607047014AFAE704E0014004F00140E3
:1055280070B5124CA8220021200003F04AFB032387
:105538000F4A236163610F4BA261E36180235B0122
:1055480023620023A3626362E36222660A4A0B486D
:1055580062664022A2662367E36663670F331D0015
:10556800C15CEA1AA154013BFAD270BD4010002078
:10557800839E001040000020000000208C9E001038
:10558800F0B50F0014001821020085B00390013017
:105598004A4341431C4EB2187618556A7068936A9C
:1055A8004019AB4229D8126A0192521B0292013A61
:1055B800944205D82200390003F0FAFA2D1912E0B6
:1055C8009A180021944215D83900029A03F0F0FA8B
:1055D800019B2C19E51A9C4205D0029B2A00706891
:1055E800F91803F0E5FA18220399074B4A430121F9
:1055F8009B185D62080005B0F0BD013B00215B1BF4
:10560800A342F7D3D6E7C0464010002070B5140077
:105618001822451C55434243124B0E00ED189B18A7
:10562800DB6A012B0BD0022B15D0002B04D12800EC
:1056380003F0FBF8844208D90024200070BD28003C
:1056480003F0F3F8844200D9040022003100280056
:1056580003F0F4F8F1E72200280003F007F904004A
:10566800EBE7C04640100020F8B50B4B04001B7850
:105678000E001700532B01D0FFF752FF03F028F953
:105688003A00050031002000FFF7C0FF04002800A1
:1056980003F022F92000F8BD4010002018224243F0
:1056A800024B9A18936A506AC01A7047401000203B
:1056B8000F231A0070B506490648D41A0C5DC55C5C
:1056C800A54202D1013BF8D270BDFFF729FFFBE7E5
:1056D800401000208C9E001010B50400FEF7E0F882
:1056E80003480121034A02F069FC200003F016F97F
:1056F800809100109D9E0010F0B585B005000C004B
:1057080000AFEFF310837B6072B62D4A9368FB609D
:105718002C4B042802D82C4B8100CB586E468AB0FB
:10572800117C6A46D361294B29489384294B5061DF
:10573800956111621361B121274B1032BB60B868C3
:1057480000238901FEF7B2F9B546002C07D0E369BA
:10575800DB0504D00121214AB86802F02FFCFB6860
:10576800002B07D0180003F01AF9002802D003789C
:10577800002B00D11A486E468AB06A46194BD06190
:105788005361FB689361114B1384174B136191218B
:105798000023114810328901FEF788F92100B54627
:1057A8002800FFF799FF7B68002B02D162B6BFF390
:1057B8006F8FF868FEF728FEBD4605B0F0BDC046FD
:1057C800081D0020AC9E00100C960010010300007C
:1057D800C29E00100500000180910010EA9E001092
:1057E800BA9E00100B9F001004000001F8B50127B5
:1057F8000A4E83009D59013084003359AB4200D8CA
:10580800F8BD6868002806D0037F3B4201D103F049
:1058180089F80835F1E72B689847FAE720960010D1
:10582800012270B5234B032086B01A70FFF7DEFF04
:1058380003F0BDF90420FFF7D9FF1F4C26001F4DC8
:10584800AC420ED300F0CAFAAE4220D300F0D6FA2A
:10585800FDF770F901211A4A137B8B43137306B0C5
:1058680070BD636A0593236A0493E3690393A3698C
:1058780002936369019323690093E368A2686168EE
:10588800206800F013F923685C653034D7E7B26A02
:10589800F36A511C01D1591C05D011003068194315
:1058A80003D100F087FB3036CEE70649183000F008
:1058B80023FDF8E74F1D0020CC900010CC9000107D
:1058C800581B00208F8A001010B5034A0348002196
:1058D800121A03F03FF810BD541D0020F8110020E3
:1058E80070B5702601250400464301021148802244
:1058F8000918002086B004950E35039505356543D3
:105908000D4B0590029001900C48F6182D180C4B81
:1059180030000095520000F0C9F80422737B2C7403
:10592800934373730134074BE402E418EE606C6030
:1059380006B070BD58280020E81A0020081D002075
:105948006D89001058200020F0B5002087B0FFF7BF
:105958004DFF214B83F308882049214B0A6A002513
:105968001A40C0231B0413430B62FEF721FDFEF708
:1059780029FEFDF7F9FE1B4800F0FEF802F0C0FF13
:105988000120FFF733FF0220FFF730FF00F066FA2F
:10599800154C164B80225C61154B164E059301235E
:1059A80015490493D2003300200003950295019510
:1059B800009500F07BF804220700637B20009343E6
:1059C800637303F02AF82800FFF78AFF32003900D2
:1059D8002000FEF7DBFDC0465828002000ED00E05F
:1059E800FFFF00FFC81B0020581B0020081D0020D7
:1059F8006D9F0010295800105829002070B5EFF34A
:105A0800108572B60468A0421AD0002C18D06268BB
:105A18002368002613605A6002222000637B2660F8
:105A2800934363736660A660183003F047F820005C
:105A3800E66602F0F2FF2900084800F0A3F970BDFD
:105A48008268C3689B1A591E8B419B188360002D7E
:105A5800F5D162B6BFF36F8FF1E7C046501D002045
:105A680013B50400EFF3108172B68068002808D0DF
:105A78000138A060002902D162B6BFF36F8F002001
:105A880016BD1000184307D1002902D162B6BFF332
:105A98006F8F10204042F3E70092019322000248E2
:105AA80000F054F9ECE7C046501D0020F0B587B06F
:105AB8000593030058338365C365109B0727037359
:105AC800042300250732BA434373D2190F9BBA4304
:105AD80083738B180E0085601900C5738561C561D5
:105AE80004000493FEF79CFB049BC019B8431F1ADB
:105AF8000E9B3A0002930D9B310001930C9B2000F2
:105B08000093059BFEF72CFD044B65659B68AB4233
:105B180000D01B6E3800236607B0F0BD081D0020BA
:105B280070B50400002086B005900E98119D049071
:105B38000D98109E03900C9802900B9801900A986B
:105B480000902000FFF7B2FF2B00721C01D1013337
:105B580005D02B00334305D1200000F02BFA20009C
:105B680006B070BD200032002B000249183000F04A
:105B7800C3FBF4E78F8A00100223FF3383810023DD
:105B88000366014B98607047081D00200B21084AE6
:105B980049429368D9669866802306495B05486838
:105BA80003434B6062B6BFF36F8F9368D86E70473C
:105BB800081D002000ED00E00D2370B5C356427BA0
:105BC800002B38DBD30636D180235B4213431B4CB2
:105BD8004373A3691A49E2698B4207D101604260A5
:105BE8001060E06111E09A42F8D01B68002BF5D0F4
:105BF8000E250E2645579E57B542F4D0AE42F2DD2B
:105C08005A680360426010605860A5698D4201D0EF
:105C1800002D00D1E568A3685A7BD20605D1DA8940
:105C28007F2A02D9AA69002A06D0AB4202D02800EE
:105C380000F0AAFA656170BD6361FCE7081D0020E9
:105C4800201D00200D2270B582560500437B002AD6
:105C580004DA7F221340437302F0A3FE0D4E0E4A6E
:105C6800B469B368944201D0002C00D1F468AB4207
:105C780008D05A7BD20605D1DA897F2A02D9A269CF
:105C8800002A05D0A34202D0200000F07DFA2300AC
:105C9800736170BD081D0020201D002010B5511C27
:105CA80001D1591C03D00249183000F025FB10BD62
:105CB8008F8A00100D2270B582560400437B002A9B
:105CC80004DA7F221340437302F06BFE8023627B69
:105CD8005B4213431B4D6373AB691B49EA698B42F3
:105CE80007D1216062601460EC6111E09A42F8D03B
:105CF8001B68002BF5D00E200E2620569E57B0426A
:105D0800F4D08642F2DD5A682360626014605C60F9
:105D1800AE69AB688E4201D0002E00D1EE68A34276
:105D280008D05A7BD20605D1DA897F2A02D9B2690E
:105D3800002A05D0B34202D0300000F025FA330023
:105D48006B6170BD081D0020201D002070B50C007F
:105D580011000A4A0A4B90681860EFF3108372B674
:105D68009568280002F030FE049A059B2800FFF78A
:105D780095FF2000FFF70AFF70BDC046081D0020F0
:105D8800281D002010B500290AD1EFF3058000284E
:105D980007D1064B9A685B699A4202D0FFF7F6FE74
:105DA80010BD62B6BFF36F8FFAE7C046081D00202A
:105DB80010B500280AD1EFF30580002807D1064B5B
:105DC8005A699B689A4202D0FFF7E0FE10BD62B69E
:105DD800BFF36F8FFAE7C046081D0020EFF310816C
:105DE80072B6054B9A68D37B013BD373002902D165
:105DF80062B6BFF36F8F7047081D002070B5EFF3D0
:105E0800108672B6134DAB68DA7B0132DA73AC696F
:105E1800114A944201D0002C00D1EC685A7BD2067A
:105E280005D1DA897F2A02D9A269002A05D0A342BE
:105E380002D0200000F0A8F923006B61002E02D1E7
:105E480062B6BFF36F8FEFF3108072B6FFF7B0FF43
:105E580070BDC046081D0020201D0020024B034ACB
:105E68009A61DA617047C046081D0020201D002095
:105E780070B5EFF3108572B61C4CA168E3690A6827
:105E8800CB1A581E834149685B420A60516013402F
:105E9800E169A268002B05D1154B516013600A60B7
:105EA800E2610CE00E200E2610569E57B04218D024
:105EB800864216DD5968136051600A605A60A66907
:105EC8000B4B9E4201D0002E00D1E668A3689E428B
:105ED80002D0300000F058F928006661FFF756FE3E
:105EE80070BD8B42D8D01B68D4E7C046081D00207F
:105EF800201D0020F8B5030007000C000B4303D158
:105F0800FFF7B6FF0020F8BDEFF3108672B6134D09
:105F1800134BA8681860FFF795FEA86823003A009D
:105F28001049183000F0E8F90423AA680400517BEE
:105F380030000B435373FFF729FEAB689A6A002AB7
:105F4800E0D18022DB6A12069342DBD102F0DCFD4D
:105F5800201AC343DB171840D5E7C046081D0020A8
:105F6800281D00208F8A001070B504000D00FFF76F
:105F7800C1FF03002000621C01D1013513D01800B5
:105F8800D9170922002380185941002901D109286D
:105F98000AD904290AD802D103000B3306D80A22E9
:105FA8000023FAF71DFA70BD0800FCE70048FAE77D
:105FB800FFFFFF7F70B50400EFF3108572B604266B
:105FC800437B33420DD0183002F078FD637B20000C
:105FD800B3436373FFF7F0FD29000548FFF7D2FECE
:105FE80070BD002DFCD162B6BFF36F8FF8E7C046D5
:105FF800501D0020014B98687047C046081D0020BE
:10600800F0B5037B85B004000393EFF3108301938D
:1060180072B6019B02930823427B1A4207D0019B68
:10602800002B02D162B6BFF36F8F05B0F0BD190027
:10603800114348B2002854DB6173A368002B02D0D7
:10604800200002F0B6FC20002600183002F036FDD1
:106058005836A56DAE4201D0002D4AD12F4F0025EC
:10606800BB689C4204D1EFF305856A1E9541EDB2E9
:10607800BE692B4A964201D0002E00D1FE68B34279
:1060880002D0300000F080F87E61002D02D0254853
:10609800FFF772FDBB689C4238D1EFF30583002BF4
:1060A80034D1237BDB070FD5019B002B02D162B6CD
:1060B800BFF36F8F62B6BFF36F8F0423181C02DF24
:1060C800EFF3108372B602930298FFF75FFD039B0C
:1060D800DB07AAD562B6BFF36F8F0423181C02DF53
:1060E800A3E77F210A4013432000637302F059FCA1
:1060F800A3E7280002F05DFC2800183002F0DEFC5F
:1061080000232800EB66FFF757FDA2E7019B002B51
:10611800DDD162B6BFF36F8FD9E7C046081D0020F6
:10612800201D0020C81B00200121044B044AC01A6E
:10613800044BC0104343D1547047C046381C00205C
:10614800501D0020ABAAAAAAC289030000207F2AFA
:1061580011D80A4A106800280DD00E21084A59564D
:1061680012680020914206DB5A7BD20603D105480B
:10617800181A431E984101231840704794110020B3
:106188002C1D0020E81A002070B518240C4B0500BF
:106198001E7C0C4B7443E418200002F08FFC002294
:1061A800094B28009A55FFF7CFFF002807D0074B67
:1061B80020001A680649013AD31700F09DF870BD0F
:1061C800081D0020381C0020501D002094110020BC
:1061D8003161001070B5EFF3108572B6104A114B9B
:1061E80094681868A04207D1FFF7CEFF002D02D1AE
:1061F80062B6BFF36F8F70BD00211960127C0A4B25
:106208009B5C8B42F2D02000FFF79EFF0028EDD068
:10621800637BDB0602D12000FFF74CFD2000E3E79B
:10622800081D0020281D0020501D00200648074A90
:1062380010B5121A064902F091FB064A06480749AA
:10624800121A02F08BFB10BDE8100020F811002094
:10625800909F0010E8100020E8100020909F001088
:10626800024B1868984200D100207047981100200E
:1062780070B50600FFF7F4FF002810D002694369E3
:106288003400F517121BAB41002B08DC03D1802129
:1062980009068A4203D2D843C017104070BD01488E
:1062A800FCE7C046FFFFFF7F002010B5034B1B68CB
:1062B800834201D1FEF74AFF10BDC046301D0020C1
:1062C80030B500280ED00B4B5B6898420AD00168A5
:1062D800002907D00A694B690469456912196B419D
:1062E8000A614B610368426813605A6000230360C7
:1062F800436030BD98110020F0B5040015001E0061
:1063080085B0531C02D1731C00D17CE0A160EFF36F
:106318001083039372B6002E26DBFFF7C5FF00211A
:106328000090012040197141009AD31712184B416F
:106338003649226163610868496812184B411E009A
:10634800150001230293FFF78BFF0700304B9C4693
:106358005B680193002F1DD163462360019B636036
:106368001C6063465C6027E0284B18685968022265
:106378005242D317121A8B41521BB3411100002B02
:1063880004DC01D1002A01D10121002363612161CC
:106398000023D7E73869796922696369994202DC81
:1063A80028D1904226D9801A99417B683861796151
:1063B800636027601C607C60FFF752FF84420FD146
:1063C800144B1B68002B0BD1029B002B02D1FFF74B
:1063D8006BFF00900098FFF74BFF0021FEF72AFEA5
:1063E800039B002B02D162B6BFF36F8F28003100E8
:1063F80005B0F0BD121A8B4122616361019B9F4277
:10640800AAD03F68A6E700250026EFE7501C002029
:1064180098110020301D0020F0B587B0EFF31083ED
:1064280072B601932F4B1860FFF71AFF2E4F040026
:106438003A687B68029203932A4B9C461D680028A1
:106448000FD042690669EB179A4202DC24D1AE42AA
:1064580022D91900226963692800121A8B41226126
:106468006361029803992A00EB1712184B41002424
:106478003A607B60634620001C60FFF7F9FE21004C
:10648800FEF7D8FD019BA34202D162B6BFF36F8F1E
:10649800FFF7A0FE07B0F0BDF31704960593049A22
:1064A800059B0298039980185941002300220E4D3C
:1064B80022616361286069602000FFF701FF019B8A
:1064C800002B02D162B6BFF36F8F2000A3689847F4
:1064D800EFF3108372B6034A019313689B1B136092
:1064E800A2E7C046301D0020501C002010B5EFF375
:1064F800108472B6FFF7D8FE02000649C317086871
:10650800496880185941002C02D162B6BFF36F8FD9
:1065180010BDC046501C0020F7B50400EFF31085ED
:1065280072B603680195002B05D0002D5FD162B6C5
:10653800BFF36F8F5BE0826AC36A00210120801875
:106548005941002901D1012836D9002B04DC01D199
:10655800002A01D10122002301267642F717B61836
:106568005F4102F0D5FA01220023801859418019B1
:106578007941002902DC3BD1002839D002F0C8FA61
:10658800002301228018594180197941244B9942EE
:1065980001D1033030D802F0BBFA01220023801861
:1065A800594102225242D31780197941121A8B415C
:1065B80020001C49FFF7A0FE236B01332363236AE5
:1065C800002B0BD0002D02D162B6BFF36F8F2000D5
:1065D800236A9847EFF3108372B60193A5691834BC
:1065E800A54201D0002D0BD1019B002B9FD0F7BDF8
:1065F80002225242D317DBE7802300221B06D7E78B
:10660800280002F016FA0023EB66019B002B02D14A
:1066180062B6BFF36F8F280002F0FFF9E7E7C046C4
:10662800FFFFFF7F21650010F8B5060014001D006C
:10663800EFF3108772B6511C07D1591C05D1002FF2
:1066480002D162B6BFF36F8FF8BD002B0DDB1400CB
:106658001D1E05DC002B01D1002A01D101240025D3
:1066680001225242D317A4185D41300002F026FAE5
:10667800069A079BB262F36200232200336330005C
:106688002B000249FFF738FED9E7C0462165001004
:106698000CB470B58AB002AC05000E0020220021AF
:1066A800200002F08EFA0223A3700D4B256163606F
:1066B800002E13DB01D0731EED180FAA20000E99CF
:1066C8006561019200F092FA002E02D0002223693F
:1066D8001A700AB070BC08BC02B018470025ECE775
:1066E800E98E00100022F0B58BB003900791039B50
:1066F800511C9B5C202B00D1F7E1180009380428B5
:1067080000D8F2E10D002B2B04D004242D2B05D149
:10671800442400E00424039B951C5B5C20221A435C
:10672800692A3ED06E2A00D16FE00A220492002224
:1067380000200021009205920692802280261201F4
:1067480036012240344200D174E020271F433E0026
:10675800613E052E00D96DE0573F049EFFB2B74257
:1067680000D3FDE080262643B6B2E30500D474E0EA
:106778008023802234009B0052003340144016428C
:1067880000D185E07A1E9741069A3A4306925A420A
:106798005341009AD3180093039B34005B5D013585
:1067A800CBE70026B54BB64F2021187801330028D7
:1067B80009D06A1C9446039A525D0A43824228D043
:1067C800B04A934232D13000390000F0ABFE0028C5
:1067D8000AD0039B5B5D282B06D120210135039B42
:1067E8005B5D0135292B16D1640603D58021090686
:1067F8007B181F00079B002B03D0039B5D19079B89
:106808001D60300039000BB0F0BD00269E4B9F4F35
:10681800CAE76546C9E71A008A43413A192ADED908
:106828001A00303A092ADAD95F2BD8D00026002777
:106838000025DFE71F00049E303FFFB2B74240D279
:1068480080268022230026435200B6B21340144209
:1068580000D08DE7049A0A2A08D0059B0F2B00DC8C
:1068680086E7C02676002643B6B281E7059A102A45
:1068780000DC7DE7C02676002643B6B2042F00D898
:1068880076E702220692052F00D071E71F006FE716
:106898005A1E9341009AD31A009302000B000498E1
:1068A8002100FBF754FB08970994089B099CC01822
:1068B800614103000B435A1E9341059AD31805936F
:1068C8006AE7FE2F4CD18026B600344245D0230615
:1068D800ACD5002A00D08DE00300013D0B4300D168
:1068E80000E1802322001B011A401C4200D1D9E09C
:1068F8008023009EDB033636994200D281E0802354
:106908001B04994200D380E0614B9E427DDB069BCD
:1069180001910343D9430093890703D00621194005
:1069280006297DD1009A019B0021042012184B41B1
:10693800802100920193019B0904994270D8802319
:106948000136DB009E4200DBC9E0802300225B03A6
:106958005049761850490B4072E02643B6B21BE7FF
:106968002026334360362640782B0BD1002E09D0E1
:1069780006000E4306D180231B011C431023A6B238
:10698800049309E78026344200D14FE71B3E002AD2
:1069980003D07026009A920000929E429CD1039BDD
:1069A8006A1C5B5D2B2B05D02D2B25D18023DB00AA
:1069B8001C43A4B2039B9B5C1A00303A092A8BD86B
:1069C800AA1C0A261500B4460022344FBA4203DC3A
:1069D80066465643303B9A19039B5B5D01351E00A2
:1069E800303E092EF2D9630500D55242009B9B1810
:1069F800009371E72E23CCE71E00303E092EE0D924
:106A08006AE700184941013E76E70122CF074308AB
:106A18003B4302404F081A431000390001366EE725
:106A28008021C9008E425ADA019B9907009B9A0877
:106A38000A438021019B49039B088B4288D2002688
:106A480031051943100016000F0000F077FD0138DA
:106A5800022804D802F04CFA2222114B1A503000B6
:106A6800390000F06BFD0138022800D9BCE602F0BD
:106A78003FFA22220A4B1A50B6E6C046789F001009
:106A88000000F07F7B9F0010759F00100000F87FCA
:106A980002FCFFFFFF030000FFFFEFFFD30400002D
:106AA8000C000000009E059BB446114E6344B3429F
:106AB80012DB9B267600B34211DA01231700069EEB
:106AC8000340334301339E0880197941624600F040
:106AD800F5FA06000F00C2E700260027BFE70026E8
:106AE800044FBCE7002600277EE60A00FFE5C04603
:106AF800BDFEFFFF0000F07FF0B585B00F000190EC
:106B08000092242A02D80300012A0BD102F0F0F9DE
:106B18001622344B1A50002F01D0019B3B600020F5
:106B280005B0F0BD1800017801332029FAD00D0016
:106B3800093D0C00042DF5D91D0000262B2902D093
:106B48002D2902D101361C78851C302C32D1202306
:106B580029780B43782B08D11100683B994304D15D
:106B68006C7801950235009302E00823002AFAD0D8
:106B78001D4B0099F31818000293F9F761FB2022C6
:106B88000300944600200395392C03D96246013C42
:106B98001443263C009A303CA24213D9984202D8AA
:106BA8000CD1A1420AD202221643039A2C780192F0
:106BB8000135E8E7002ADBD10A23D4E7009A5043DD
:106BC8000019F2E7002F01D0019B3B60F30700D5C5
:106BD8004042B607A4D502F08BF92222014B1A5085
:106BE80002989DE70C000000FFFFFF7FF0B54368A7
:106BF80093B003900893837815009B0700D4F8E0BE
:106C0800002301930E78002E6AD0252E0DD04B1C40
:106C18000993019B013301930399089BF0B29847AC
:106C2800002800DADFE00999ECE74E788B1C09931D
:106C3800252EEED0002304211C00099A0293079305
:106C480009921F2C2ED83000203810280AD8F9F7BE
:106C5800B1FA1D0909270909091E0909091B09258E
:106C6800090918003300303B092B29D92A2E32D1C3
:106C780008CD600622D4002B29DB2020079304438B
:106C880005E001231C4302E002231C430C43099B3B
:106C980001321E78002ED3D109922DE00823F1E7A6
:106CA8001023EFE77F2C1ED83300303B092BDDD8AB
:106CB800600605D50A20029E7043C3180293E6E7D2
:106CC8000A20079E7043C31807932023DAE75B4224
:106CD80007932823D6E72E2E05D140231C42D1D076
:106CE800019813B0F0BD6C2E2DD027D8682E31D066
:106CF8006A2E32D04C2E30D0029B002B03DA402370
:106D08009C4300230293202333431A00653A022A46
:106D180001D9612B24D10722EB1D934308331D00B1
:106D2800AB4F0292240753D5019A029B16009C1878
:106D3800B4424FD1079B029A9E1A82E1742EA6D0C4
:106D48007A2EA4D0D8E780231C429BD080208000D4
:106D5800044397E780235B00F6E7A0239B0091E7B5
:106D680030006338122800D9E3E0F9F723FA0A461D
:106D7800E2E2E2E246E2E2E2E2E2F3DDE2E211E24C
:106D8800AD0004CD0CAB1A7001230CAF0293C9E718
:106D980080CD002F00D18F4F0299630601D40121C5
:106DA8004942380001F045FF0290BBE720200399D3
:106DB800089B9847002816DB013C029BA342F5D3A9
:106DC800079A019B944663441B1B01930794ABE706
:106DD800079CF2E7019B0399FB1A985D089B98476B
:106DE80001360028A4DA039B9A7804231343039AF4
:106DF800937001235B42019372E723063FD5A305F5
:106E080037D50722073595432F000CCF04920593F9
:106E1800102325009D43059B002B3ADA0499059A17
:106E280000244B429441049305948023DB001D43C6
:106E3800ADB20CAC0A2304980599220001F04BFF6F
:106E4800041B6B0665D501232A009A431300029A96
:106E5800A24200DCA4E0002E00D19CE01022290010
:106E680011400B91154200D09CE0029A1D00069239
:106E78001EE02F0008CF0493DB170593C8E72F0007
:106E880008CFE205F7D5A20501D55BB2F3E71BB23F
:106E9800F1E7049B059A1343CBD16306C9D5029B3E
:106EA800002BC6D111339C43029B25001C0006937E
:106EB8002A00494B1A400B921D4277D0069B01339A
:106EC800069300230B9371E010239C43063B9C46DA
:106ED800802322001A4006921C4242D021008133AE
:106EE800FF3319401C4239D00722EB1D93431F0082
:106EF80003CB083703000B4346D1250016339D43C7
:106F0800630644D5029B002B41D117339C432500CF
:106F1800029C10232A001A400B921D4256D0631C73
:106F2800002E42D022003FE0102378269C461C43C6
:106F3800CEE7782B04D110229B1B1A439446C7E74F
:106F480025200399089B9847002800DA4BE7019B06
:106F5800023360E6082300269C46B9E72F0001CFDC
:106F6800C8E72F008022210008CF520018001140E6
:106F78001442BFD0802221009200114098B21442DE
:106F8800B8D00699D8B2B5E706239C4325000CACC7
:106F98006346220052E711239D43029B069387E72D
:106FA8001D00B6E71D00029A931C06932B072AD4EE
:106FB800EB0709D5079B069A0294934204DD9B1AB6
:106FC8001B190293079B0693069B10E006946FE734
:106FD800879F0010809F001006040000202003995E
:106FE800089B9847002800DAFDE60A9B01330A93BC
:106FF8000A9A079B9342F1DC069A019B9B1A0A9A0C
:107008009B18019306920B9B002B25D030200399E7
:10701800089B9847002800DAE5E6019B002E12D16C
:1070280001330193019E029B019A9B189B1BA3426B
:1070380020DC2500002D25D13D00079B069AA419C8
:107048009E1A019431E002330193F0B20399089B30
:1070580098470028E6DAC6E6174B1D42E2D0202002
:10706800AB0700D50B306D0500D52D20019B0133F2
:107078000193EBE730200399089B013698470028D5
:10708800D1DAB0E60CAB013DE85C0399089B984760
:107098000028CFDAA7E6019B20200133019303994A
:1070A800089B9847002800DA9DE6019AA3199B1AC5
:1070B800002BF0DCB7E5C04606040000F0B589B047
:1070C800140000900391F9F73BF9261A0A36002CB0
:1070D80000DA74E0200000F0A5F83518200000F070
:1070E800A7F8060004A920002F1B00F0BFF8BB1B5F
:1070F8007D330098039904AA01F074FE0123060069
:107108000291AC420FDC00233F2F0CDC3A00012037
:107118004042C117F9F7ACF8009B039A83438A43AE
:1071280013435A4253411F0030000299F9F708F9F6
:10713800374B281AC018374B984265DCC443E4170C
:1071480001220440002800DD2200334B521BD318D3
:107158000393324B3000D2180299F9F77DF800906A
:1071680001913000039A0299F9F776F8012528422F
:1071780045D0002F0DD0039A01204042C117F9F7DE
:1071880077F8009A029B864315408B432E431E4393
:1071980035D0009801990122002380185941050033
:1071A8000E002A0033031B0B1A43010050424241D0
:1071B800A41824051C430800210009B0F0BD67424B
:1071C800380000F035F8351A380000F031F82E1B79
:1071D800040004A9380000F0C5F833197C3304AA68
:1071E8000098039901F0FEFD0291060003990098AA
:1071F80000F026F80023B8425B41DFB294E7019B18
:1072080000991B031B0BD4E700200549D5E7C046AE
:107218003E040000FE070000CCFBFFFFCDFBFFFF94
:107228000000F07F014B5843C00C70474F93120089
:10723800024B5843C00C01307047C0464F931200B0
:1072480070B50024064D074A074BFAF780FEA9429D
:1072580004D801D1884201D80134F4E7200070BD78
:1072680033333333CDCCCCCCCCCCCCCCF0B50D0037
:107278008DB01A210490F8F7A7FF1A2105900498F9
:10728800F8F7DEFF059B1C01334BE418002909D1F0
:10729800226863682A606B60A068E168A860E9609A
:1072A8000DB0F0BD2D4BC9005B1808A91E685F68BA
:1072B800A268E36830000091390001F0C5FD22683A
:1072C800636803910AA9029000913000390001F027
:1072D800BBFD0A9A0B9B029E039FB6185F4106905E
:1072E8000791BB4202D809D1B24207D9089A099B33
:1072F8000120002112184B4108920993049800F0CC
:10730800B3F904001A20059B584300F0ADF9241A7C
:1073180032003B0006980799009401F0CDFD1E222B
:10732800049B0290039118090D49800041585B00A5
:107338001A40D140032001400A0002980399002313
:1073480012184B4130002A606B60089A099B39007B
:10735800009401F0B1FDA1E798920010C8910010C7
:1073680038960010F0B506000D008BB01A211930C0
:10737800F8F72AFF1A274743374C0001BA1B0419AC
:10738800B74209D1226863682A606B60A068E16827
:10739800A860E9600BB0F0BD304BD2009B181A68AA
:1073A8005B6806A904920593A268E36800910498B3
:1073B800059901F049FD2268636802900391012054
:1073C8004042C11712184B4108A900910498059929
:1073D80001F03AFD089A099B040004910298039968
:1073E800801859410290039103998B4203D80AD11E
:1073F80002998A4207D9069A079B01200021121890
:107408004B4106920793380000F02EF90700300030
:1074180000F02AF9029A039B3F1A0499200000976A
:1074280001F04AFD33099B009C461E2273001A4056
:1074380063460B4C1C590323D4401C400023621C98
:1074480012184B41029803992A606B60069A079BB1
:10745800009701F031FD9BE768930010C891001078
:107468008C960010F8B50D0004000B000600010012
:10747800284A6800400D8218132A1BDC002A0ADA01
:10748800002D40DA6B005B0819433FD180231B06AF
:107498001D000C001CE02048104106002E4031431E
:1074A80016D0002D03DA8021490311416B18002101
:1074B8008343EDE7332A0EDD8023DB009A4207D1B0
:1074C80022002B0020002900F9F78AFB04000D0098
:1074D80029002000F8BD114FC01901277F42C7407D
:1074E8003C42F5D0002D02DA142A02D10133B94307
:1074F800CEE73424A41A0122A2405118B142B64161
:107508007642AB19F3E700210B00C1E70021044BD9
:10751800BEE7C04601FCFFFFFFFF0F00EDFBFFFFCA
:107528000000F0BF43424A00034352080248DB0F01
:107538001343C01AC00F70470000F07F0B004900CA
:10754800490830B50C00020004430220002C0CD07E
:10755800064C01301C4208D0054D0130A94204D91F
:107568000020A14201D15042504130BD0000F07FBF
:10757800FFFFEF7F0123F7B5CF174A001F43354BB5
:10758800520D0D00D6180B0380211B0B490319431C
:1075980004000091132E17DC002E07DA00200100EA
:1075A800013601D13800F91703B0F0BD802212036B
:1075B8003241009BD21814239B1BDA400023380069
:1075C800F917FAF7C4FCEFE73E2E2EDC224BD3184E
:1075D8000193332E10DD214B0021D218F8F748FE15
:1075E80004000D00019A00210098F8F741FE2200DE
:1075F8002B0002430B43E2E78023019A1B06D3408A
:107608001C1884428041009B40421B18180000212E
:107618000093F8F72DFE0B0034210022891B202946
:1076280001D02200CA400243C9E7012F0BD0002233
:1076380029000B4BF8F75CFE002808D02000290031
:10764800FAF7A7FCB0E7012006494042ACE78021E1
:107658000906A9E701FCFFFFEDFBFFFFCDFBFFFFDC
:107668000000E0C3FFFFFF7F024B5843C00C01300E
:107678007047C0464F931200704730B50300007B37
:1076880000280ED15C68002C0BD018689A68855CBD
:107698008D4207D101329A60944201D101221A73B6
:1076A800187B30BD0278511A4A4251419960F7E778
:1076B80073B504000D00A3681B68002B06D06A464A
:1076C800D61D310020009847002800D073BD3078BF
:1076D800A847F0E710B501F01BFA0A220023F8F7D3
:1076E8007FFE10BD70B50D008021FF228900435830
:1076F80004005200934204D85A1C4250C554002337
:107708008354FFF7E7FF82239B00E41801232060DE
:10771800616018000A2D02D00D3D6842684118408A
:1077280070BD802370B500249B00C3580500A34298
:1077380013D0FE220134520093420ED2FFF7CAFF43
:1077480082239B00ED182A686B68801A99410029EA
:1077580003DC01D1962800D800240120204070BD08
:1077680080220023920010B5835003700400FFF7B5
:10777800B1FF82239B00E4182060616010BD802364
:10778800C900411880681B02984202D392005058E1
:1077980070475200505AFBE710B58024C9004118C1
:1077A80080682402A04202D39200535010BD5200B8
:1077B8005352FBE710B50122FFF7E1FF400810BD67
:1077C80010B58024C9004118806801232402A04212
:1077D80008D34868002A02D003434B6010BD984381
:1077E8004860FBE74888002A02D003434B80F5E74E
:1077F80098434880F2E710B553000122FFF7CCFF09
:1078080010BD8022042310B51202904200D3DB1869
:107818000833DB080131C81AF8F774FD1F23181A5A
:1078280010BDF8B50D0004008668FFF7C3FF80237C
:1078380001001B029E4201D3012819D03000FFF736
:10784800E0FF8300E3181E69002E12D10121814058
:10785800E26820000A43E260290002221D612B0031
:10786800FFF79AFF2B00032229002000FFF794FF5F
:10787800F8BD022231002000FFF781FF0700030056
:10788800022229002000FFF787FF33000322290086
:107898002000FFF781FF2B00032239002000FFF7AB
:1078A8007BFF2B0002223100DFE7F8B58023082494
:1078B800DB029A4200D2043C07230027141BCD1D8B
:1078C8000C199D439C43641BE408056021002000BB
:1078D800AC60EF60FFF795FF431D9B00DE1D3A008B
:1078E800F608013001DB103B1A0028000021103097
:1078F80001F067F9320028000021FFF77CFF002320
:1079080028001A001900FFF747FFA71B28000122CB
:107918000021FFF755FF3A0031002800FFF76BFF01
:107928003300310028000022FFF736FF280021002D
:107938000022FFF760FF3B00280021000022FFF72C
:107948002BFF280001222100FFF73AFF3100280011
:10795800FFF767FFF8BDF0B585B00D001C1E02905B
:10796800039229D000265B780193E07823784000C1
:107978009B00C018A378C0182018019B9E4210D302
:107988006279237912021A43A37903991B041343DA
:10799800E279029812061A4323000833A84705B073
:1079A800F0BD0378471C9B0038001F51FAF7C8FA4E
:1079B800013038180136E0E716204042EFE770B58D
:1079C80000240200012520001378002B01D11800A3
:1079D8000AE0002813D08C4207D1702B04D01E0077
:1079E800403E3A2E0BD8002070BD1E00403E3A2E75
:1079F80005D8537801320134002BE8D00020252B1C
:107A080000D168400132DFE7002070470FB407B5A6
:107A180004A901C9019100F080FA03B008BC04B0C0
:107A2800184770B5056908242E0000230200264077
:107A38001800254205D1D0681368984203D9C31AA3
:107A480030000B6070BD126A0120D31AF9E713B534
:107A580001A90400FFF7E5FF002804D0019BE268B4
:107A6800013B9B180193206A019BC01A013816BD7F
:107A780010B5040050182269236AD20702D5013BC9
:107A8800184010BD9842FCD3C01AFAE710B504009C
:107A98000A00C168FFF7ECFF08222369E0609343FE
:107AA800236110BD022270B50D008B001A430368D4
:107AB800C1699B005A50040001682A00FFF7D8FFEB
:107AC800E3682060984203D10823226913432361A5
:107AD8002A0061682000FFF7CBFF606070BDF0B539
:107AE8001F00C3681600C2699B00D518D25C032327
:107AF80085B01A40040000230291022A08D033609E
:107B08003B600222236913420DD10023019339E01F
:107B18002968336089083B60F3D0FFF7B7FFE36853
:107B2800A3600123F2E7A369280098472B78009007
:107B3800DA07D10F0191002AE7D002221A400392F6
:107B48000222134221D0029B002B03D019002000EF
:107B5800FFF7A8FF61682000009AFFF789FFA36874
:107B6800E1686060994206D12000009AFFF780FF23
:107B78000023A0600193A36822692360E3600823BF
:107B880013432361019805B0F0BD20000099FFF769
:107B98007DFFE368A360029B002B04D02368E269A1
:107BA80003999B009950029B009A9C4662443A6054
:107BB80021682000FFF75CFF082322692060134337
:107BC800012223612B7893432B703560A9E770B5A8
:107BD80004000D001600FFF74BFF2368834205D110
:107BE8000822236925609343236170BD0223B200F4
:107BF8001343E269AD00AB50616832002000FFF723
:107C080037FF6060F1E770B5036904005B0706D5CC
:107C1800456AFFF71CFF854200D20500656270BD0A
:107C280070B50D0004001C22002100F0CAFF0022DC
:107C3800EB68A361AB6863612B68E3616B686262A0
:107C480023622A69002B04D0591E0B4201D101235B
:107C58001A432261200001220021283000F089FE09
:107C680070BDF0B58BB0059300230492026A04003E
:107C78001E000291079309938A423BD30193EFF3C5
:107C8800108772B6099A0397002A05D02000019937
:107C9800FFF79DFF00230993200008A9FFF7C1FE05
:107CA800089B029A0500009393422BD32368E2694C
:107CB8009B00D618D35C03229343337021682000BD
:107CC800029AFFF7D5FEE3682060984215D0002598
:107CD800039B002B02D162B6BFF36F8F079900296F
:107CE80006D06369002B01D0200098470023079332
:107CF800002DC4D130000BB0F0BD08222369134316
:107D08002361E4E7002804D020000099FFF7CAFEA9
:107D1800DEE7049B059A134317D000F037FE0028CE
:107D280013D1002F11D162B6BFF36F8F2000049AD0
:107D3800059B2830FDF794FE0500EFF3108372B61B
:107D480003936B425D41EDB2C2E7236820000193C3
:107D5800009909AB07AAFFF7C2FE0500B8E770B59E
:107D68000400836908000D0098470200EFF31086AD
:107D780072B60123297820000B432B706168FFF746
:107D880077FE60602000FFF73EFF002E02D162B64A
:107D9800BFF36F8F70BDF8B50400EFF3108772B6AC
:107DA80008212269A3680A4203D16168CA1A8B4272
:107DB80001D9226AD21AE169002A07D1002F02D11B
:107DC80062B6BFF36F8F00263000F8BD9B00CE1857
:107DD8000322CB5C03211A400B42EFD0022A02D1C6
:107DE8003568AD0805D1DA0713D43000A369984780
:107DF8000500A1682A002000FFF73AFE2900A060CC
:107E08002000FFF743FE002FC7D162B6BFF36F8F84
:107E1800C3E7022213433370A3693000A56898476B
:107E2800290002002000FFF723FEA060002FCBD11D
:107E380062B6BFF36F8FC7E7F8B50400836908001F
:107E48000D0098470600EFF3108772B601222B78D1
:107E580093432B7023699B0705D5E268E369920079
:107E68009B189D421AD102222B7893432B70A3684A
:107E7800E168994204D132002000FFF7F9FDA060C3
:107E880031002000FFF702FE002F02D162B6BFF3D7
:107E98006F8F20002830FDF7B1FDF8BD03222E6852
:107EA800830016401E432E60EEE710B5EFF31084F2
:107EB80072B6036982681B0703D441688B1A8A4229
:107EC80001D9036A9B1A002C02D162B6BFF36F8FE7
:107ED8005A1E9341D8B210BD7047037802000020A3
:107EE8005B070AD4136852881B035B0D12099818A4
:107EF80007231730984303308008704700207047E5
:107F080010B5012100F02DFE10BD10B500F000FEE7
:107F18000A220023F8F764FA10BD1FB5029000206A
:107F2800039103000200010001900090FBF756FE48
:107F380005B000BD10B50120FBF7CAFB10BD00203D
:107F48007047436810B5DA710122436819604368C5
:107F58005A71FBF7ADFB10BD70B506000C0015009B
:107F6800081E0ED0906853681B1A99420AD81368E5
:107F78000A001818310000F01BFE2000AB681B191E
:107F8800AB6070BD1C204042FBE770B50E000400DA
:107F980015001900002802D1FBF79AFB70BD002BD1
:107FA80006D013035B0D1030C018120D00F000FE50
:107FB800200025606660FBF721FDEFE707B5012388
:107FC800019201AAFBF73AFD07BD07B5009201939C
:107FD8006A460223FBF732FD07BDF8B506000D001F
:107FE80014001F00002C00D1F8BD210028003A0021
:107FF800B047241A2D18F5E710B5426804000CCADA
:1080080081680068FFF7E9FF002263681A6010BD05
:1080180070B54B6805001A68CB680C009A4202D10B
:108028000800FFF7E9FF6068012100F09AFDA368E6
:108038001D54002070BD70B504000D000A2802D13F
:108048000D20FFF7E5FF29002000FFF7E1FF0020E2
:1080580070BDF0B58B6889B006930B880790DB0577
:1080680008000D780C005E0F1700FBF705FE0023D3
:10807800AD0601006D0F984203DB2800FBF7D0FC2A
:1080880003002100226810311203520D60888C18F9
:10809800551EAA4152421140002200090490029143
:1080A800079806990597039401960092FBF712FE2C
:1080B80009B0F0BD10B501000068FCF753F810BD19
:1080C80010B5FCF7ABF8FCF7C7F810BD10B50021E8
:1080D8000120FCF747F810BD10B5FCF733FAFDF79F
:1080E800F3FBFEF7A3F8FCF773FAFDF72DFC002865
:1080F80002D162B6BFF36F8F7047BFF34F8F30BFA7
:1081080062B6BFF36F8F704710B5FCF7B9FA10B5B8
:108118000B6949699847002010BD10B5FCF79CFA17
:10812800002010BD030001200A1FD2B200B5824210
:108138000DD90E290AD80800F8F73CF80A0A0A0AE5
:1081480008080A0A0A0A11111D212100002000BD91
:108158001A680C234B4398580005C00FF7E70A2903
:1081680007D19B6858682923184043425841C0B238
:10817800EDE7DB68F6E75B685868C004EDE70120C7
:10818800E5E749B2030010B5EA20102904DC586875
:10819800FFF7C8FF0130C0B210BD49B210B51400D6
:1081A800102906DCFCF730FBF8F7C0FC2060002043
:1081B80010BD16204042FBE70123F0B5070000255B
:1081C80087B05B42039101900293039B9D4224D2A6
:1081D8002E006C003C190123029AE35693420FD1FA
:1081E8006B00F818FB56022204930123C3562100A2
:1081F800059300F0DDFC049B01352370059B63703B
:10820800039B01360234B342E5D1019B1B785BB274
:108218000293019B02330193D7E707B0F0BDD02347
:108228001B065B6800200B6070470A0010B50369E5
:108238001000D96888430100D02000064161DC683D
:108248001969214011408162D9681B69114099431D
:108258004162002010BD0A0010B503691000D968FA
:1082680088430100D02000068161DC68196921403B
:1082780011404162D9681B6911409943816200200D
:1082880010BD03690800DA689043D0221206D06155
:10829800DB6800200B40D362704710B5036958684B
:1082A800002821D088421BD108689C685860A142E8
:1082B80000D1986000200860824206D05A680A609F
:1082C8009A685960002A00D19960002010E0814224
:1082D80006D10868206098688142EBD19C60E9E784
:1082E800040000680028F2D1002AE7D11620404295
:1082F80010BD10B543685B68002B00D0984700207C
:1083080010BD70B50E0015000F21002230001C00B2
:10831800FDF7D6F880239B039D420FD08023A1014F
:10832800DB042340C90FED010AD58900002B01D0D9
:108338000823194301223000FDF7C2F8002070BD60
:10834800002BF7D00223F4E710B5002203210D20FB
:10835800FCF7CEF80D20FCF7BFF810BD30B5046966
:10836800D02000060369E56853400B40AB430D007D
:10837800C361036A53409D432B00E5681D40236990
:108388002B40C362036A5A400A40E16823691140DE
:108398009943C162002030BD30B503681360057988
:1083A8000468ED006419A34202D30220404230BDA4
:1083B8005C798C4201D00833F0E70020F7E7F8B584
:1083C800040001268D004519AC4201D10020F8BDFA
:1083D8002078271DC006C00E00F01CFA21882078DE
:1083E8008905C006C90EC00EFCF7BEFFA27820782A
:1083F8006178D207C006D20FC909C00EFCF7CCFFBE
:10840800617820788906C006090FC00EFDF73CF890
:10841800617820788909C0063140C00EFDF724F83C
:10842800A17820784907C006C90FC00EFDF70EF8DD
:10843800A17820788907C006C90FC00EFDF762F839
:10844800A1782078C906C006890FC00EFCF7ECFF9A
:10845800A17820784906C006890FC00EFCF7D2FF24
:1084680061882078C905C006890FC00EFCF7B8FFDF
:10847800E17820784907C006890FC00EFCF79EFFF7
:108488003C00A1E70020704783680079022809D0E2
:1084980004280BD001280CD1C9180B78DBB20020B6
:1084A80013607047C9180B889BB2F8E7C9180B68A6
:1084B800F5E716204042F4E70300F0B585B05F68A1
:1084C80001923E790800F100F7F7BAFE03AA04000A
:1084D8000D0081B23800FFF7D7FF002817D101221D
:1084E8000399EDB2AA400B00944693437D79019A13
:1084F800954201D063460B43BA68022E09D0042E78
:108508000CD0012E0ED1A4B2DBB2A418237005B092
:10851800F0BDA4B29BB2A4182380F8E7A4B2A418B3
:108528002360F4E716204042F1E710B50122FFF777
:10853800C3FF10BD10B50022FFF7BEFF10BD70B518
:1085480004000D00FFF7F1FF002803D129002000E7
:10855800FFF7F0FF70BD030073B55E68080031795E
:108568001400C900F7F76CFE01AA0D0081B23000B3
:10857800FFF78AFF002809D1019BEDB2EB400122E9
:108588009A43737959424B415340237076BD02692F
:108598004368127A1B68002A05D11A6BD2070DD5D9
:1085A8001A6B92050AD59A69D20607D41B680B7014
:1085B80043681B6858680F231840704701204042E1
:1085C800FBE7202243681B6898691042FCD11960B8
:1085D800704743681B6858685A680007C00F5207FD
:1085E80001D50822104302225968114200D01043D5
:1085F8005B68DB0701D504231843704710B503698E
:1086080011CB11C1002010BD030070B50020202639
:108618005C682468A569354202D1151A002D00DC72
:1086280070BD0D5C01302560F2E7030070B50020D5
:108638001025141A002C04DD5C682468A6692E42F3
:1086480000D070BD24680C540130F2E7F8B520263C
:10865800436805691A680400936B334393632B7C62
:10866800002B04D000232B746B69002B0CD1F8BDB0
:10867800EFF3108772B620006B69A9699847002F3D
:1086880002D162B6BFF36F8F63681B689B6B33427E
:10869800EED1ECE70122202103691A7443681A68B5
:1086A800936B8B4393637047436801201B689B69F6
:1086B800DB089843704702694368127A1B68002AEE
:1086C80006D1196B01320800FF32104011420BD05D
:1086D8002022996B0020114206D0D96B013011423B
:1086E80002D19B69DB091840704743681A68502318
:1086F800916B0B4393637047502143681A68936BDF
:108708008B439363704702694368127A1B68002A97
:1087180006D1196B8022080092001040114207D040
:108728009A6B0020D20603D59B6901301B09984338
:10873800704743681A68F023916BDB000B4393631F
:10874800704710B50400FFF7DEFF03000120002B7F
:1087580004D12000FFF7AFFF431E984110BD012050
:108768007047036959619A61704710B503695A697E
:10877800002A0AD0EFF3108472B65A6999699047B3
:10878800002C02D162B6BFF36F8F10BD0020704776
:108798000020704710B5002203211420FBF7A8FE23
:1087A8001420FBF799FE10BD10B5002203211520F7
:1087B800FBF79EFE1520FBF78FFE10BD00207047CB
:1087C8000020704710B50122FCF774FA10BDF0B50F
:1087D80085B016000A9A02900391934201D2FFF7DE
:1087E80093FC1F0E1C020A9A002320003900F7F799
:1087F800F7FD00230500020039002000F7F7F0FD1F
:1088080032000300039902980095FCF7CDFC012083
:1088180005B0F0BD0123D022834010B51206936243
:1088280005219361FCF7A0FD10BD0369C26893425E
:1088380001D881685B18013B981A7047F7B50500A5
:10884800C468836840681F1B00190E000193A418B0
:10885800974207D83A0000F0ABF9019B6868E41A20
:108868002200F11900F0A4F9EC60F7BD0023F7B578
:1088780006001700C568019100933369B4689D42EA
:108888001FD2013B5B1B641BBC4200D93C009C42CD
:1088980000D91C00706822004019019900F088F97D
:1088A800009B2D191B190093019B3F1B1B1901935A
:1088B800B368AB4200D10025F560002FDDD10098E8
:1088C800FEBD1B19DDE710B5FCF7F2FE002010BD58
:1088D800EFF3108072B67047002802D162B6BFF37A
:1088E8006F8F704770B5041E09D0FCF74BFC7D23D1
:1088F80005005C43FCF746FC401BA042FAD370BD60
:108908007047002809D00123C26800205178194215
:1089180002D010784242504118407047EFF310835C
:1089280072B6FEE710B543690400002B06D100209B
:108938000123E26851780B43537010BD9847002813
:10894800F5D0C317C0185840FF2800DDFF20E368A2
:108958001870EDE710B500F034F910BD10B500F04F
:1089680027F910BD10B5EFF3108372B6FFF7C5FBFA
:10897800F9E7002A07D08A4205D38160C260006007
:1089880040600020704716204042FBE7EFF3058067
:10899800431E9841C0B2704758204042704700209B
:1089A80070470368426813605A600023036043609D
:1089B800704710B50400FFF7F4FF0222637B93436E
:1089C80063730023A36010BD70B504000D00FDF7AC
:1089D80039F90223627B13436373002D1CD0A56011
:1089E8002B689D4209D16B68256063601C606C60D0
:1089F80012E06A689A42F6D01B68002BF3D00E2268
:108A08000E21A25659568A42F3D09142F1DD5A6896
:108A18002360626014605C6070BD10B5EFF3108471
:108A280072B6FDF7C9F8002C02D162B6BFF36F8F9A
:108A380010BD10B5EFF3108472B68368002B01D017
:108A4800FFF7B7FF002C02D162B6BFF36F8F10BDDE
:108A580070B50400EFF3108572B62823427B1A42E2
:108A68000BD18368002B01D0FFF7A3FF0422637B9F
:108A7800200093436373FDF79FF8002D02D162B67F
:108A8800BFF36F8F70BD10B501211838FFF7E0FFF5
:108A980010BD70B5EFF3108572B60468A0420BD014
:108AA800002C02D02000FFF784FF002D02D162B60F
:108AB800BFF36F8F200070BD0024F6E770B5040087
:108AC800EFF3108572B60368002B1AD0FDF7C8FBC8
:108AD80006002000FDF7F4FB802300221B0622611C
:108AE8006361A64206D1FDF7DFFBFDF7C1FB00215C
:108AF800FCF7A0FA0020002D02D162B6BFF36F8FF9
:108B080070BD16204042F6E710B5FDF7EFFC10BD2A
:108B180010B5FDF7EBFC10BD4262020000231832CD
:108B2800016203638261C26103604360436370470B
:108B380010B50400FFF7C2FF002811D1636A002BAB
:108B480001D02000984720001830FFF7A2FF002826
:108B580006D0FFF762FFEFF3108072B6FDF728F931
:108B680010BD0300EFF3108272B600684118196057
:108B7800002A02D162B6BFF36F8F70470300EFF38C
:108B8800108272B60068411A1960002A02D162B6D2
:108B9800BFF36F8F70470300EFF3108272B600685F
:108BA8001960002A02D162B6BFF36F8F7047704711
:108BB800002310B59A4200D110BDCC5CC4540133D7
:108BC800F8E703008218934200D170471970013307
:108BD800F9E7C9B20378002B04D08B4200D1704763
:108BE8000130F7E74B42594149420840F7E730B5B1
:108BF8000500101E0BD00024013A2B5D085D83424E
:108C080004D1A24202D00134002BF6D1181A30BD8B
:108C180070B504000500002A06D00B78013A01302F
:108C28002B700131002BF5D10021FFF7CAFF20007E
:108C380070BD030041188B4202D01A78002A01D176
:108C4800181A70470133F6E70A7830B5002A0CD1B4
:108C580030BD9A4208D10123CC5C002CF8D0C55C09
:108C6800A54201D10133F7E701300378002BF0D199
:108C78001800EDE7F0B5041E02D11468002C09D0E5
:108C880020000E00057801343778002F04D1002D1C
:108C98000DD11560002006E00136BD42F4D1002B4D
:108CA800EED114600370F0BD0133002D02D10B002A
:108CB800267801341D78AE42F6D100231D009E426D
:108CC80002D02300611E0D701360ECE710B501237C
:108CD800FFF7D0FF10BDF0B50D003721C91A8FB0CE
:108CE800C9B20D911F2104000B400C930C99E3B2FB
:108CF800082955D0102900D164E0E9076008084325
:108D0800690806900791A008A9070843A9080890D0
:108D18000991089E099F06980799801979410E07BD
:108D2800B446060900966646009F37430E09009729
:108D38000196009E019F801979410E06B446674648
:108D4800060A3E4302960E0A0396029E039F801966
:108D580079410E04B4466746060C3E4304960E0C51
:108D68000596049E059F8019794100260A910B9665
:108D78000A9E0B9F801979414E07CD080521C4082A
:108D88003443614349005B1ADBB2092B12D9012035
:108D980000210A3B24184D41DBB21DE00200A5E783
:108DA80007210B4069078C466646E008E908064338
:108DB80034000D00303313702300501C2B43EDD1C9
:108DC8000FB0F0BD0F210B4029078C4666462009DD
:108DD8002909064334000D00092BEBD90D99CB184E
:108DE800DBB2E7E7F0B50C0089B004A916001F0054
:108DF800D368926800912100050000F025F83268D8
:108E08007368039106A9029000912800210000F0E0
:108E18001BF8069A079B02980399801859418B42C0
:108E280002D809D1824207D9049A059B012400255A
:108E380012196B4104920593049A059B403F0097D1
:108E480000F03AF809B0F0BDF0B5002487B00D0085
:108E580004932100230000920290F9F778F8009A11
:108E6800230005900E0028002100F9F770F827006C
:108E780036184F41029A2300210004980096019762
:108E8800F9F765F82300009A270080185941049AD9
:108E98000290039128002100F9F759F8019E230058
:108EA80080197941039A801859410C9B18605960C0
:108EB8000598029907B0F0BDF8B5070010004022E8
:108EC8000E001900069BD21AF7F7D2F9069A050088
:108ED8000C0038003100F7F7BFF928432143F8BDEB
:108EE8000B694A69934202D05A1C0A61187070478C
:0C8EF8000148006870470000B01C00201A
:088F0400CE90FF7F0100000088
:108F0C00000000005C8F0010CF88001000000000F3
:108F1C00000000007C8F0010DD4A001000000000F3
:108F2C0000000000BC8F0010000000009C8F00109F
:108F3C00A54F00100000000091350010000000004B
:108F4C00A14600100000000000000000DC8F0010A3
:108F5C00279E0010D094001000910010A01100204A
:108F6C000411002015490010000000000000000052
:108F7C004D9E0010D0950010F0900010A411002010
:108F8C00000000008D8400100000000000000000B4
:108F9C00679E0010281100201C910010A6110020C3
:108FAC000C110020294E00100000000000000000F1
:108FBC00759E00106C1100201C910010A81100204F
:108FCC0050110020294E001000000000000000008D
:108FDC00419E0010C8950010CC900010A2110020EA
:108FEC00C41C0020FB8200100000000000000000E8
:108FFC0000000000D580001000000000D58000109B
:10900C0000000000D580001000000000D58000108A
:10901C0000000000D580001000000000D58000107A
:10902C0000000000D580001000000000D58000106A
:10903C0000000000D580001000000000D58000105A
:10904C0000000000D580001000000000D58000104A
:10905C0000000000D5800010DC8F0010714B001058
:10906C0000000000D580001000000000D58000102A
:10907C0000000000D580001000000000D58000101A
:10908C0000000000D580001000000000D58000100A
:10909C00BC8F0010738700109C8F0010738700101A
:1090AC0000000000D580001000000000D5800010EA
:1090BC0000000000D580001000000000D5800010DA
:1090CC00ED4B0010278200106583001033820010D6
:1090DC005F8200108B8200100B830010A3820010A3
:0490EC00414B0010E4
:1090F0005F850010338500103D8500104785001006
:10910000C54600100547001000000000A3810010B4
:0C9110008B810010000000000000000037
:10911C0097850010CB850010DB850010CD870010E3
:10912C00058600101186001033860010558600103D
:10913C009D860010BF860010F3860010018700107A
:10914C00B18600100F8700103B870010A94C00104F
:0C915C004B870010678700106B87001025
:10916800659B001003000000829B001003000000B4
:10917800869B001003000000729F0010030000008F
:08918800769B001003000000BB
:10919000A4940010981C0020A09C00100100000066
:1091A000000A010A020A030A040C050A0605070B55
:1091B000080B090B0A0C0B0C0CFF0DFF0E0D0FFF1B
:1091C00010FF00000000000001000000000000008F
:1091D0000500000000000000190000000000000071
:1091E0007D0000000000000071020000000000008F
:1091F000350C000000000000093D000000000000E8
:109200002D31010000000000E1F505000000000024
:1092100065CD1D0000000000F9029500000000006F
:10922000DD0EE90200000000514A8D0E0000000032
:109230009573C24800000000E941CC6B01000000BA
:109240008D49FD1A07000000C16FF286230000005F
:10925000C52EBCA2B1000000D9E9AC2D78030000F6
:109260003D9160E45811000031D6E275BC56000013
:10927000F52E6E4DAEB10100C9EA2683677808006D
:10928000ED95C28F055A2A00A1EDCCCE1BC2D300AA
:1092900025A4000A8BCA2204000000000000000080
:1092A00000000000000000100000000000000000AE
:1092B000B9340332B7F4AD1410DB1AB30892540E6C
:1092C0000D307D951447BA1A66088F4D26ADC66DD0
:1092D000F598BF85E2B74511CA96853D92BD1DEB55
:1092E000FCA11860DCEF52163C92AE220BB8C1B460
:1092F000839D2D5B0562DA1C304C7E8F4E8BB25BFA
:1093000016F4529F8B56A512FBD4827643ED8AF059
:109310008FE7F9311565191850F19BD94A13EEB44E
:10932000284CF0A686C1251F035FC270CB9E49164C
:10933000E642889C44EB2014B0650836AD6EA585E6
:1093400085F0CA14E2FD031A0B899979D5B13D095C
:10935000D8DA973A35EBCF10AC363F5E73BB38CFD7
:109360003E6752FA44AFBA15010000000000000049
:109370000000000000000020345065C05FC9A65204
:10938000BB13CBAEC440C21806C8DF7100D5A87CA1
:10939000F56F0FDA58FC27136E4756357D2420658C
:1093A00002C7E768E48CA41DE9E60268D7CD3961FD
:1093B0007977FCC2405BEF16798CDE43FFA751F949
:1093C00091F3B278F5BDBE11E857E9D6E8BEE87B67
:1093D000B054AC8F848D751BEA23A499E9F9D38B23
:1093E000B7A3714061DA3E15CEE33ECB73F948086E
:1093F0008C97B427D51B7010A2BFEFB9EB8532153F
:109400004DB44DB49BBB6F1996B6076CF8E7EEAD43
:1094100036D9B4F59135AE13222218AF4E6A684D95
:1094200091DAAA3D4F40741E9FBD9EE006A1C098F0
:1094300057C2A7FDA40E90170E7D497173E3208FCC
:10944000B220D87605143B12853D7434811343B0A5
:10945000AD297A5F27F4351C981600200001000022
:109460003D7F0010E37E0010020000005B800010D2
:1094700000000000000000000000000000000000EC
:10948000809C0010889C001000000000000000007C
:1094900000000000909C0010949C0010989C00100C
:1094A0009C9C00105D4000104D4000107D4000105D
:1094B0003540001000000000414000100000000096
:1094C000E5400010A01C00203E1D00201000000000
:1094D00000800040004002400080024000C0024086
:1094E00000000640C0950010010000007D00000053
:1094F00006000000020000000100000064000000FF
:109500000500000005000000000000000000000051
:109510004059730740597307000000000000000025
:109520004059730740597307000000000000000015
:109530004059730740597307000000000000000005
:1095400040597307405973070200000000000000F3
:10955000001BB700001BB700010000000000000066
:1095600040597307405973070000000000000000D5
:1095700040597307405973070000000000000000C5
:10958000006CDC02006CDC02000000000000000047
:10959000006CDC02006CDC02000000000000000037
:1095A0001BB70000006CDC020C000000A00A0000E9
:1095B000100000000000000000000000000000009B
:1095C000C895001000000000FFFFFF3F518300100E
:1095D00000C000400400000000C00040E4950010FE
:1095E00001000000EC95001002000000440400009F
:1095F00045040200FC9500100100000004960010D4
:10960000020000004004000041040200239F0010FB
:10961000319F0010459F0010549F0010609F001064
:109620000C8F00100C8F00103C8F0010448F001026
:109630005C8F00105C8F0010000000000000000034
:10964000000000000000000000000040955969592A
:10965000555554551555555604051541105455404A
:1096600045515544404550445055554500400040F3
:109670004004449665555655454045545141154062
:1096800055915555555540510501000054455454C8
:10969000455505040010041014044000000001406A
:1096A00055551541540400004400010000000040DD
:1096B000410000445044455054005555545565519F
:1096C000004000400100000100050100115451510B
:1096D0005455550500154150000004401001040583
:1096E0000000000024737461727461636B3B005B63
:1096F0005254545D20553120737461727461636BF0
:10970000207365656E2028706861736531293A2081
:10971000222573220A002453442C005B5254545DCA
:109720002055302053442063616E64696461746520
:109730003A2022257322202865706F63683D252E0C
:109740003366206D6F64653D2564290A005B5254C1
:10975000545D2055302028647572696E67207374DB
:109760006F70292053442065706F63683D252E3348
:1097700066206D6F64653D25640A004C504D5F4462
:109780004154412C005B5254545D20553120737478
:1097900061727461636B2072656365697665640AE2
:1097A000005B5254545D205531204C504D5F444174
:1097B0005441202325752064657074683D252E3240
:1097C000660A0053572C25753A2575005B52545490
:1097D0005D202D3E55302053572075696E742069E9
:1097E000647825753A202425732A253032585C7216
:1097F0005C6E0A002473746172743A4143515F4392
:109800005343535F303032482C2530346425303296
:1098100064253032642C25303264253032642530A2
:1098200032643B005B5254545D202D3E5531205331
:10983000544152543A2025735C6E0A002D005B524D
:1098400054545D202D3E55312053544F503A20251D
:10985000735C6E0A002473746F7061636B3B005B12
:109860005254545D2055312073746F7061636B20C6
:1098700072656365697665640A005B5254545D20C5
:109880005531204C504D5F444154412023257520D3
:1098900064657074683D252E32662028647572698F
:1098A0006E672073746F702077616974290A005B9A
:1098B0005254545D2073746F7061636B206E6F74CB
:1098C000207365656E2028617474656D7074202541
:1098D00064290A0053572C25753A2573256C6C753D
:1098E0002E2530326C6C75005B5254545D202D3E39
:1098F000553020535720646570746820696478255A
:10990000753A202425732A253032585C725C6E0A21
:10991000005B5254545D204E6F2065706F63682069
:109920007965743B20646566657272696E67207242
:1099300065737461727420756E74696C2053442C65
:109940003320617272697665730A00244259005BA4
:109950005254545D205530204259207365656E2065
:109960002D3E2053544F5020286E6F207265737423
:10997000617274290A005B5254545D2055302053A3
:10998000443A2022257322202865706F63683D25A4
:109990002E33662C206D6F64653D2564290A005BBB
:1099A0005254545D204D6F6465206368616E676535
:1099B0002025642D3E25643A2053544F50202872B0
:1099C000657472696573292C207265706F727420DA
:1099D00053572C20726573746172740A005B525481
:1099E000545D204D61696E2073746172742E205035
:1099F0006F6C6C696E6720626F74682055415254B9
:109A00007320286E6F2049525173290A005B52540B
:109A1000545D204552524F523A20554152542064D1
:109A2000657669636573206E6F7420726561647911
:109A30000A002448490048575F434F4E46005B5296
:109A400054545D2057616974696E6720746F6B654B
:109A50006E732055303D272573272055313D27252E
:109A60007327202853442C332065706F63683B2094
:109A700053442C35206D6F6465290A005B525454A1
:109A80005D205357207374617475732073656E7411
:109A900020746F20696478303A2025752028626927
:109AA00074303D676C696465722C20626974313D65
:109AB00073656E736F72290A000A002473746F70E5
:109AC0003B0028756E7369676E6564292063686161
:109AD00072202A207573656420666F7220252570B8
:109AE00020617267756D656E742E2049742773202E
:109AF0007265636F6D6D656E64656420746F20635D
:109B000061737420697420746F20766F6964202AF1
:109B10002062656361757365206974206D617920C9
:109B20006361757365206D69736265686176696FDD
:109B30007220696E206365727461696E20636F6E56
:109B400066696775726174696F6E732E20537472E3
:109B5000696E673A2225732220617267756D656EA2
:109B6000743A25640063627072696E74665F706136
:109B7000636B61676500736F63006C6F6767696E25
:109B800067006C6F67006C6F675F6D676D74004D89
:109B9000657373616765202822257322292064720A
:109BA0006F707065642062656361757365206974A8
:109BB00020657863656564732073697A65206C69D4
:109BC0006D69746174696F6E2028257529004D6573
:109BD00073736167652064726F707065642062657D
:109BE0006361757365206974206578636565647366
:109BF0002073697A65206C696D69746174696F6E30
:109C00002028257529000D0A001B5B306D00257387
:109C100020005B2530386C755D20005B2530327587
:109C20003A253032753A253032752E253033752C71
:109C3000253033755D200025730025732F003C25EA
:109C4000733E200025733A20002530327820002012
:109C50002020007C00256300206D657373616765BB
:109C6000732064726F70706564202D2D2D0D0A1B9A
:109C70005B306D001B5B313B33316D2D2D2D200092
:109C80001B5B313B33316D001B5B313B33336D006C
:109C90006572720077726E00696E660064626700BA
:109CA0006C6F675F6261636B656E645F7274740092
:109CB00072302F61313A20203078253038782020DA
:109CC00072312F61323A20203078253038782020C8
:109CD00072322F61333A2020307825303878007284
:109CE000332F61343A202030782530387820723193
:109CF000322F69703A202030782530387820723140
:109D0000342F6C723A202030782530387800207853
:109D10007073723A202030782530387800466175AB
:109D20006C74696E6720696E737472756374696FA1
:109D30006E206164647265737320287231352F70F0
:109D400063293A2030782530387800556E68616E86
:109D5000646C6564204952516E3A20256400526556
:109D600073657276656420457863657074696F6E9B
:109D700020280053707572696F757320696E746561
:109D80007272757074202849525120005350534507
:109D90004C20696E20746872656164206D6F646523
:109DA00020646F6573206E6F7420696E64696361EF
:109DB000746520505350002A2A2A2A2A20484152EA
:109DC00044204641554C54202A2A2A2A2A0041522E
:109DD00043485F4558434550542077697468207262
:109DE0006561736F6E2025780A002A2A2A2A2A20A4
:109DF000257320256429202A2A2A2A2A0061626FD5
:109E0000727428290A000B0A0E0C0F10050A0B0E9B
:109E10000C0F100A0B0D0C0F100B0F100A0F100B6C
:109E20000E0C0507080904636C6F636B2D636F6E7E
:109E300074726F6C6C657240343030303830303052
:109E4000006770696F2D706F7274403000726573B7
:109E500065742D636F6E74726F6C6C657240343014
:109E600030306330303000756172744034303033DC
:109E700038303030007561727440343030333430F3
:109E80003030005465726D696E616C000000000036
:109E90000000545452205245474745530048616CD6
:109EA00074696E672073797374656D00556E6B6E9F
:109EB0006F776E206572726F7200756E6B6E6F7762
:109EC0006E003E3E3E205A4550485952204641546D
:109ED000414C204552524F522025643A2025732090
:109EE0006F6E20435055202564004661756C7420C8
:109EF000647572696E6720696E74657272757074CC
:109F00002068616E646C696E670A004375727265E1
:109F10006E74207468726561643A2025702028256B
:109F200073290043505520657863657074696F6EBE
:109F300000556E68616E646C656420696E7465724C
:109F40007275707400537461636B206F766572660E
:109F50006C6F77004B65726E656C206F6F7073006D
:109F60004B65726E656C2070616E6963006D61692E
:109F70006E006F7300616E006E66696E69747900C1
:109F8000286E756C6C29002A666C6F61742A00005B
:109F9000FFFFFFFF117A0010057F00100000000096
:109FA000238100100000000000000000A02E6300CC
:109FB000A02E6300009600000001030000000000D6
:109FC0000000000000000000000000000000000091
:109FD00000800340DC95001000000000000000003D
:109FE0005C8F001006000000B18700100000000028
:109FF000C5870010C98700108025000000010300FC
:10A000000000000000000000000000000000000050
:10A010000000000000400340F49500100000000024
:10A02000000000005C8F0010060000009D870010FB
:10A03000000000009987001095870010C8000000FC
:08A04000981100209811002086
:0CA048000000000000000000000000000C
:10A0540000000000000000000000000000000000FC
:10A0640000000000000000000000000000000000EC
:10A0740000000000000000000000000000000000DC
:08A084000000000000000000D4
:04A08C0000000000D0
:10A09000E8110020E811002000000000010000008D
:04A0A00015E015E0D2
:04000005100043DDC7
:00000001FF
