:020000041000EA
:1000000000B5324B212058609868022188439860DF
:10001000D860186158612E4B002199600421596104
:100020000121F02299502B49196001219960352056
:1000300000F044F80222904214D00621196600F024
:1000400034F8196E01211966002018661A6600F04E
:100050002CF8196E196E196E052000F02FF8012189
:100060000842F9D1002199601B49196000215960AB
:100070001A491B48016001219960EB211966A021F2
:10008000196600F012F800219960164914480160C1
:100090000121996001BC002800D000471248134993
:1000A000086003C880F30888084703B5996A0420EC
:1000B0000142FBD001200142F8D103BD02B5186610
:1000C0001866FFF7F2FF186E186E02BD00000240BE
:1000D000000000180000070000035F00212200005C
:1000E000F4000018222000A00001001008ED00E03C
:1000F000000000000000000000000000070B8FD58A
:1001000078310020ED450010F9820010D94500102B
:1001100000000000000000000000000000000000DF
:10012000000000000000000000000000C9460010B0
:10013000000000000000000059460010F5510010BA
:1001400019480010194800101948001019480010EB
:1001500019480010194800101948001019480010DB
:1001600019480010194800101948001019480010CB
:1001700019480010194800101948001019480010BB
:1001800019480010194800101948001019480010AB
:10019000194800101948001019480010194800109B
:0801A000194800101948001075
:1001A80002B4714649084900095649008E4402BC08
:1001B8007047C04602B4714649084900095C4900C5
:1001C8008E4402BC7047C046002934D00123002267
:1001D80010B488422CD301242407A14204D28142BE
:1001E80002D209011B01F8E7E400A14204D28142CE
:1001F80002D249005B00F8E7884201D3401A1A434B
:100208004C08A04202D3001B5C0822438C08A04281
:1002180002D3001B9C082243CC08A04202D3001B37
:10022800DC082243002803D01B0901D00909E3E7B1
:10023800100010BC704701B5002000F00BF802BD9B
:100248000029F8D003B5FFF7C1FF0EBC4243891A55
:100258001847C0467047C046D0400B00D1409C4666
:10026800203AD3401843524263469340184370479C
:100278009140030090409C46203A934019435242D3
:100288006346D340194370478446100062468C4643
:100298001900634600E0C0461FB501F049F8002880
:1002A80001D40021C8421FBD10B500F089FF4042AB
:1002B800013010BD10B501F03BF8002801DB00202B
:1002C80010BD012010BDC04610B501F031F800285E
:1002D80001DD002010BD012010BDC04610B500F0A2
:1002E800B1FF002801DC002010BD012010BDC04670
:1002F80010B500F0A7FF002801DA002010BD01208A
:1003080010BDC0461C2101231B04984201D3000CD8
:1003180010391B0A984201D3000A08391B09984270
:1003280001D30009043902A2105C40187047C04686
:1003380004030202010101010000000000000000A6
:1003480010B5002903D1FFF7DDFF203002E00800D7
:10035800FFF7D8FF10BDC046414208401C210123C9
:100368001B04984201D3000C10391B0A984201D390
:10037800000A08391B09984201D30009043902A26E
:10038800105C401A7047C0461B1C1D1D1E1E1E1EF9
:100398001F1F1F1F1F1F1F1F002B15D1002A13D13E
:1003A800002906DB01DC002806D00020C0434108F4
:1003B80002E080210906002007B4024801A1401884
:1003C800029003BD91FEFFFF03B4684601B5029891
:1003D80001F06AFE019B9E4602B00CBC7047C04605
:1003E800002B11D1002A0FD1002900D1002802D0FA
:1003F8000021C943080007B4024802A1401802902E
:1004080003BDC04651FEFFFF03B4684601B502981C
:1004180001F0DBFD019B9E4602B00CBC7047C04654
:1004280070B500220B4B04000D00FFF761FF002898
:100438000BD0084B00222000290001F01BFA01F024
:100448002DFD80231B06C01870BD2000290001F077
:1004580025FDF9E70000E041D0B500220B4B06006E
:100468000F0000F0DDFFFFF7DBFF040001F048FD9F
:100478000022074B00F0D4FF02000B0030003900C7
:1004880001F0F8F9FFF7CCFF2100D0BD0000F03DE6
:100498000000F0414A02F8B543024400C50F500A73
:1004A80084464800240E000E5F0AC90F9B09920972
:1004B800261A8D4200D09EE0002E42DD8021C9041C
:1004C80000281ED1002A0AD0661E012C05D19B18CF
:1004D80001340B4246D1013C01E0FF2C14D15A07EC
:1004E80004D00F221A40042A00D004335A0100D441
:1004F8002EE101340026FF2C19D09D4EDB081E404A
:1005080015E0FF2CEBD00A431B2E01DD0133E6E793
:100518002020801B11008240F140501E82410A4376
:100528009B185A01DBD501340026FF2C1AD1FF2372
:10053800E005DB057602760A18403043ED072843CC
:10054800F8BD002E2ED08026011BF604002C14D1F5
:10055800002B00D1F3E04C1E01290AD19B1802247C
:100568003342B8D0012283491A405B080B40134339
:10057800B5E7FF2906D11300AEE0FF2800D1E0E07F
:100588000C0033431B2C02DD531C0400A7E71900A1
:100598002026E140341BA3405C1EA3410B4304000A
:1005A8009B18BEE7FE20611C01421ED1002C0DD114
:1005B800002B00D1C7E0002A00D190E79B185A0110
:1005C80000D48CE76C4A13400C0088E7002BD2D08B
:1005D800FF24002A00D182E78023DB039F4202D355
:1005E8009C4500D26746FB0076E00C00FF299ED0B0
:1005F8009B185B0873E7002E25DD00281CD1002A14
:1006080000D16CE7661E012C06D19B1A5A0100D452
:1006180065E79B019E0975E0FF2C00D15FE701218A
:100628001B2E07DC2020801B11008240F140501E49
:10063800824111435B1AE9E7FF2C00D14FE7802183
:10064800C9040A43EBE7002E25D0051B002C0DD169
:10065800002B08D06E1E012D03D10D00D31A0134D2
:10066800D4E7FF2D08D113002C0021E0FF286CD01F
:1006780080242E00E404234301241B2E07DC2025BC
:10068800AD1B1C00AB40F4405D1EAB411C43131B6B
:100698000D000400BAE7FE26601C30422DD1002C64
:1006A80014D1002B06D125002600131E00D13EE7E9
:1006B8000D0014E7002A00D111E79E1AD31A700121
:1006C800F6D4331E00D00AE7350030E7002B05D1F9
:1006D800002A49D013000D00FF2400E7FF24002A58
:1006E80000D1FCE68023DB039F4200D27BE79C45D8
:1006F80000D378E767460D0075E79E1A700115D597
:100708000D00D61A3000FFF7FDFD33000538834091
:10071800844210DC2022001B0130121A1900934079
:10072800C1405A1E934100240B43D8E6002EE9D15C
:1007380035003400FBE6104A241A1340CFE61300B4
:1007480042E7130021E71300C9E613000400AFE7EE
:10075800DE08FF2C00D0EAE6002E00D1E7E6802371
:10076800DB03FF241E43E2E680261500F603F6E7C6
:10077800FFFF7F1FFFFFFF7DFFFFFFFBF0B5C30FEC
:1007880085B0440245000F1C640A2D0E03930293A2
:100798000AD0FF2D3BD08023E400DB041C43002358
:1007A8007F3D019500930EE0012301940093002CF6
:1007B80009D02000FFF7A6FD431F9C4076235B422B
:1007C8001B1A019300957D027E006D0A360EFF0FFD
:1007D800002E23D0FF2E2ED08023ED00DB041D43F6
:1007E80033007F3B002201980399C31A009879408F
:1007F8008000104301380E2823D8FFF7DBFC4D9901
:1008080073999299734D4D927361616153000223FC
:1008180001950093002CD6D00133C3E72B000122A9
:10082800002DE0D02800FFF76DFD431F9D40762383
:100838005B421B1AD6E733000222002DD3D00132C7
:10084800D1E764016D01AC4228D31A200122641B50
:100858000126270052006400002F01DBA54201D8C1
:10086800641B324301380028F3D1601E84411443CD
:1008780018007F30002838DD620704D00F2222409C
:10088800042A00D00434220103D5803318002B4AEF
:100898001440E508FE281DDD00250FE01B2000227E
:1008A800013BD5E78023DB031C4203D01D4201D165
:1008B8002C00029780250299ED032543FF2009E0CB
:1008C8000399009A022AE7D0032A2FD0002528008E
:1008D800012ACDD16D026D0AC0052843C907084316
:1008E80005B0F0BD2C003900ECE701220025121AF2
:1008F80028001B2AEEDC9E3325009C40D540631E51
:100908009C4125436B0704D00F232B40042B00D0B8
:10091800043580232800DB0418401D420BD1ED0864
:10092800D8E780240023E4030293C3E70291C1E7D8
:1009380000252800CEE700250120CBE7FFFFFFF7C1
:10094800F0B5C30F85B04702440002917F0A240E18
:1009580003930AD0FF2C71D080227F3C260000230D
:10096800FF00D204174301930CE001233E1E0193BC
:1009780008D03800FFF7C6FC7626431F9F40764212
:10098800361A0194029B5C025D00DB0F640A2D0E8F
:1009980002935AD0FF2D64D080232800E400DB04A2
:1009A8001C437F3800230299039A4A408119019811
:1009B8008C46850001311D430A2D00DD78E0022DAB
:1009C80055DC013D012D63D9250CA4B226003B0C52
:1009D800B8B246435C4368436B4300191F00330CAD
:1009E8001B189C4202D9802040023F181804B6B256
:1009F8008619B401601E84411B0CB60EDB19344302
:100A08009B011C431B0168D5012360081C4004435B
:100A180008007F30002862DD630704D00F232340DD
:100A2800042B00D00434230103D5803108003E4B49
:100A38001C40E508FE2833DD00254CE00223260093
:100A48000193002F9ED001338DE720000123002C55
:100A5800A9D0FFF757FC431F9C4076235B42181A26
:100A6800A0E728000223002C9DD001339BE701203A
:100A7800A840A6250600ED002E4028421DD190254D
:100A8800AD00284247D1B93DFF3D28429CD0029A8B
:100A9800022BD1D0032B42D000252800012BB7D13F
:100AA8006D026D0AC0052843D207104305B0F0BD9A
:100AB800039A0F2D04D00B2DE9D03C00019BE7E7EA
:100AC8008023DB031F4203D01C4201D12700029A76
:100AD8008025ED033D43FF20E2E7614698E70123C7
:100AE80000251B1A28001B2BDADC9E3125008C40C0
:100AF800DD40631E9C4125436B0704D00F232B4028
:100B0800042B00D0043580232800DB0418401D4244
:100B180007D1ED08C4E780273200FF03D8E7270094
:100B2800D6E700250120BBE7FFFFFFF7410243009E
:100B3800C20F490A00201B0E7E2B03DD9D2B02DD10
:100B4800084BD0187047802000040843952B05DD1A
:100B5800963B9840002AF5D04042F3E79621CB1AFD
:100B6800D840F7E7FFFFFF7F002370B504009842E5
:100B780009D0FFF7C7FB9E231B1A962B08DC082811
:100B880029D0083884406402D805640A204370BD1F
:100B9800992B1BDD020021001B3291400A00511ED7
:100BA8008A410521091ACC40144322000B4D2A40E2
:100BB800610704D00F212140042900D004325101DB
:100BC80002D59F232A401B1AD408DCE7421F0528B8
:100BD800EBD09440E9E79623D5E7C046FFFFFFFB3B
:100BE800F0B587B004920593CB0F0193059B0D03D5
:100BF8004C006D0A410F5F0029431D037B0D0293D2
:100C0800059B6D0ADB0F0393049B049A5B0F2B4330
:100C1800019E029D039F640DC000D200651BBE4269
:100C280000D02CE1BB4EB446002D00DC70E0029EE3
:100C3800002E1ED11E00164300D19BE26E1E012D10
:100C480013D1821882428041C918404209180124F0
:100C580010000B0200D472E00224AF4B42080B4094
:100C6800012101400A43D80706E165451CD1A94C7A
:100C780065E0644563D0382D47DC8026360433436D
:100C88002E001F2E2FDC20251F00AD1BAF40029524
:100C98003D001700F7402F43029DF340AA40551E20
:100CA800AA411D00174303E00127029D382EE8DD05
:100CB8003F188742804169184042091838000B02E2
:100CC8003DD5002501342F006445C6D1934B24053A
:100CD8001C403B031B0B1C43019B2800DB071C43E8
:100CE800210007B0F0BD35001F00203DEF403D005A
:100CF8000027202E03D04037BF1BBB401F001743DF
:100D08007B1E9F412F430025D2E700250127CFE70F
:100D1800002D6FD0029D2E1B002C30D10D000543F5
:100D280000D121E2751E012E24D1801890429241F3
:100D3800C9185242891801340B0200D58CE74307C1
:100D480009D00F230340042B05D0031D83428041A3
:100D58004042091818006F4B0A0200D410E200251F
:100D680001342F009C42B1D06B4BC0080B405D078B
:100D78000543F2E166451DD11900100077E7029C92
:100D88006445F9D0382E32DC802435002404214310
:100D98001F2D1ADC20240E00671BBE4034000600FD
:100DA800B840EE4034430600E940701E86412643B1
:100DB8000C0002E00126382DEADDB018904292417D
:100DC800E4185242A118029C79E72C000E00203C3E
:100DD800E64034000026202D03D04036761BB14073
:100DE8000E000643711E8E4126430024E5E70024C9
:100DF8000126E2E74A4F661C3E4230D10D0005430A
:100E0800002C12D1002D00D1B1E11D00154396D060
:100E1800821882428041C9184042091810000B020A
:100E28008DD53D4B1940340089E7002DA4D01D0015
:100E38006446154383D080254C07C008C9082D0394
:100E48002043294206D0DC082C4203D12100D008D7
:100E58005B071843CB00410F1943C00007E7340074
:100E68002F00664500D131E7821882428041CB18B5
:100E780040421B18D8075208104359085FE7002D55
:100E880065DD029E002E25D11E00164300D171E1BA
:100E98006E1E012D0ED1821A90428041C91A40421D
:100EA800091A012410000B0200D448E74902060081
:100EB8004D0A07E1174FBD4200D1D8E60125029F30
:100EC800382E11DD451BA8428041C91B4042091A32
:100ED8002800E8E70F4EB44200D130E7382D33DC64
:100EE8008026360433432E001F2E1BDC2027BD1B13
:100EF80002951D00029FF340BD40AC4615006746B1
:100F0800F5403D43029FBA40571EBA411F001543A2
:100F1800D8E7C046FF070000FFFF7FFF0000F07F13
:100F2800FE07000035001F00203DEF403D00002770
:100F3800202E03D04037BE1BB3401F0017437B1E33
:100F48009F413D430027BDE700270125BAE7002D53
:100F580059D0029D2E1B002C16D10D0005430FD031
:100F6800751E012E09D1101A82429241591A039B0B
:100F78005242891A0193013495E78E4FBE4221D11E
:100F880019001000340050E08A4C029DA54200D19F
:100F9800F2E0382E34DC80243500240421431F2D50
:100FA8001DDC20260C00761BB440A4460400B0408B
:100FB800EC406746461EB041E9403C4304432600E6
:100FC8000C0002E00126382DE9DD901B8242924197
:100FD8001C1B039B5242A11A0193029C63E72C003D
:100FE8000E00203CE6400024202D03D04034641B32
:100FF800A1400C000443611E8C4126430024E4E711
:1010080000240126E1E76C4E651C35424AD10D00EB
:101018001F0005431743002C23D1002D08D13D1E86
:10102800019700D152E619001000039B019386E650
:10103800002F00D183E6861AB042BF41CD1A7F4205
:10104800ED1B2F0206D5101A82429241591A5242BC
:10105800891AEAE737002F4300D1A5E029003000BC
:101068006DE6002D07D1002F00D194E01900039BF5
:1010780010000193FBE5002F00D1F8E580254C070F
:10108800C008C9082D032043294200D1E2E6DC0844
:101098002C4200D0DEE65B07D0081843039B2100F2
:1010A8000193D7E6861AB042BF41CD1A7F42ED1BA5
:1010B8002F0228D5161AB24292415B1A52429D1A43
:1010C800039B0193002D25D02800FFF71BF903008F
:1010D800083B20223100D21A9D40D14029433500D7
:1010E8009D409C423BDC1A1B0132202308009B1ABE
:1010F8002C009D409840D4406B1E9D41D140204318
:10110800284300241BE637002F43DBD13D003C0079
:101118000197DBE53000FFF7F5F8030018331F2BC4
:10112800D7DD3100083881409C4212DC1B1B5A1C59
:101138001F2ADADD0C001F3BDC402800202A03D0E0
:1011480040239B1A99400800431E984100212043E0
:10115800D7E7E41A194B0B405D07DF08B6E5E41A38
:10116800164B28001940EAE5190010005BE6190043
:101178001000E4E52C00E2E519001000029C54E799
:101188004A07C70817433D00C9089C420FD10D43C1
:1011980004D12F009AE58021019709033D0080279B
:1011A8003F03044C0F4391E53D0001978EE50F0086
:1011B8008CE5C046FF070000FE070000FFFF7FFF29
:1011C800F0B50D0087B000920193040004900198D7
:1011D800EB0F4600C70F1A4803938446009B090388
:1011E8000593019B6A001B030120090B520D1B0B81
:1011F800760D624503D066450DD107B0F0BD964225
:10120800FBD1009A0B4313432343F6D1039BD81B0E
:10121800431E9841F1E70120B242EED19942ECD148
:10122800049B059EB342E8D1039BBB4206D0002A2B
:10123800E3D121434B1E99410800DEE70020DCE79B
:10124800FF070000F0B587B0009001911D00009BDA
:1012580014000493019B29031A03130B334A0393C5
:101268009446019B68005F007B0D0293029A019BE4
:101278000594DB0F090B400DEE0F624512D1009A61
:10128800039F17434FD1029A904204D00120002BAC
:1012980006D0023804E02143081E44D1B342F5D1F8
:1012A80007B0F0BD604511D121433CD1029A002A14
:1012B80004D0B342EAD1181EF2D105E0009A03998E
:1012C8001143F6D1301EEBD101202DE0029A002AFD
:1012D80017D00028DAD0B342D8D1029A8242D5DC9E
:1012E800029A8242E7DB039A8A42CFD8E3D1049A72
:1012F80005998A42CAD8049A059900208A42CFD211
:10130800D9E7009F039A1743002802D0002FD9D0AD
:10131800CFE70C4304D0002FD4D0B342E3D0B5E7D5
:10132800002FBDD0B2E702204042B9E7FF07000016
:10133800F0B587B0009001911D00009B1400049344
:10134800019B68001A03130B344A03939446019BCC
:1013580005945F007B0D0293019B029AD90F2B0322
:101368001B0B400DEE0F624513D1009A039F1743E4
:1013780052D1029A904204D00120002907D00238A5
:1013880005E00220234302D11800B142F4D107B08E
:10139800F0BD604513D102202343F8D1029B002BF6
:1013A80004D0B142E8D1081EF1D105E0009B039AB0
:1013B8001A43F6D1301EEAD101204042E7E7029AEB
:1013C800002A17D00028D7D0B142D5D1029A82423C
:1013D800D2DC029A8242E6DB039A9A42CCD8E2D166
:1013E800049B059A9342C7D8049B059A0020934210
:1013F800CDD2D8E7009F039A1743002802D0002FC8
:10140800D8D0CEE71C4304D0002FD3D0B142E3D0CC
:10141800B2E7002FBBD0AFE70220B8E7FF07000014
:10142800F0B58BB0009201930D034B00CA0F060074
:101438002D0B5B0D059200D114E1CF4A934200D1E8
:1014480038E1ED00420F2A4380252D041543CB4A8D
:10145800C4009B18039300230293019B00981E036A
:101468005A00DB0F360B520D049300D131E1C24B09
:101478009A4200D153E1430FF60033438026BF4917
:1014880036041E43C300501800220599049F794072
:10149800009103994118069101310391029988003E
:1014A80010430A2800DD73E1022800DD46E1013817
:1014B800012800D855E1190C9BB202911900220CA1
:1014C800A4B2514320008C46029F029958435143CD
:1014D800674305916744010CC91904908C4505D9E7
:1014E800802040028446059F67440597080C84467F
:1014F8006846008A090409180991310CB6B20491AA
:1015080030002100049F50437C4371437A432418E0
:101518000F0C3C19A04202D9802040021218200C5E
:101528008218240489B207926218089208996246C0
:101538008C46290CADB22800029F58436F434B4399
:1015480062449446029CFF18020CD2194C43934201
:1015580002D980235B02E418130C1B1902932B0099
:1015680080B2120412180498734345434E43414312
:10157800A8191D0C2D18AE4202D980204002091866
:10158800059C6046A446089C6044A042BF41801860
:10159800904292412E049BB2F618079B7F42F618A0
:1015A80053420493029BF4199C46A4446346049A4C
:1015B800BC42A4419B18079A64429642B641029ADB
:1015C800764234432D0C64199445AD41049A6D421A
:1015D80093429241524215436419099A6418410290
:1015E80011434A1E9141C00DDE0D640201435B02A6
:1015F80026430B43E40100D4DFE001215A080B40E5
:101608001A43F307CE401343039A5D495218002A40
:1016180000DCD5E0590709D00F211940042905D06D
:10162800191D99429B415B42F6180B00F10106D542
:101638008021C9008C46534A1640039A6244524995
:101648008A4200DD09E17407DB081C43F60813052C
:101658003603009A360B3343D20713432000190090
:101668000BB0F0BD2C0004432BD0002D16D0280061
:10167800FEF748FE040002000B3C1D2330001B1B34
:101688001100D84008398D4003002B4335008D40A8
:101698003E492C008A1A1D000392DCE6FEF732FE52
:1016A80004000200153420321C2CE6DD3300083813
:1016B8008340EDE704002C4307D003930400032381
:1016C800CAE6250001230394C6E6039325000223F6
:1016D800C2E6009B334329D0002E14D03000FEF719
:1016E80011FE010003000B391D221800521A00993F
:1016F80008388640D1403143009E86402348C01AAE
:1017080033000E00C0E6FEF7FDFD010003001531B1
:1017180020331C29E8DD009908388140EEE7009B5A
:10172800334307D0030010000322AEE61E00180062
:101738000122AAE610001E000222A6E6012181402D
:10174800A6200F00C0000740014227D1902080004A
:10175800014277D1B938FF38014200D1ABE604998C
:101768000091022A79D0032A75D0012A00D04BE7CC
:101778000026340032006AE7FF07000001FCFFFF83
:10178800FF030000FFFFFFFEFE0700000DFCFFFF48
:10179800059900910F2805D00B28E0D02E002300D2
:1017A800029ADEE78022120315424FD016424DD12D
:1017B8003500049A00921C0048E0069A039223E739
:1017C8000120801A3828D3DC1F2827DC2649039AF1
:1017D8008C461C006244310093409140C4401A007A
:1017E8002143531E9A410B00C64013435A0709D0A0
:1017F8000F221A40042A05D01A1D9A429B415B42C7
:10180800F618130080213000090408400E4227D141
:101818007407DB0802001C43F60818E71F21494239
:101828008A1A3100D1400022202805D00F48039A97
:10183800844662449640320013435A1E9341002660
:101848000B43D3E780253C002D0300978026360301
:101858002E43074AFBE63500ADE700263400F8E7DB
:10186800002601223400F2E61E0400003E040000B7
:10187800FF070000F0B585B000920193CB0F0D0370
:101888000293019B4C006D0A410F29435D001E0322
:101898006B0D9C46019B760ADD0F009B009A5B0F3F
:1018A8003343BE4E640DC000D200B44523D11E00A0
:1018B80016430396039FBA4EA619002F0CD0029F19
:1018C8000095AF4200D0B5E1002E00D104E1002C14
:1018D80000D0BAE26446B8E001276F40029D009745
:1018E800BD4200D0AFE1002E00D1F5E0002CF1D0D0
:1018F800039908002FE00126754000956546029F70
:10190800009E651BB74200D02EE1002D00DC76E07A
:101918006746002F21D11F00174300D122E16F1E17
:10192800012D15D1821882428041C91840420918F8
:10193800012410000B0200D496E00224994B4208BF
:101948000B40012101400A43D807104359088BE096
:10195800924EB54222D1914C86E0904EB44200D1CD
:1019680082E00026B4460136382D1ADC80262F0086
:10197800360433431F2F31DC20251E00ED1BAE40FB
:10198800B44616000095FE4065462E43009DFB4078
:10199800AA40551EAA4116439C4602E00126382F4C
:1019A800E8DD36188642804161444042091830001B
:1019B8000B0259D50026794B0134B4469C42BDD15F
:1019C800794B24051C4063461B031B0B1C43029BDD
:1019D8003000DB071C43210005B0F0BD3D001E00B0
:1019E800203DEE400025202F03D04035ED1BAB40B5
:1019F8001D0015436B1E9D4100232E43CCE7002D8F
:101A08006AD065462D1B002C1ED000240126382DD7
:101A180012DC8024240421431F2D4BDC20240F00DA
:101A28000600641BA040A740EE4037430600E9408B
:101A3800701E86410C003E43B01890429241E41853
:101A48005242A1186446B3E72C000D00054329D083
:101A5800651E012C23D1801890429241C918524228
:101A680089180B0200D568E7430709D00F23034004
:101A7800042B05D0031D83428041404209181800F9
:101A88000B0200D4E4E10026444B0134B4469C42E6
:101A980096D0444BC0080B405E070643CDE13F4E4D
:101AA800B44202D119001000DEE7382DB4DD00245D
:101AB8000126C1E72C000E00203CE6403400002639
:101AC800202D03D04036761BB1400E000643711E10
:101AD8008E4126430024AFE7344E651C354233D18E
:101AE8000D000543002C11D1002DDBD01D0015433E
:101AF800BAD0821882428041C918404209181000A1
:101B08000B02B1D5274B01341940ADE7002D00D1A8
:101B18009BE11C001443002C00D11CE74C07C008B3
:101B280020438024C9082403214208D0DD08254227
:101B380005D129005B07D0081843009B0293CB000E
:101B4800410F1943C00006E7144CA54200D196E1A5
:101B5800821882428041CB1840421B18D80752088D
:101B6800104359082C007FE7002D76DD6646002ECD
:101B78002ED11F001743F5D06F1E012D18D1821AE0
:101B880090428041C91A4042091A012410000B02F0
:101B980000D469E7490206004D0A02E1FF07000088
:101BA80001F8FFFFFFFF7FFF0000F07FFE07000046
:101BB800B74EB54200D1CEE60126382F15DD861B7B
:101BC8006346B0428041C91A4042091A3000DEE734
:101BD800AF4EB44200D147E70026B4460136382D4F
:101BE800EDDC80262F00360433431F2F11DC20251F
:101BF8001E00ED1BAE40B44616000095FE4065463B
:101C08002E43009DFB40AA40551EAA4116439C4600
:101C1800D5E73D001E00203DEE400025202F03D0D3
:101C28004035ED1BAB401D0015436B1E9D41002345
:101C38002E43ECE7002E67D0002C25D019001000A9
:101C4800934C029510E7002E5ED0002C1FD003990C
:101C58008F4C0800009B029306E7002D54D0654680
:101C68002D1B002C1FD1009C02942C000D00054355
:101C780000D117E7651E012C0CD1101A824292413F
:101C8800591A5242891A82E702956446EEE7009C87
:101C98000294FAE77E4EB44200D103E7382D09DDFD
:101CA8000021012614E0382D2BDC80242404214354
:101CB800009C02941F2D13DC20240F00641B0600D7
:101CC800A040A740EE40441EA041E9403E430643E1
:101CD800901B82429241591A52426446891A56E729
:101CE8002C000E00203CE6400024202D03D0403478
:101CF800641BA1400C000443611E8C410021264353
:101D0800E6E700990291CBE7624E651C354238D16F
:101D18001D001543AC460D000543002C25D1002DB0
:101D280008D1614626000294002900D148E619002E
:101D380010008FE76546002D00D195E6861AB0425F
:101D4800BF41CD1A7F42ED1B2F0206D5101A8242E1
:101D58009241591A5242891A7CE733002B439C4618
:101D680000D18FE0290030007EE6002D07D16146C2
:101D780000297AD01900009B10000293EBE5644615
:101D8800C9E6861AB042BF41CD1A7F42ED1B2F0229
:101D980028D5161AB24292415B1A52429D1A009BEC
:101DA8000293002D26D02800FEF7ACFA0300083B6A
:101DB80020223100D21A9D40D140294335009D4050
:101DC8009C423DDC1A1B0132202308009B1A2C0080
:101DD8009D409840D4406B1E9D41D14020432843EC
:101DE800002441E633002B439C46DAD11E001C0038
:101DF8000293E5E53000FEF785FA030018331F2B40
:101E0800D6DD3100083881409C4212DC1B1B5A1C6D
:101E18001F2AD9DD0C001F3BDC402800202A03D0F4
:101E280040239B1A99400800431E984100212043F3
:101E3800D6E7E41A184B0B405E07DB089C46BFE563
:101E4800E41A154B280019400EE61900100082E527
:101E58004B07C00803439C460D4B6646C9089C4285
:101E680013D10E4304D1B446AAE502918021090397
:101E780080231B030B436646054C9C46A0E50026C1
:101E8800034CF0E7260002949AE58C4698E5C04694
:101E9800FF070000FE070000FFFF7FFF0B0070B583
:101EA800114E0C0349000200240B0020490DDD0FE0
:101EB800B14204DD0D48814202DD0D4BE81870BDCA
:101EC8008020400320430B4C641A1F2C08DC0A4E68
:101ED800E240891988401043002DF0D04042EEE7D7
:101EE800064B5B1AD840F7E7FE0300001D0400000C
:101EF800FFFFFF7F33040000EDFBFFFF130400002A
:101F080010B503000400021E0CD0FEF7FBF90B4AC3
:101F1800121A0A280DDC0B2321001B1AD940153090
:101F28000B0084401B031B0B12051A4320001100F1
:101F380010BD23000B3883400024F3E71E04000083
:101F48000023C25C0133002AFBD1581E7047F7B545
:101F5800040C0D0091B20F0061438C4606000193FA
:101F680083B2100C5F43444358433B0C60441B1836
:101F7800994202D980214902641801995543714355
:101F8800180C04191B04BFB24919D819091903B050
:101F9800F0BD70B50022002304000D00FEF78AF999
:101FA80000280BD080231B06E9182000FEF754FAFE
:101FB800002342428B411000190070BD2000290007
:101FC800FEF74AFA02000B00F5E7F0B506000F002D
:101FD80015001C0085B08B4263D801D1824260D8BD
:101FE80021002800FEF7ACF9390000903000FEF718
:101FF800A7F9009B21001B1A1A0028000393FEF77B
:1020080037F900900191B94245D801D1B04242D880
:10201800009B019C01200021039AF61AA741FEF7B4
:1020280027F904000D00039B002B2BD0019B009A7D
:10203800DB0750081843019B5908039B9C46B9428B
:102048002CD801D1B04229D832003B00121A8B415A
:10205800012692185B410027B6185F4101235B42B5
:102068009C446346002BEAD130003900039AFEF7FE
:10207800F3F8039AA4197D4106000F00FEF7F8F85B
:10208800241A8D410A9B002B01D01E605F6020003E
:10209800290005B0F0BD00240025C4E7B6197F412A
:1020A800DCE700240025EDE7F7B517001E00040063
:1020B8000D0000F011F802000B00009001913800AB
:1020C8003100FFF744FF241A8D41089B00980199BD
:1020D8001C605D6003B0F0BDF0B504000D00100099
:1020E800190085B0002D11DB002B00DA82E02600F4
:1020F8002F0014001D00BD4204D800D080E0B44277
:1021080000D87DE00020002105B0F0BD0023624228
:10211800AB41002968DB16001F0004000D00BD421A
:1021280078D801D1B44275D801235B422900200038
:102138000393FEF705F9390002903000FEF700F925
:10214800029B29001B1A1A0020000293FEF790F840
:1021580004000D00B94255D801D1B04252D801202F
:102168000021029AFEF784F8361BAF4100900191D6
:10217800029B002B2CD0EB0760081843029B6908D0
:102188009C4601240025B94241D801D1B0423ED82D
:1021980032003B00121A8B4192185B4112196B41B5
:1021A80016001F0001235B429C446346002BEAD1C2
:1021B800009C019D029A30003900FEF74DF8029A02
:1021C800FEF756F8A4197D41241A8D410094019513
:1021D80000980199039B002B00D195E703000C00A0
:1021E80000215842A1418FE716001F0000254442F4
:1021F8008D4180E726002F00002544428D418EE75F
:10220800002393E70022002300920193B0E7B61958
:102218007F41C7E700200021E0E7000010B5034B2D
:102228000100180005F03BFB10BDC046EC91001002
:1022380070B504004518AC4200D170BD2178024841
:1022480005F02DFB0134F6E7CC91001070B50500C0
:1022580008000E00FFF774FE310002000400280099
:1022680006F0DDFD0023984208D1295D01220D29E1
:1022780002D8034B0B411A4001235340180070BD8C
:10228800FEDBFFFF70B505001348037B002B07D169
:10229800290005F009FB002802D001220F4B1A7013
:1022A8000F4C2900200005F031FB002809D0200040
:1022B8000C4906F0E1FD002809D1200005F064FB77
:1022C80004E0200005F041FB0028F0D170BD21009A
:1022D800054805F0B3FCF0E77C20002059210020D8
:1022E80028160020149900101F990010F0B5C5B0E9
:1022F80001900E0026482749170006F0BDFD011E73
:102308001BD0FF22043104A806F09AFD08230024FC
:10231800FF3302AA9B182A2104A81C7006F071FD3D
:10232800A04200D004701C4B03941900009303AA28
:1023380004A806F0E3FD041E01D145B0F0BD3A2122
:10234800200006F05EFD051E0ED00A2200212000A6
:1023580004F0DAFC0300681C032B09D1002104F007
:10236800C9FA019B186059600020009903AAE0E7A8
:10237800042B05D1002104F0BDFA30607160F3E749
:10238800052BF1D10A22002104F0BEFC3860EBE7EE
:102398003818002046990010B3990010F0B50500D0
:1023A80028488BB0037B002B07D1290005F07CFA65
:1023B800002802D00122244B1A70244C2900200046
:1023C80005F0A4FA002809D02000214906F054FDA0
:1023D80000280AD1200005F0D7FA04E0200005F013
:1023E800B4FA0028F0D10BB0F0BD0125194B002636
:1023F8001D70012300275B4205AA08A906A80593BA
:102408000696079708960997FFF770FF069A079BA5
:1024180002920393029803993B003200FDF75EFF96
:102428000D4B002805D00299039A19605A600B4A8F
:10243800157005991A685B6809480091210005F034
:10244800FDFBC7E78C2000205A2100203818002007
:1024580046990010582100202016002056210020FF
:102468004B990010F0B5234B8BB001001800039373
:1024780005F04CFA002809D01F49039806F0FCFC27
:1024880000280AD1039805F07FFA04E0039805F0C4
:102498005CFA0028F0D10BB0F0BD0123002600271C
:1024A8005B4205AA08A906A8059306960797089609
:1024B8000997FFF71BFF069C079D32003B00200091
:1024C8002900FDF70BFF0D4A002804D001210C4B11
:1024D80014605560197005990A4B002900DB1960D2
:1024E8001B68166857680848009332003B0005F0DF
:1024F800A5FBC7E7381800204699001020160020D1
:1025080056210020E81000207D99001037B50500FD
:1025180009220A490A4806F082FC002801D0002056
:102528003EBD084C019001A9200004F0E3F9019B8D
:10253800A342F4D0286069600120F1E7AB9900104C
:10254800281600203116002037B51C4C05002378CA
:10255800002B07D129001A4805F0A6F9002801D058
:1025680001232370174C2900200005F0CFF900281B
:1025780017D02000144906F07FFC002817D16846C0
:10258800FFF7C4FF002815D0104B11481968013116
:102598001960009A019B026043600E4805F04EFBEB
:1025A80008E0200005F0D1F90028E2D137BD0A483B
:1025B80005F044FB200005F0E7F9F7E75921002072
:1025C8007C20002028160020149900107820002074
:1025D80018160020D1990010B5990010F0B5484997
:1025E8009BB00400FDF72CFE0D00E1212800090135
:1025F800FDF7EAFDE121079009012800FDF720FE1B
:102608000D003C212800FDF7DFFD3C210890280043
:10261800FDF716FE200009913949FDF7D5FD394B24
:10262800394AC418200000230021FDF7B5FE364BB7
:1026380007004343E41A20003449FDF7C5FD344937
:1026480005192000FDF7C0FD32492D1A2000FDF7BD
:10265800BBFD6E212D1A2800FF31FDF7B5FDC823FB
:102668005B005F4306002C493F182800FDF7ACFDCE
:10267800274904192800FDF7A7FD6E230525FF3318
:102688007343241AE41A6543023599212800FDF79B
:102698009BFD224A03000326954201D9092676426A
:1026A8000222002599209E19B2426D41099A584389
:1026B8000492089A05210392079A02300292FDF7C4
:1026C80083FDED190134164F241A2B003A004021DE
:1026D800019400960AA804F0E3F800280EDD0AA881
:1026E800FFF72EFC01000AA8FFF7A2FD01210D4803
:1026F800FFF79EFD0C480AA905F0A0FA1BB0F0BD33
:10270800805101006CFA0A00B13A0200AC8E000058
:10271800B4050000B03A0200948E0000F9050000EC
:10272800F3990010819D0010239A0010F0B5012440
:10273800270099B008900991964D06212800FFF7C7
:1027480077FD01219448FFF773FD2900934805F0B0
:1027580075FA05F0D3F8FA220023920012184B41BB
:10276800069207938E498F4805F0B9F800261F2571
:1027780004ABED1829008C4805F087F8002800D133
:1027880085E03220002105F00EF9002E0FD105F06A
:10279800B5F8079B8B42E5DC02D1069B8342E1D862
:1027A80021008248013405F049FA042CC4D1804B39
:1027B8000CAE1B6820210093300001237D4A04F0F1
:1027C8006FF8431E07001E2B31D8330000251C78F4
:1027D800002C00D088E02420FFF720FD305D013474
:1027E800FFF71CFDA742F9D12A20FFF717FD2B0997
:1027F80018003730C0B29F2D01D83033D8B2FFF758
:102808000DFD0F232B4018003730092B01D830332A
:102818001800FFF703FD0D20FFF700FD0A20FFF762
:10282800FDFC2B0032000121634805F007FA089BE4
:10283800002B00D18BE06149002208684968604B91
:10284800FEF7EEFD04F09EFFCA17130050400C007F
:102858005140801A994164220023FDF79DFD594F8C
:102868001500002C00DA584F0CAE05930290022395
:102878000391009730213000544A049504F010F871
:10288800431E07002E2B62D83300002531E029783B
:102898004F4D280005F03AF8002817D028004D4978
:1028A80006F0EAFA002817D10CA8FFF72FFE002837
:1028B80016D03F4B41481968013119600C9A0D9B9D
:1028C80002604360444805F0B9F909E0280005F0C2
:1028D8003CF80028E2D14AE7404805F0AFF93E004D
:1028E8003B4805F051F842E7654001336FE7654022
:1028F80001331C78002CFAD12420FFF78FFC305DBF
:102908000134FFF78BFCA742F9D12A20FFF786FC98
:102918002B09180037309F2D01D830331800FFF7E6
:102928007DFC0F232B4018003730092B01D830339A
:102938001800FFF773FC0D20FFF770FC0A20FFF763
:102948006DFC2B0032000221254805F077F90022A2
:1029580000200021164B1A60184B18605960099B1B
:1029680093420FD01F4B204C1D7895420CD01F4B23
:102978001868596804F07EFEFDF752FDFFF72EFE39
:102988000123237019B0F0BD194805F057F92570D7
:10299800F8E7C046839D0010819D00103D9A001005
:1029A8006D240010EC910010CC910010AE9A00102C
:1029B80078200020D39A0010DC9A00101816002006
:1029C80000005940D09E00103B9A0010049B001054
:1029D80028160020549A0010799A00105E9A001068
:1029E800189B001056210020572100202016002097
:1029F800419B0010F0B5964C050023788DB0002B54
:102A080007D12900934804F04FFF002801D0012383
:102A18002370914C2900200004F078FF00282CD066
:102A280080268E4805F00AF90025B600A359AB4266
:102A380001D9142D28D18A4805F000F920008949C8
:102A4800FFF704FC002800D18EE0874805F0F6F86F
:102A58000123864F20003B7004F096FF844805F060
:102A6800EDF8844D280004F08FFF834E300004F009
:102A78008BFF3B78002B3BD12EE0200004F065FF54
:102A88000028CDD10DB0F0BD615D0B00203B5E2B61
:102A980004D87A4805F0D2F80135C7E7784805F038
:102AA800CDF8F9E704AB197C059804F0F8FE04ABFF
:102AB8002800197C04F02AFF002814D02800714946
:102AC800FFF7C4FB002828D06F4805F0B7F80023AB
:102AD80028003B7004F058FF200004F055FF6B48B5
:102AE80004F052FFCEE7280004F02FFF0028E5D1BC
:102AF800674B08A91800029304F0C7FE654B0593BD
:102B08000028CFD005980AA904F0BFFE002808D0F5
:102B18000120002104F047FFABE7280004F034FF50
:102B2800E6E704AB197E029804F0B9FE04AB300066
:102B3800197E04F0EBFE00280CD030005149FFF755
:102B480085FB00280CD0544805F078F800233000A5
:102B58003B70BFE7300004F0F8FE0028EDD1D1E764
:102B6800300004F011FFCDE720004C4906F084F94D
:102B780000280FD04A4805F061F84A4D2B78DEB29C
:102B8800002B05D1012031002870FFF7CFFD2E70F2
:102B98002000A5E72000444906F06EF90028F7D088
:102BA8000123002600275B4207AA0AA908A8079361
:102BB800089609970A960B97FFF798FB089A099BBE
:102BC800029203930298039932003B00FDF786FBBB
:102BD800364A002806D002980399106051600121F6
:102BE800334B1970079D53681268210031480095CE
:102BF80005F024F82B4F3B78DAB2002B22D1002DB8
:102C0800C6DB2D4E3168002901DA3560C0E78D42F8
:102C1800FBD02A4B1B78002BF7D00292012904D154
:102C28006B1E1A00531E9A4102922A00244805F08E
:102C380005F80121029839700840FFF777FD002355
:102C48003B70E2E7002DA3DB1B4B1D60A0E7C046ED
:102C58005A2100208C200020381800207B9B00106F
:102C6800CF9E0010859B00108D9B001054210020E2
:102C7800A29B001008140020F8110020809B00106F
:102C8800839B0010BD9B0010C39B001028160020DA
:102C9800EC910010CC910010D49B0010E59B001023
:102CA800E99B0010552100204699001020160020AD
:102CB80056210020109C0010E81000205721002009
:102CC800399C0010F0B5764885B004F0B7FF754D13
:102CD800280005F02EFF002807D1734804F0AEFF46
:102CE8000021724804F05FFEFAE7714C200005F0FD
:102CF80020FF0028F1D04721280004F0D0FD4C2106
:102D0800280004F0CCFD4921280004F0C8FD442126
:102D1800280004F0C4FD4521280004F0C0FD52211C
:102D2800280004F0BCFD0D21280004F0B8FD0A219C
:102D3800280004F0B4FDFA200021800004F033FEDE
:102D48005321200004F0ABFD4521200004F0A7FD2D
:102D58004E21200004F0A3FD5321200004F09FFD24
:102D68004F21200004F09BFD5221200004F097FD24
:102D78000D21200004F093FD0A21200004F08FFDAE
:102D88004C4B4D4A00261A6003229E605A601E73FF
:102D98004A4A4B4B02921A6007224A485A609E6080
:102DA8001E7304F0F1FD484804F0EEFD01220021F5
:102DB8000020464B52421E700393454B00271E705D
:102DC8000193444B1E70444B1E70444B1A60444B95
:102DD8001E70444B18605960434B1E60434B18608B
:102DE8005960434B43481E70434B1E7004F026FF46
:102DF800424804F023FF04F081FD414E36184F414C
:102E080004F07CFD8F4202DC42D1864240D9019B0E
:102E18001B78002B2FD03B48029904F00FFF0127A5
:102E28002800394904F05BFD2000384904F057FDBB
:102E3800294E3378002B19D1019B1B78002B15D014
:102E4800244B1B78002B03D1039B1B78002B0DD040
:102E5800234B1B78002B09D0224B1868596804F0C3
:102E680009FCFDF7DDFAFFF7B9FB377014200021E4
:102E780004F099FDD4E72800254904F030FD20002E
:102E8800244904F02CFD0A20002104F08CFDB7E74A
:102E9800019B1B78002BBED11F4804F0CFFEBEE774
:102EA800779C0010EC910010889C001010270000FF
:102EB800CC9100108C200020A49C0010A89C00102D
:102EC8007C200020381800202816002058210020D7
:102ED800592100205A21002057210020E810002005
:102EE80056210020201600207820002018160020E7
:102EF80055210020B09C001054210020F99C00109E
:102F0800B80B00003A9D0010FD2900105125001053
:102F1800A52300108D220010579D0010F0B597B022
:102F2800059304230B921A400B9B0A92DA08072395
:102F38001A40013207001C9D03910D92820700D0B0
:102F4800C5E1041D002804D0072909D81C204042E7
:102F580054E1039A1A401300A4180822D31A0393C1
:102F6800059B0426013B0693002309930C930493C5
:102F78000293013B07930196002F01D0059B236024
:102F88000D9B002B00DDF1E09D4B059A9A4203D37F
:102F98009C4B9A4200D2E9E00B99E21B93088907FF
:102FA80000D50DE1049A0F2A00D9BBE0002F00D10B
:102FB8000EE104990EAA53540A00079912AB9954CA
:102FC8000C9B01330C93F4E008260196069B013311
:102FD8000693069B9878002800D105E1029B002BF8
:102FE80008D12528F2D1079B0133079301230293C7
:102FF8000426EAE77A284AD84B280ED8472846D824
:1030080029282CD825283FD041D82028DED023389D
:1030180043425841C3B20293D8E74C382E2836D8D9
:10302800FDF7BEF8D43535353535353535353535D3
:103038003735353535353535356135373761616182
:10304800D437D235D435183718353579E63735358C
:103058003735E600002308930426029327E001226F
:1030680013002A38C0B2834067490B42AED1E2212F
:103078001800890508400B4235D11900114002910A
:103088001342A3D0089013E0079B013B079300234A
:10309800C1E70022069B08925B7802926C2B07D14D
:1030A8000426069B01961B786C2B01D1B619019654
:1030B800013CA0193100FDF787F870430400002F88
:1030C8003BD0019B039ADB1B1B18934200D93DE7B9
:1030D800089B002B41D1019B042B20D108CD036014
:1030E8000423043415E0072107358D4364188C4305
:1030F8000CCD002F08D00131C91B03980919814252
:1031080000D923E722606360002308260293330076
:10311800083401935AE7029B089300239CE7019B1C
:10312800082B01D0162012E7072307359D430CCD45
:103138000260436008230834EBE7089B002B0CD19E
:10314800019B042B01D10435CAE7019B082BE9D167
:103158000735013B9D430835ECE7069B0233069390
:103168000D9B013B0D9308CD059305E70B9B9B0732
:1031780022D50121E21B9308802080008242D1D20F
:10318800049A0F2ACED8002F1CD00498DBB20EAABE
:1031980013549C46079B12AA1354002900D10FE729
:1031A80080226346524213430EAA1354099B0133EB
:1031B8000993049B01330493069B0434013B07E7FE
:1031C8000021D9E7002903D0039B01330393F0E7DB
:1031D800039B023303930A9B002BEAD10598FEF761
:1031E800AFFE039B1B18F1E78022E31BD20093423A
:1031F80098D2002F0AD103980838C01817B0F0BD2C
:103208003C91001054A20010DAFF00009B08302205
:1032180038603B706B469B180A9A1B78002A0BD0C3
:10322800FB70099BBB70002B1BD100250EAE049BC5
:10323800AB421BD1E01BE1E77B70F2E70EADED5628
:103248000EA9595C002D07DA039E15190140B542F5
:1032580000D97BE621700134013304999942EDD1FC
:10326800E3E7012200237F20D21BF6E7099B002B0E
:1032780002D033787F2B1BD80A9B002B1BD012ABB4
:10328800EB5C23700023013401930123019ADB1BBB
:103298001B199B18039A934200D957E63378019A71
:1032A800237001342000059905F09AFD019B1C1933
:1032B80001350136BBE733789B00FB181A68059285
:1032C8000A9A05981A60FEF73BFE431CDCE70E20BD
:1032D8003DE6C046F0B59BB000AF3B628023FB18CB
:1032E8001B6806001B07DB0F7B618378F9623A6372
:1032F800BB6300290AD10478BB6BA400E4184578A5
:103308000419FB6A9D421BD8A31BFB62F378BB61BF
:10331800BB6B002B04D08023FB181B68DB0719D478
:10332800BB69002B47D13B6B002B03D030003A6AB6
:10333800F96A9847FB6AFB63BD46F86B1BB0F0BDA2
:1033480001342000FEF7FCFDFB6A0130013324182C
:10335800FB62D6E73378FB619B007B627368BB62D4
:103368007B6AF5183B6B002B00D029E1FB6AFB63F5
:10337800BB6BEC180023BB63A54232D02B789B00B3
:103388009859FEF7DDFD84217B181B680130002B5E
:103398000CD08822BA18BB6B1268934206D27A18EE
:1033A80012685B009852BB6B0133BB63FB6B013542
:1033B8001B18FB63E0E78023FB181B689B07B2D54B
:1033C8003378FB619B007B627368BB627B6AF5188C
:1033D8003B6B002B77D1FB6AFB63BB6BEC183B6B39
:1033E800BB6380220523BA181268250013405A428D
:1033F80053410133FB62BB695B00E3183B633B6BE2
:10340800AB4299D02B787B636B789B009C59B84B67
:103418009C4202D3B74B9C4223D37B69002B33D009
:10342800796BB86A04F0E3FB00282DD06C468AB0AB
:103438006A46B14B5361BB6A93617B6BD36180234E
:103448009B001384AD4B136192210023AC481032CA
:10345800890100F033FCA546FB6B023BFB63023598
:10346800CDE77B69002B05D0796BB86A04F0BFFB08
:103478000028DBD180230122FB181B68134209D1E5
:10348800FB6BFA6A9B1AE9E780230222FB181B6888
:103498001342E4D02000FEF753FD84217B181B68FB
:1034A800002B0DD08822BA18BB6B1268934207D242
:1034B800791809685B00421C5A52BB6B0133BB6325
:1034C800FB6B1B18CAE7BB6B1C1E7B6315D08021E6
:1034D80004237A1812681A4014007A637A1812685A
:1034E8001A420AD00023BC6B7B63183340229B1816
:1034F8002900BA6BD81905F073FCBB6BEB18FB609D
:10350800FB63BB695B003B613A69FB6894466344B3
:103518007B60FB6B7A68934257D17B6B757800218F
:103528005A198023FB181B68D2B29B0700D4610884
:103538008020381800680023C00705D48033FB18A2
:103548001B685B07DB1723407270B370F1703000A3
:103558003A6A796A3B6B9847F863002800DAEBE629
:10356800FB6940203370BB6B2100B370BB693A6ABA
:10357800F37018231B18D81975703B6B9847041EF5
:1035880000DAB1E0FB6ABA6BF868991A7B6A3A6AA2
:10359800C91A3B699C46C91A60443B6B9847002886
:1035A80000DAA3E00025FB6B1C192318FB637B6B77
:1035B8009D4261D300213A6A08003B6B9847BBE6FD
:1035C800BB6B00247B63082390E7FB6B484A1B789E
:1035D800BB60FB6B5D78AB009B59934202D3454AB5
:1035E80093420CD37B69002B30D0B968B86A04F0D9
:1035F800FEFA00282AD0FB6B0233FB6389E77B695C
:10360800002B05D0B968B86A04F0F1FA0028F2D1A5
:1036180080230122FB181B6813420AD07B6B9B187E
:10362800073240215218796BD219DBB255547B63AB
:10363800E1E78023FB181B685B07DCD518224021D3
:103648005218631CD2191555DCB2D4E78023022224
:10365800FB181B68134203D07B6B06320133E0E78B
:10366800402118225218B968631CD2191155DBB2CF
:103678000234E4B2D554BEE7402208239B18DB1974
:10368800EB5C0732BA18137084229B009B59BB630A
:10369800BB181C68002C09D08823FB181B68002461
:1036A8009D4203D2BA1812686B00D45A47230121ED
:1036B800F8183A6A3B6B9847002817DBFB6B1B1816
:1036C800FB63002C04D1B86BFEF73AFC013084B2DE
:1036D80021003A6AB86B3B6B9847002806DBFB6B06
:1036E80001351B18FB6362E7F86325E6F86323E6F8
:1036F8003C91001054A200108A9D001004000001A3
:1037080098930010014B18607047C046EC100020D9
:10371800F7B504000D001E00019202F073FD0300CE
:1037280005F0FEFC054F32003B5001992800A047E8
:1037380005F0F6FC385800F06FFFC046080000009E
:10374800F7B505000600002D01D13000FEBD2800A8
:10375800FCF702FE01238340DA430E4F04019D4328
:103768003B1901931B7B0092002BECD0E3591B699A
:10377800002B09D1009B3C191E406368042219687C
:10378800019804F0F6FCDEE7381998470028DAD1EA
:10379800F0E7C046C0930010F0B5002289B00F4989
:1037A8000F4805F0D1FA0024002600270E20C02279
:1037B8000C4D03900696079728000B4B0B49049471
:1037C800029401940094920002F0B2FA0849280089
:1037D80005F0FAF9200009B0F0BDC046FD37001029
:1037E800C01E0020481A0020013B0010782100204C
:1037F800429E001010B5024802F008FA10BDC046FB
:10380800E8110020F7B500901F48019104F090FCE2
:10381800061E35D000252800FEBD237B002B11D0C5
:103828002368DB68002B01D02000984763689F71EC
:1038380023681B69002B1BD16368042220001968C8
:1038480004F097FC01361034104B9C42E5D3009BE2
:10385800002BE0D0002DDDD02800FFF771FF019B81
:103868000500002BF6D00021642002F085FCF1E76A
:10387800200098470028DFD03B00B3401D43E1E714
:1038880005000127024CDFE7AC200020D093001090
:10389800C0930010014B8000C05870479C960010E0
:1038A800030010B50800002B05D0044A136000F08F
:1038B800ABFC002010BD16204042FBE7F0100020B2
:1038C80010B5054C2378002B02D1044802F09EF96C
:1038D8000123237010BDC0465B210020E8110020A1
:1038E80010B50400074804F023FC002C03D0012184
:1038F800054805F05BFA054805F032FA044802F07D
:1039080085F910BDA4200020A8200020C01E00209A
:10391800E811002010B50021014805F054FA10BD47
:10392800A420002070B5FFF7F5FF0500084C094BEF
:103938009C4200D370BD63685B79002B06D0236876
:103948005B68002B02D02900200098471034EEE76E
:10395800C0930010D093001010B5044C0449200007
:1039680004F076FA034B1C6010BDC046AC11002071
:10397800889600109C2000200023FA210C4A10B5DC
:1039880013700C4A890013600B4A0C481360FFF748
:1039980087FFFFF7E1FF0A4B0A4918008B4200D363
:1039A80010BD1A1A5C681211013222711033F5E742
:1039B8005C210020A4200020A820002043810010C2
:1039C800C0930010D093001010B5044C01000022E1
:1039D8000023200004F05DFA10BDC046AC110020A1
:1039E80010B5024804F0EFFA10BDC046AC11002033
:1039F80010B5034B0100186804F036FB10BDC04633
:103A08009C20002010B5024804F067FB10BDC0469A
:103A1800AC11002070B5204B1878002826D0FFF78D
:103A2800DFFF1E4C051E2CD11D4B1E4C1B68002BA6
:103A380011DD05F085F90A220023FCF7D1FC226884
:103A48006368801A9941002903D1FA239B009842A0
:103A580001D9FFF767FF22686368FA200021800018
:103A680012184B4122606360FFF7CCFF70BD63689A
:103A78005B79002B04D02368290020001B68984735
:103A88001034094B9C42F2D32800FFF7B1FF012103
:103A9800064805F08BF9C7E75B210020C0930010AA
:103AA800A4200020B81E0020D0930010A8200020D9
:103AB80070B50E4D297800290CD10120FFF7A2FE20
:103AC8000B4C0C4B9C4206D3FFF7A4FF0028FBD1FC
:103AD80001232B7070BD63685B79002B03D02368CA
:103AE80020009B6898471034EBE7C0465C21002013
:103AF800C0930010D0930010F7B500210800FFF71D
:103B080081FE041E2DD0FA2700267F0005F008FB51
:103B18001C4B1D4A1B581360002B06D01B4B1B68FF
:103B2800092B02DD1A4802F071F800230093002CDB
:103B380007D02000FFF704FE041E02D101277F42B0
:103B48003E00FFF767FF0190002808D1009B114D48
:103B5800002B13D10E483A00330002F089F8019B7C
:103B6800E4E701277F423E00D0E72B689B69002BE2
:103B780003D000222800110098471035064B9D42BB
:103B8800F3D3E7E708000000A0200020A8200020C9
:103B9800E8110020C0930010D093001013B5154809
:103BA80004F0C6FA144B1B78002B0AD0EFF31084EC
:103BB80072B6FFF72FFF002C02D162B6BFF36F8FEA
:103BC80013BD0E4B1B68002BFAD0002809D1002228
:103BD80000230B480092019300230A4A02F02CFEAE
:103BE800EEE70928ECD1064805F0BAF8064802F0D5
:103BF8000DF8E5E7A82000205C210020A020002087
:103C0800C01E002010270000E811002010B5064B48
:103C180004001B6898472100A060044804F0B7F925
:103C2800FFF7BCFF10BDC046F0100020AC1100200B
:103C3800044B054A00209B1ADB08994201D2C900AF
:103C480088587047C093001098930010F0B55E1C18
:103C580085B0B5000090280007231730984303303B
:103C680080080F000192FFF7AFFE02AB04000322A9
:103C7800581D002105F0BDF803AB1E70002C0BD0B9
:103C8800039B21002361002314312A1F0198C05887
:103C9800C85004339A42F9D1E023BA015B001A40B4
:103CA8006D02054B2A431A4020000023009904F0B6
:103CB80084FA05B0F0BDC046C0FF0F00F0B591B062
:103CC80004AF3B600B035B0D0D0078607A613B61CC
:103CD8000C0D002B00D173E0BB60002604237E622C
:103CE800BE62FE6202931833FB1801930A2318225E
:103CF800009302339B18DB193200B9687869FFF723
:103D0800E9FA8023F8601B01984224D37B696C464A
:103D18001A795B798AB01B0213437A699279120483
:103D28001A437B69DB791B06134304AA9361294B69
:103D38002949D36180239B001384284B5161136167
:103D480092213300264810328901FFF7B7FFA546B4
:103D5800BD460DB0F0BDFB6817345B055A0D3A61DE
:103D6800204A1B0B15401D43FB68E01807239843A6
:103D780003308008FFF728FE041E15D00300103317
:103D88007B62FB68FE62BB62042302931833FB1854
:103D980001930A231821009302335B18124AB96869
:103DA8007869DB19FFF796FA3B690E4A5B02154002
:103DB8001D432A0020003B68796804F0FEF9C7E734
:103DC800200007231730984303308008FFF7FCFDD5
:103DD8000400E9E7FF070000579E001004000001F7
:103DE800A0930010FF01F0FF91810010F0B587B09B
:103DF8000E9F0400150002910393002F15D00F9B0E
:103E080010210593009300203B000D9AFFF786F8D8
:103E1800802306001B01984208D30221174A18483C
:103E2800184B04F0EAF907B0F0BD3E000723220062
:103E38000C9C1D401A40D2001734AD011543A0193F
:103E48007202154398430C9A0330120580081543F3
:103E5800FFF7BAFD041E09D0002F07D00F9B3100D1
:103E680000930D9A3B001030FFF758F82A00200005
:103E7800039B029904F0A1F9D5E7C046969E00106D
:103E8800A0930010FF0700004068002804D0044BEE
:103E9800C01AC00800B2704701204042FBE7C04684
:103EA800989300100EB417B5054C05AB04CB010070
:103EB8002000019300F0BCFC1EBC08BC03B01847EE
:103EC8004982001010B5CB0604D4890603D50349EE
:103ED800FFF7E8FF10BD0249FAE7C046CF9E001081
:103EE800CE9E0010F0B591B0079317AB1B78040075
:103EF8000D0006920593002B00D1B4E002261B9B0F
:103F08001B9A1E4001231A400C921B9A07331A4031
:103F180008921B9AF8331A400992002704F027F9EF
:103F28000200B84204D020008D49FFF7BBFF07000C
:103F3800002E09D044231B9A1A4235D12A002000AA
:103F48008849FFF7AFFF3F180C9B002B0AD0059A52
:103F5800854B9200D258002A00D1844A2000844917
:103F6800FFF7A0FF099B002B5AD0089B002B77D1A5
:103F78001D00069B002B05D01A0020007D49FFF785
:103F880091FF0500189B7C48ED19002B00D0BEE07E
:103F98001A9B002B74D11B9BDB0700D5DAE02000AD
:103FA8001B99FFF78FFFBEE00020744B1E68864206
:103FB800C9D0734B28001968FCF706F9FA253100B7
:103FC800FCF73EF9AD0069430A9008003100FCF7A0
:103FD80037F90E91E1210D9009010A98FCF730F9A3
:103FE8000B910B983C21FCF7EFF8E1210F900901A8
:103FF8000A98FCF7E9F80A900E9831006843FCF734
:10400800E3F80D9B02903C210B980193FCF718F9FB
:10401800200000910F9B0A9A5A49FFF743FF92E745
:10402800089B099D002B08D0059A574B9200200049
:104038005649D258FFF736FF0500069B002B05D0DE
:104048001A0020004B49FFF72DFF2D18079B002B66
:1040580098D01A0020004E49FFF724FF2D1891E749
:1040680000230793E0E7079B4A48012B00D1424809
:10407800189B059D002B4AD11A9B002B53D0002575
:104088001A9F102F00D9102720001B99FFF71AFF3D
:104098000026B5424CDC199B20001A783E49FFF7F0
:1040A80001FF012607231E4203D120003B49FFF7E9
:1040B800F9FEB74242D9199B20009A5D3649FFF7AD
:1040C800F1FE0136102EEDD1002620003449FFF70D
:1040D800E9FE3300199AD25C1300203B5E2B00D90D
:1040E8002E2220002F49FFF7DDFE0136102E2AD0A0
:1040F80007231E4203D120002849FFF7D3FE3300CF
:10410800B742E7D820002549FFF7CCFEEDE7189B1A
:104118002200254903F037FD1A9B002BB0D1059BDF
:10412800002B00D037E7200004F07EF811B0F0BD76
:1041380020001A49FFF7B6FE0136AAE720001B49FE
:10414800FFF7B0FEBDE7199BDB1919931A9BDB1B20
:104158001A93E2E72000054A0549FFF7A3FE1EE788
:10416800D69E0010DA9E0010AC960010D19E00106A
:10417800FF9E0010029F001049820010B42000200A
:10418800B0200020E39E0010C0960010069F00108B
:104198000C9F00106F820010119F0010199F0010D3
:1041A8001B9F0010809B001039480010179F0010BB
:1041B80073B5114A04000B000568914200D9130039
:1041C800052168460D4A02F06BFB0600636828006B
:1041D8000B220B495B6804F018F86368320028006A
:1041E80069465B6804F011F8636828001B220549DA
:1041F8005B6804F00AF873BD0F27000020A00010C8
:10420800399F00101D9F0010012310B500211C00CC
:10421800074A904207D8074A002900D101231360B2
:10422800054B186010BD210040085B00F1E7C0464F
:1042380040420F00B0200020B42000200122014B92
:104248001A7070475D210020014B002019607047EB
:10425800CC20002010B50248FFF7AAFF10BDC046C9
:10426800F096001010B5054B0C001868FFF712FB0C
:104278000F22030021000248984710BDCC200020DF
:10428800F09600100122F8B5084D094B2C686F68AC
:10429800084E1A70002C01D12C60F8BD21003000A6
:1042A8003A0000F023F8241A3618F3E7C02000205B
:1042B8005E2100205F21002010B5002802D1084BA4
:1042C800187010BD074B1B78002B03D0064804F06C
:1042D80021FCF6E70021322001F04EFFF1E7C0464D
:1042E8005D2100205E21002088130000F7B50E0034
:1042F800042400901D4B1D780193002D16D104F065
:10430800FFFB320007000099280001F041FA050080
:10431800380004F0F9FB164F002D1CD001233B7028
:10432800019B1B78002B0DD13000FEBD3200002010
:10433800009901F02DFA0500EDE72000651EFFF752
:10434800BBFF2C00002001F0B1FA0028ECD03B782C
:10435800002BF2D1E8E73B78002BE5D0013C2000A8
:10436800FFF7AAFF3B78002BC4D1DDE75E210020D0
:104378005D210020F0B585B000AF0C1EB86036D0C6
:104388006E468AB06D4609686268A3682B62052389
:104398002048A9616861EA612B61A1212A001E48B1
:1043A8001032002389017A60F860FFF787FCB54670
:1043B800E168AD46226963692B6205231748A96144
:1043C8006861EA612B61A12100237A68F868890194
:1043D800FFF774FCB546E3690121114AF86803F058
:1043E8000CFFA36901210F4AF86803F006FFBB68B8
:1043F800012B07D1EFF305830B4A0748B968103B37
:1044080003F0FBFE2100B86801F07EFABD4605B056
:10441800F0BDC046759F0010B0930010A49F001017
:10442800D39F0010E29F001010A0001030BFFDE7DE
:10443800F7B50A4B0A4D0600EF18CC1B2A002000DE
:104448000849019304F0CCFC60190021019A04F09A
:10445800D0FC3800083C74660830FEBD0800000037
:1044680000000000D0930010054B5A699B689A42DF
:1044780005D08023034A5B0551680B43536070479E
:104488002821002000ED00E0F0B53E4B8BB05B68C2
:1044980000AF7B60DB05DB0D04003B6062B6BFF359
:1044A8006F8F394E130EFF2B08D1F33B1340082BA7
:1044B8003DD101213000354A03F098FE00252C003B
:1044C8003B68032B39D1324A0121300003F08EFEBC
:1044D800A369304A934202D32F4A934205D32F4A05
:1044E800934249D32E4A934246D2023B1A882D4B17
:1044F8009A4241D12368012130002B4A03F07DFE06
:10450800266808232022F818210004F069FC7B6A39
:10451800002D33D0DA0502D1244A13437B620823E5
:104528003000F918FFF726FFBD460BB0F0BD012596
:104538001207C5D50C000025C2E7F8227968520099
:104548001B4B114200D01B4B6A468AB07A606A4600
:1045580093613B681849103BD36180239B00138407
:10456800164B5161136191210023300010328901EB
:10457800FFF7A4FB7B689D460026C2E75B0A5B0247
:10458800CCE7C04600ED00E0B093001051A0001049
:104598007CA00010A801001034910010E810002041
:1045A800E810002002DF000093A00010FF010000C7
:1045B80023A0001038A00010AFA0001004000001D4
:1045C8000821024A53698B435361704700ED00E0AC
:1045D800EFF30880EFF3098101B57246FFF754FF46
:1045E80001BDC046094880F3088872B608480949E1
:1045F800401880F30988EFF314800221084380F300
:104608001488BFF36F8F03F07FFE0000783100201D
:10461800782400200008000010B50A4B9B688342EC
:104628000DD1EFF30583002B09D08022064B5205EC
:1046380059680A435A605A6A04490A405A6201F0A2
:10464800E7FD10BD2821002000ED00E0FF7FFFFFFF
:1046580015498A6815481044EFF3098CF0C04346A1
:104668004C4655465E466746F8C072B6104F114E26
:104678004A698A603E60104C141920680F4C20600B
:10468800906E00239366002800D162B6074C10197B
:104698001030F8C89846A146AA46B346BC46243806
:1046A800F0C88CF3098870472821002030000000EA
:1046B80004ED00E00000000864000000D0200020A5
:1046C80004207146014202D0EFF3098001D1EFF3D3
:1046D80008808169023909780229FFD001B572463C
:1046E80003F000FE01BDC04643B2000605D41F22F8
:1046F8001A4001239340014A1360704700E100E02B
:1047080030B5FF2503220B00290040B20240D20039
:1047180091409B012B40C943934000280ADBC024E9
:104728000A4A800880008018A40002590A401343EE
:10473800035130BD0F2210400838054A8008800018
:104748008018C26911401943C161F2E700E100E035
:1047580000ED00E0FF22044B9343044A9360BFF34B
:104768004F8FBFF36F8F70470001001000ED00E01E
:1047780010B5203A1360029B01245360039B06493D
:104788009360049BA143D36080235B04D36100231F
:1047980091610265836610BD1937001070B50B4B27
:1047A80015009860426E0A4B0E001A602C1C86F3A6
:1047B80009880020034B9847201C00210022002371
:1047C800014C2047278300101937001028210020AA
:1047D800D02000201022014B1A61704700ED00E044
:1047E800F0B5C02400220326FF25A40010002F00E6
:1047F8003040C0008740054993089B005B18195951
:104808000132B94319511A2AF0D1F0BD00E100E094
:1048180010B5EFF30583054A103BDB00D118496852
:1048280098588847FFF720FE10BDC0462C9200100C
:10483800F0B587B007000E0014000021102268466A
:104848001D0004F0D6FA6A4602239370054B2A002D
:104858002100684601930497059602F0CFFA07B045
:10486800F0BDC0464783001010B5024B1B6898473F
:10487800002010BDD4200020034B044A18600223F6
:1048880091780B4393707047D4200020F4100020D7
:1048980010B5044803F0D2F962B6BFF36F8F042352
:1048A800181C02DFC2A00010072310B50449054AEE
:1048B80099430548521A03F010F9002010BDC0466C
:1048C8007F31002000200420D820002049B243680E
:1048D800102916DC0A290BD00B2910D00C224A43C8
:1048E8001B689B18802292019B188022120103E00A
:1048F8009B68054A9B182D2200201A607047DB68C8
:10490800F7E716204042F9E70430000049B243684F
:10491800102916DC0A290BD00B2910D00C224A4387
:104928001B689B18C02292019B188022120103E089
:104938009B68054A9B182D2200201A607047DB6887
:10494800F7E716204042F9E704200000802310B55D
:10495800084A5B041360084A94691C4202D0162076
:10496800404210BD01609269100018401A42F8D008
:10497800F5E7C0461830064000000640030010B5B1
:1049880008000B2907D8FBF715FC090909091220AB
:10499800282C2C2C33330120404210BD1A680C23DC
:1049A8004B439B58134ADB051B0FD056F5E7124AB9
:1049B8000E201368116803220C0014401142ECD039
:1049C8000E4A0238022CEED1E7E70D4A042013689C
:1049D80012689207E1D00B4AE5E70B4B0B4A1B68BC
:1049E800E1E70C234B430A4A9B181B68094ADAE79C
:1049F8000C20D2E7E1A0001030800040DEA00010BB
:104A08003C800040D8A0001048800040D1A0001091
:104A180000800040CBA00010F8B506000C007568B7
:104A280021002800376903F095FC002800D16DE0CB
:104A38000E2C00D96AE02000FBF7BCFB0808080828
:104A480008082A08080830306A6266002100280031
:104A58002F68FFF793FF01003000FFF7DDFF0C23FD
:104A68006343FB185E68051C5868C0B2FCF77CF805
:104A78002849FBF783FE041C300AFCF775F8011C73
:104A8800201CFBF707FD011C281CFBF777FEF8BD6F
:104A980006212800FFF772FF0400C0E70A2C2DD179
:104AA800AF6821002800FFF769FF01003000FFF719
:104AB800B3FF061CB868FCF757F8311CFBF740FF3A
:104AC800061C3F203D68FC682840FCF74DF8011C97
:104AD800301CFBF753FE0725061C200C2840FCF76A
:104AE80043F8011C301CFBF749FEFF68041C380B17
:104AF8002840FCF739F8011C201CC6E7EF68D0E70E
:104B08003868FCF731F8C2E77868FAE70020BEE7B2
:104B18000148BCE700007F43001B374BF0B54468F1
:104B28008FB0A36822220393E3685F4905A8049322
:104B38002568276904F054F95C4B5D4A1A605D4B9F
:104B48005D4A13601E005D4A12689643FAD10C2133
:104B5800300000F009FDAE6700F0F2FC0321584B6D
:104B6800DA6B8A43DA635A6C012AFCD103211A6B87
:104B78008A431A639A6B012AFCD1E269514B039864
:104B88005A43636A0093236AA16900F073FCE26ADE
:104B98004C4B04985A43636B0093A16A236B00F053
:104BA80069FC112105A803F01FFC730005AA99569A
:104BB800C8B2092867D90136112EF6D1C0239B0146
:104BC800EA1880231B0113603F4A3800AA181360B3
:104BD8003E4A1430AA1813603D4AAD182B602300D2
:104BE800AA25D83319682D012943FFF7AFFE0028FD
:104BF80055DB2300DC331B68364938001943FFF7BF
:104C0800A5FE00284BDB2300E0331B68002B48D0AF
:104C180029001F2B00D8591938001030FFF796FECD
:104C280000283CDB2600E43631682B4D89B2294345
:104C3800381DFFF78BFE002831DB3800316808305B
:104C4800090C2943FFF782FE002828DB234B1A4A68
:104C580013601A4B1B68DB43DB01DD09002BF8D11D
:104C68002900606902AA03F0AFFC002807DB029B59
:104C78002A001979186803F0BAFC002801DA831CA5
:104C88000DD100200BE0090161180B6C00934B6CEF
:104C9800CA6B896B03F0B3FE00288CD116380FB0AD
:104CA800F0BD0F49B8E7C046D093001000E00040BF
:104CB800BFCDFBFEFE7F3C0000F0004008C0004076
:104CC80000800040001BB7000C30000018300000C6
:104CD8002430000000B0FA0000009696FFFFFF01A4
:104CE800A10A000010B5044C2000FEF70BFD2000BF
:104CF800FFF7C2FD002010BD054D001073B56B46CF
:104D080004000325DE1D307001223100002000F070
:104D1800B3FD0C4B002803D001221A70200076BD89
:104D28001A78002AFAD0013D002D08D003F046FF7A
:104D38000028E9D10021142001F01EFAE4E71D70D3
:104D4800ECE7C0466F210020D0231B061B685A429F
:104D580053412F225B429343064A9B181A0010685E
:104D6800002804D10432D11A0C29F8D9704701203F
:104D7800FCE7C04650410140F7B5036907000193BD
:104D8800D0231B061C68002563425C412F23644224
:104D98009C43174BE4180722EB0808339B001B5968
:104DA8002A409200D3400F22134203D101351E2D11
:104DB800F1D1F7BD0F21280000F07EFC019B596856
:104DC8000029F3D00123AB400E6800930029EDD0F1
:104DD8008B68009A00981A40034202D038004B684A
:104DE8009847331E00D0336831001E00EEE7C046F6
:104DF80030410140F8B50D00141E066910D11100AC
:104E0800280000F0D1FB284BAD00EB181A6880236E
:104E18005340C0221340254AAD182B600020F8BD2E
:104E280001275209210928003A40394000F0BCFB0B
:104E38000521280000F0A0FB802321005B02194017
:104E48001C421AD0D023AF401B069F62A303E5D5AE
:104E580001200300F268AB40A10719D51A43F2609C
:104E6800D0223169120665070BD519433161A40CAC
:104E7800936104420AD05362D0E7280000F04AFC4C
:104E8800E4E799433161E40C5361F2E79362C5E7C3
:104E98009A43F260D0221206210301D55361EAE752
:104EA8006403E8D59361E6E704C0014004D00140FB
:104EB800436803491A68936B0B4093637047C04675
:104EC8007FF8FFFFF0B5436887B004930369029148
:104ED800059203931B7A0500002B00D09FE0002A5F
:104EE8000BD00121049B1A68136B8B43136343682F
:104EF8000F311A68D36A8B43D362EE226B681B6842
:104F0800DC6A9443029A1279012A06D0022A16D042
:104F1800002A04D0862040426AE002221443029A02
:104F28005279012A03D0032AF4D105321443029A94
:104F380090790328EED8FBF73DF90604181A0622E3
:104F4800ECE720221443029AD279002A11D0012AD0
:104F5800E0D18022196BD2010A431A636B681A6880
:104F68008023116B1B020B430CE04022EAE760220E
:104F7800E8E71A6B2B490A401A636B682A491A68D2
:104F8800136B0B401363039B40267642F717D868D0
:104F9800029B810E1A68800100231201FBF720FA98
:104FA80000900191009A019BB6185F41002F34D1FF
:104FB8001E498E4231D8019B69689806009B096892
:104FC8009B0903434B623F216B68009A1B680A40A8
:104FD8009A62BFF35F8F6B6802991B680398DA6A5D
:104FE800DA626B6808221B68DC6203F0F9FE38009D
:104FF800059B002B0FD0049B1B7F002B05D16B68F2
:105008001A681023D16A0B43D3626B681A680123AC
:10501800116B0B43136307B0F0BD16207BE78620A6
:105028004042F8E7FFBFFFFFFF7FFFFF80FF3F0021
:10503800F7B5456804000669A868002861D12869A1
:10504800002867D1377A002F32D13900686801AA61
:1050580003F0BAFA00285CDB019B3A00197918685A
:1050680003F0C5FA002854D16B6A002B00D098478A
:10507800012163681A68136B8B43136363680F31EC
:105088001A68D36A8B43D3622B6A002B53D1002250
:1050980031002000FFF716FF63681A681023536376
:1050A8002A7F002A04D162681268D16A0B43D3624E
:1050B800002263681B689A636368264A1B685A64FF
:1050C800337A002B13D1626812689364BFF36F8F31
:1050D800022163681A68136B8B43136363681A6849
:1050E800C023116B9B000B431363BFF36F8FAB6936
:1050F800200098470123327A3374002A21D00020F7
:1051080007E0E9688368DB68002B20D0984700280F
:1051180095D0FEBD836869691B68002B00D098474D
:1051280032002869696983680C32DB68002B00D17A
:1051380088E7984786E72000F16898470028A6D0B6
:10514800E7E762681268116B0B431363D7E75820CF
:105158004042DEE7FF07000070B580251049114B7B
:105168008C681B680E6810488A686D02002C08D18C
:10517800002A11D11A002E4209D100681818801A85
:1051880070BD002A0AD02E4201D1A242F5D9046886
:10519800E41804600968F0E71C00F4E71A00F2E775
:1051A80010E000E0FC200020F82000200020094A40
:1051B800136A1B021B0A1362074B084A1A60084B42
:1051C800084A1860084B5A600722986019680A4311
:1051D8001A60704700ED00E0FC200020D430000089
:1051E800F8200020D330000010E000E0F8B50024DB
:1051F800FFF7B2FF0F4E230031680F4D0A002868F1
:10520800696880185941286069600C4D34600C4900
:105218002E686F68801BFAF7D7FF094923004143BE
:105228000A0092197B412A606B6001F0FDF9FFF7D3
:105238001BF9F8BDF8200020001F0020F81E0020F0
:10524800D4300000F0B53B4B3B4D87B000295FD010
:10525800421C08D101212A688A432A60FF221206CB
:105268001A6007B0F0BD1B6803930023029301285E
:1052780053DCEFF31083059372B6FFF76DFF00223E
:105288001100AB6804932D4B1E685F6836184F41B8
:105298003000390018605960294B009601971A6050
:1052A800284B1C68009B1B1B93423DDB264F029832
:1052B800264A78438018C0183900FAF785FF009B02
:1052C8007843E41A80232018DB00984200D21800A3
:1052D8001F4B984200D91800164B1849186001381E
:1052E800AB6868600020A860049AD41A9A421ED25B
:1052F800039D621903000C684D6812196B410A601E
:105308004B60059B002BACD162B6BFF36F8FA8E74B
:105318001B680393431CA8D10E480F4B984200DD2D
:105328001800431E0293A4E78020C000D4E722009F
:10533800E0E7C046FC20002010E000E0001F00204D
:10534800F8200020F81E0020D4300000D3300000E0
:1053580084C6FF003D0500003E05000070B5EFF370
:10536800108572B6084A094B14681B68E41AFFF7DF
:10537800F3FE0019002D02D162B6BFF36F8F044906
:10538800FAF722FF70BDC046001F0020F81E00205B
:10539800D430000070B5EFF3108572B6054B1C6869
:1053A800FFF7DAFE2018002D02D162B6BFF36F8F27
:1053B80070BDC046001F0020F7B50C24444301937C
:1053C8002A4B0092E4186368089A05000E0093427D
:1053D80000D26260C0232F1F9B01FFB2E318012F88
:1053E8001BD8012E19D103221A60A3683342FCD0BE
:1053F800009B22685B015340E02213408022520147
:10540800A21813600321236873400B401360012323
:10541800B340A2681342FCD01BE0802212011A603C
:10542800134BAA00D158002907D05869FAF7CCFEC7
:10543800431C032058430338FDD2009B22685B01BC
:105448005340E022134080225201A2181360012F1A
:10545800D8D9802380229B01E31812011A60089B87
:10546800019A6360024BAD00EA50F7BD008000402E
:1054780000210020F8B51700040029480D001E007F
:10548800FAF7A2FE274B0100FA18274B9A4201D9D6
:1054980002F052FF3800FAF797FE02009823103AFC
:1054A8005B009A42F4D8731E062BF1D8069B013B89
:1054B800062BEDD8069B32041E0323681643002BE7
:1054C8000FDA3F2223681340AB420AD1A3681B05B9
:1054D8001B0D834205D1EE22E368D2021340B3428A
:1054E8001CD0124B1249E21853425A4101230C3284
:1054F8009340104A1360104A13601F000A689743CC
:105508003A1EFAD10D4B2132E3182560A0601A60CB
:105518002268002AFCDA0822E6601A60F8BDC04654
:10552800001BB70080E84BD380F8A9320040FDBFCC
:1055380008C0004000E0004000F0004004300000D7
:10554800AA22064B12011A602F220549DA60054A81
:1055580011605A68002AFCDA7047C04600400240D1
:1055680000B0FA00006002408023024A9B000B430F
:10557800D36270470080054010B5084B8200D318ED
:105588001C6840236340C0242340054CC000121906
:105598001360044BC018416010BDC04604C00140F0
:1055A80004D0014000400140064B8000C3181B682E
:1055B800C90092000A435A400C231A40024BC018F3
:1055C8000260704704C0014004D00140064BC0008F
:1055D800C3181B6809075940C0239B051940034B92
:1055E800C01801607047C0460440014004500140A3
:1055F800064BC000C3181B6809045940C0239B020E
:105608001940034BC01801607047C0460440014070
:1056180004500140064BC000C3181B6809025940DA
:10562800C0239B001940034BC01801607047C04657
:105638000440014004500140064BC000C3181B68D9
:1056480009035940C0239B011940034BC01801604E
:105658007047C046044001400450014002238000C6
:10566800002903D0024A801803607047014AFAE70C
:1056780004E0014004F00140054B8000C3181B689A
:10568800594001231940034BC01801607047C046B8
:1056980004C0014004D00140054B8000C3181B68BA
:1056A8000901594030231940024BC0180160704766
:1056B80004C0014004D001400722C3081040800004
:1056C8008140024A3C339B0099507047004001409A
:1056D800F8B5D0231B061C68050063425C412F23E4
:1056E80064429C430A4B0F00E4181600FFF7E4FFDE
:1056F80007232B40ED089B00AD009F4064198023D1
:10570800002E00D1C0239B01E4182760F8BDC046D5
:105718003041014040238000002903D0024A80180C
:1057280003607047014AFAE704E0014004F00140D1
:1057380070B5124CA8220021200003F05AFB032365
:105748000F4A236163610F4BA261E36180235B0110
:1057580023620023A3626362E36222660A4A0B485B
:1057680062664022A2662367E36663670F331D0003
:10577800C15CEA1AA154013BFAD270BD4010002066
:1057880048A10010400000200000002051A1001096
:10579800F0B50F0014001821020085B00390013005
:1057A8004A4341431C4EB2187618556A7068936A8A
:1057B8004019AB4229D8126A0192521B0292013A4F
:1057C800944205D82200390003F00AFB2D1912E093
:1057D8009A180021944215D83900029A03F000FB68
:1057E800019B2C19E51A9C4205D0029B2A0070687F
:1057F800F91803F0F5FA18220399074B4A430121D7
:105808009B185D62080005B0F0BD013B00215B1BE1
:10581800A342F7D3D6E7C0464010002070B5140065
:105828001822451C55434243124B0E00ED189B1895
:10583800DB6A012B0BD0022B15D0002B04D12800DA
:1058480003F00BF9844208D90024200070BD280019
:1058580003F003F9844200D9040022003100280033
:1058680003F004F9F1E72200280003F017F9040017
:10587800EBE7C04640100020F8B50B4B04001B783E
:105888000E001700532B01D0FFF752FF03F038F931
:105898003A00050031002000FFF7C0FF040028008F
:1058A80003F032F92000F8BD4010002018224243CE
:1058B800024B9A18936A506AC01A70474010002029
:1058C8000F231A0070B506490648D41A0C5DC55C4A
:1058D800A54202D1013BF8D270BDFFF729FFFBE7D3
:1058E8004010002051A1001010B50400FEF7E0F8A8
:1058F80003480121034A02F079FC200003F026F94D
:10590800B093001062A10010F0B585B005000C003E
:1059180000AFEFF310837B6072B62D4A9368FB608B
:105928002C4B042802D82C4B8100CB586E468AB0E9
:10593800117C6A46D361294B29489384294B5061CD
:10594800956111621361B121274B1032BB60B868B1
:1059580000238901FEF7B2F9B546002C07D0E369A8
:10596800DB0504D00121214AB86802F03FFCFB683E
:10597800002B07D0180003F02AF9002802D003787A
:10598800002B00D11A486E468AB06A46194BD0617E
:105998005361FB689361114B1384174B1361912179
:1059A8000023114810328901FEF788F92100B54615
:1059B8002800FFF799FF7B68002B02D162B6BFF37E
:1059C8006F8FF868FEF728FEBD4605B0F0BDC046EB
:1059D8002821002071A100103C980010010300004C
:1059E80087A1001005000001B0930010AFA10010BE
:1059F8007FA10010D0A1001004000001F8B5012714
:105A08000A4E83009D59013084003359AB4200D8B7
:105A1800F8BD6868002806D0037F3B4201D103F037
:105A280099F80835F1E72B689847FAE7509800107D
:105A3800012270B5234B032086B01A70FFF7DEFFF2
:105A480003F0CDF90420FFF7D9FF1F4C26001F4DA6
:105A5800AC420ED300F0CAFAAE4220D300F0D6FA18
:105A6800FDF730F901211A4A137B8B43137306B0F3
:105A780070BD636A0593236A0493E3690393A3697A
:105A880002936369019323690093E368A2686168DC
:105A9800206800F013F923685C653034D7E7B26AF0
:105AA800F36A511C01D1591C05D011003068194303
:105AB80003D100F087FB3036CEE70649183000F0F6
:105AC80023FDF8E770210020FC920010FC920010E2
:105AD800781F0020BF8C001010B5034A034800212E
:105AE800121A03F04FF810BD74210020F81100209D
:105AF80070B5702601250400464301021148802232
:105B08000918002086B004950E35039505356543C0
:105B18000D4B0590029001900C48F6182D180C4B6F
:105B280030000095520000F0C9F80422737B2C74F1
:105B3800934373730134074BE402E418EE606C601E
:105B480006B070BD782C0020081F002028210020F6
:105B58009D8B001078240020F0B5002087B0FFF757
:105B68004DFF214B83F308882049214B0A6A002501
:105B78001A40C0231B0413430B62FEF721FDFEF7F6
:105B880029FEFDF7F9FE1B4800F0FEF802F0D0FFF1
:105B98000120FFF733FF0220FFF730FF00F066FA1D
:105BA800154C164B80225C61154B164E059301234C
:105BB80015490493D20033002000039502950195FE
:105BC800009500F07BF804220700637B20009343D4
:105BD800637303F03AF82800FFF78AFF32003900B0
:105BE8002000FEF7DBFDC046782C002000ED00E029
:105BF800FFFF00FFE81F0020781F00202821002059
:105C080032A20010395A0010782D002070B5EFF339
:105C1800108572B60468A0421AD0002C18D06268A9
:105C28002368002613605A6002222000637B2660E6
:105C3800934363736660A660183003F057F820003A
:105C4800E66603F002F82900084800F0A3F970BDE1
:105C58008268C3689B1A591E8B419B188360002D6C
:105C6800F5D162B6BFF36F8FF1E7C046712100200E
:105C780013B50400EFF3108172B68068002808D0CD
:105C88000138A060002902D162B6BFF36F8F0020EF
:105C980016BD1000184307D1002902D162B6BFF320
:105CA8006F8F10204042F3E70092019322000248D0
:105CB80000F054F9ECE7C04671210020F0B587B038
:105CC8000593030058338365C365109B0727037347
:105CD800042300250732BA434373D2190F9BBA43F2
:105CE80083738B180E0085601900C5738561C561C3
:105CF80004000493FEF79CFB049BC019B8431F1AC9
:105D08000E9B3A0002930D9B310001930C9B2000DF
:105D18000093059BFEF72CFD044B65659B68AB4221
:105D280000D01B6E3800236607B0F0BD2821002084
:105D380070B50400002086B005900E98119D04905F
:105D48000D98109E03900C9802900B9801900A9859
:105D580000902000FFF7B2FF2B00721C01D1013325
:105D680005D02B00334305D1200000F02BFA20008A
:105D780006B070BD200032002B000249183000F038
:105D8800C3FBF4E7BF8C00100223FF338381002399
:105D98000366014B98607047282100200B21084AB0
:105DA80049429368D9669866802306495B05486826
:105DB80003434B6062B6BFF36F8F9368D86E70472A
:105DC8002821002000ED00E00D2370B5C356427B6A
:105DD800002B38DBD30636D180235B4213431B4CA0
:105DE8004373A3691A49E2698B4207D10160426093
:105DF8001060E06111E09A42F8D01B68002BF5D0E2
:105E08000E250E2645579E57B542F4D0AE42F2DD18
:105E18005A680360426010605860A5698D4201D0DD
:105E2800002D00D1E568A3685A7BD20605D1DA892E
:105E38007F2A02D9AA69002A06D0AB4202D02800DC
:105E480000F0AAFA656170BD6361FCE728210020B3
:105E5800402100200D2270B582560500437B002AA0
:105E680004DA7F221340437302F0B3FE0D4E0E4A4C
:105E7800B469B368944201D0002C00D1F468AB42F5
:105E880008D05A7BD20605D1DA897F2A02D9A269BD
:105E9800002A05D0A34202D0200000F07DFA23009A
:105EA800736170BD282100204021002010B5511CCD
:105EB80001D1591C03D00249183000F025FB10BD50
:105EC800BF8C00100D2270B582560400437B002A57
:105ED80004DA7F221340437302F07BFE8023627B47
:105EE8005B4213431B4D6373AB691B49EA698B42E1
:105EF80007D1216062601460EC6111E09A42F8D029
:105F08001B68002BF5D00E200E2620569E57B04257
:105F1800F4D08642F2DD5A682360626014605C60E7
:105F2800AE69AB688E4201D0002E00D1EE68A34264
:105F380008D05A7BD20605D1DA897F2A02D9B269FC
:105F4800002A05D0B34202D0300000F025FA330011
:105F58006B6170BD282100204021002070B50C0025
:105F680011000A4A0A4B90681860EFF3108372B662
:105F78009568280002F040FE049A059B2800FFF768
:105F880095FF2000FFF70AFF70BDC04628210020BA
:105F98004821002010B500290AD1EFF30580002818
:105FA80007D1064B9A685B699A4202D0FFF7F6FE62
:105FB80010BD62B6BFF36F8FFAE7C04628210020F4
:105FC80010B500280AD1EFF30580002807D1064B49
:105FD8005A699B689A4202D0FFF7E0FE10BD62B68C
:105FE800BFF36F8FFAE7C04628210020EFF3108136
:105FF80072B6054B9A68D37B013BD373002902D153
:1060080062B6BFF36F8F70472821002070B5EFF399
:10601800108672B6134DAB68DA7B0132DA73AC695D
:10602800114A944201D0002C00D1EC685A7BD20668
:1060380005D1DA897F2A02D9A269002A05D0A342AC
:1060480002D0200000F0A8F923006B61002E02D1D5
:1060580062B6BFF36F8FEFF3108072B6FFF7B0FF31
:1060680070BDC0462821002040210020024B034A71
:106078009A61DA617047C04628210020402100203B
:1060880070B5EFF3108572B61C4CA168E3690A6815
:10609800CB1A581E834149685B420A60516013401D
:1060A800E169A268002B05D1154B516013600A60A5
:1060B800E2610CE00E200E2610569E57B04218D012
:1060C800864216DD5968136051600A605A60A669F5
:1060D8000B4B9E4201D0002E00D1E668A3689E4279
:1060E80002D0300000F058F928006661FFF756FE2C
:1060F80070BD8B42D8D01B68D4E7C0462821002049
:1061080040210020F8B5030007000C000B4303D121
:10611800FFF7B6FF0020F8BDEFF3108672B6134DF7
:10612800134BA8681860FFF795FEA86823003A008B
:106138001049183000F0E8F90423AA680400517BDC
:1061480030000B435373FFF729FEAB689A6A002AA5
:10615800E0D18022DB6A12069342DBD102F0ECFD2B
:10616800201AC343DB171840D5E7C0462821002072
:1061780048210020BF8C001070B504000D00FFF707
:10618800C1FF03002000621C01D1013513D01800A3
:10619800D9170922002380185941002901D109285B
:1061A8000AD904290AD802D103000B3306D80A22D7
:1061B8000023FAF715F970BD0800FCE70048FAE774
:1061C800FFFFFF7F70B50400EFF3108572B6042659
:1061D800437B33420DD0183002F088FD637B2000EA
:1061E800B3436373FFF7F0FD29000548FFF7D2FEBC
:1061F80070BD002DFCD162B6BFF36F8FF8E7C046C3
:1062080071210020014B98687047C0462821002062
:10621800F0B5037B85B004000393EFF3108301937B
:1062280072B6019B02930823427B1A4207D0019B56
:10623800002B02D162B6BFF36F8F05B0F0BD190015
:10624800114348B2002854DB6173A368002B02D0C5
:10625800200002F0C6FC20002600183002F046FD9F
:106268005836A56DAE4201D0002D4AD12F4F0025DA
:10627800BB689C4204D1EFF305856A1E9541EDB2D7
:10628800BE692B4A964201D0002E00D1FE68B34267
:1062980002D0300000F080F87E61002D02D0254841
:1062A800FFF772FDBB689C4238D1EFF30583002BE2
:1062B80034D1237BDB070FD5019B002B02D162B6BB
:1062C800BFF36F8F62B6BFF36F8F0423181C02DF12
:1062D800EFF3108372B602930298FFF75FFD039BFA
:1062E800DB07AAD562B6BFF36F8F0423181C02DF41
:1062F800A3E77F210A4013432000637302F069FC7F
:10630800A3E7280002F06DFC2800183002F0EEFC2C
:1063180000232800EB66FFF757FDA2E7019B002B3F
:10632800DDD162B6BFF36F8FD9E7C04628210020C0
:1063380040210020E81F00200121044B044AC01A14
:10634800044BC0104343D1547047C0465820002026
:1063580071210020ABAAAAAAC289030000207F2AC3
:1063680011D80A4A106800280DD00E21084A59563B
:1063780012680020914206DB5A7BD20603D10548F9
:10638800181A431E984101231840704794110020A1
:106398004C210020081F002070B518240C4B050064
:1063A8001E7C0C4B7443E418200002F09FFC002272
:1063B800094B28009A55FFF7CFFF002807D0074B55
:1063C80020001A680649013AD31700F09DF870BDFD
:1063D800282100205820002071210020941100203D
:1063E8004163001070B5EFF3108572B6104A114B77
:1063F80094681868A04207D1FFF7CEFF002D02D19C
:1064080062B6BFF36F8F70BD00211960127C0A4B12
:106418009B5C8B42F2D02000FFF79EFF0028EDD056
:10642800637BDB0602D12000FFF74CFD2000E3E789
:106438002821002048210020712100200648074A11
:1064480010B5121A064902F0A1FB064A0648074988
:10645800121A02F09BFB10BDE8100020F811002072
:1064680054A20010E8100020E810002054A20010E8
:10647800024B1868984200D10020704798110020FC
:1064880070B50600FFF7F4FF002810D002694369D1
:106498003400F517121BAB41002B08DC03D1802117
:1064A80009068A4203D2D843C017104070BD01487C
:1064B800FCE7C046FFFFFF7F002010B5034B1B68B9
:1064C800834201D1FEF74AFF10BDC046502100208B
:1064D80030B500280ED00B4B5B6898420AD0016893
:1064E800002907D00A694B690469456912196B418B
:1064F8000A614B610368426813605A6000230360B5
:10650800436030BD98110020F0B5040015001E004E
:1065180085B0531C02D1731C00D17CE0A160EFF35D
:106528001083039372B6002E26DBFFF7C5FF002108
:106538000090012040197141009AD31712184B415D
:106548003649226163610868496812184B411E0088
:10655800150001230293FFF78BFF0700304B9C4681
:106568005B680193002F1DD163462360019B636024
:106578001C6063465C6027E0284B18685968022253
:106588005242D317121A8B41521BB3411100002BF0
:1065980004DC01D1002A01D10121002363612161BA
:1065A8000023D7E73869796922696369994202DC6F
:1065B80028D1904226D9801A99417B68386179613F
:1065C800636027601C607C60FFF752FF84420FD134
:1065D800144B1B68002B0BD1029B002B02D1FFF739
:1065E8006BFF00900098FFF74BFF0021FEF72AFE93
:1065F800039B002B02D162B6BFF36F8F28003100D6
:1066080005B0F0BD121A8B4122616361019B9F4264
:10661800AAD03F68A6E700250026EFE770200020F3
:106628009811002050210020F0B587B0EFF31083B7
:1066380072B601932F4B1860FFF71AFF2E4F040014
:106648003A687B68029203932A4B9C461D6800288F
:106658000FD042690669EB179A4202DC24D1AE4298
:1066680022D91900226963692800121A8B41226114
:106678006361029803992A00EB1712184B41002412
:106688003A607B60634620001C60FFF7F9FE21003A
:10669800FEF7D8FD019BA34202D162B6BFF36F8F0C
:1066A800FFF7A0FE07B0F0BDF31704960593049A10
:1066B800059B0298039980185941002300220E4D2A
:1066C80022616361286069602000FFF701FF019B78
:1066D800002B02D162B6BFF36F8F2000A3689847E2
:1066E800EFF3108372B6034A019313689B1B136080
:1066F800A2E7C046502100207020002010B5EFF31B
:10670800108472B6FFF7D8FE02000649C31708685E
:10671800496880185941002C02D162B6BFF36F8FC7
:1067280010BDC04670200020F7B50400EFF31085B7
:1067380072B603680195002B05D0002D5FD162B6B3
:10674800BFF36F8F5BE0826AC36A00210120801863
:106758005941002901D1012836D9002B04DC01D187
:10676800002A01D10122002301267642F717B61824
:106778005F4102F0E5FA012200238018594180198F
:106788007941002902DC3BD1002839D002F0D8FA3F
:10679800002301228018594180197941244B9942DC
:1067A80001D1033030D802F0CBFA0122002380183F
:1067B800594102225242D31780197941121A8B414A
:1067C80020001C49FFF7A0FE236B01332363236AD3
:1067D800002B0BD0002D02D162B6BFF36F8F2000C3
:1067E800236A9847EFF3108372B60193A5691834AA
:1067F800A54201D0002D0BD1019B002B9FD0F7BDE6
:1068080002225242D317DBE7802300221B06D7E778
:10681800280002F026FA0023EB66019B002B02D128
:1068280062B6BFF36F8F280002F00FFAE7E7C046A1
:10683800FFFFFF7F31670010F8B5060014001D0048
:10684800EFF3108772B6511C07D1591C05D1002FE0
:1068580002D162B6BFF36F8FF8BD002B0DDB1400B9
:106868001D1E05DC002B01D1002A01D101240025C1
:1068780001225242D317A4185D41300002F036FAC3
:10688800069A079BB262F36200232200336330004A
:106898002B000249FFF738FED9E7C04631670010E0
:1068A8000CB470B58AB002AC05000E00202200219D
:1068B800200002F09EFA0223A3700D4B256163604D
:1068C800002E13DB01D0731EED180FAA20000E99BD
:1068D8006561019200F092FA002E02D0002223692D
:1068E8001A700AB070BC08BC02B018470025ECE763
:1068F800199100100022F0B58BB003900791039B0B
:10690800511C9B5C202B00D1F7E1180009380428A2
:1069180000D8F2E10D002B2B04D004242D2B05D137
:10692800442400E00424039B951C5B5C20221A434A
:10693800692A3ED06E2A00D16FE00A220492002212
:1069480000200021009205920692802280261201E2
:1069580036012240344200D174E020271F433E0014
:10696800613E052E00D96DE0573F049EFFB2B74245
:1069780000D3FDE080262643B6B2E30500D474E0D8
:106988008023802234009B0052003340144016427A
:1069980000D185E07A1E9741069A3A4306925A42F8
:1069A8005341009AD3180093039B34005B5D013573
:1069B800CBE70026B54BB64F2021187801330028C5
:1069C80009D06A1C9446039A525D0A43824228D031
:1069D800B04A934232D13000390000F0ABFE0028B3
:1069E8000AD0039B5B5D282B06D120210135039B30
:1069F8005B5D0135292B16D1640603D58021090674
:106A08007B181F00079B002B03D0039B5D19079B76
:106A18001D60300039000BB0F0BD00269E4B9F4F23
:106A2800CAE76546C9E71A008A43413A192ADED9F6
:106A38001A00303A092ADAD95F2BD8D00026002765
:106A48000025DFE71F00049E303FFFB2B74240D267
:106A580080268022230026435200B6B213401442F7
:106A680000D08DE7049A0A2A08D0059B0F2B00DC7A
:106A780086E7C02676002643B6B281E7059A102A33
:106A880000DC7DE7C02676002643B6B2042F00D886
:106A980076E702220692052F00D071E71F006FE704
:106AA8005A1E9341009AD31A009302000B000498CF
:106AB8002100FBF74CFA08970994089B099CC01819
:106AC800614103000B435A1E9341059AD31805935D
:106AD8006AE7FE2F4CD18026B600344245D0230603
:106AE800ACD5002A00D08DE00300013D0B4300D156
:106AF80000E1802322001B011A401C4200D1D9E08A
:106B08008023009EDB033636994200D281E0802341
:106B18001B04994200D380E0614B9E427DDB069BBB
:106B280001910343D9430093890703D006211940F3
:106B380006297DD1009A019B0021042012184B419F
:106B4800802100920193019B0904994270D8802307
:106B58000136DB009E4200DBC9E0802300225B0394
:106B68005049761850490B4072E02643B6B21BE7ED
:106B78002026334360362640782B0BD1002E09D0CF
:106B880006000E4306D180231B011C431023A6B226
:106B9800049309E78026344200D14FE71B3E002AC0
:106BA80003D07026009A920000929E429CD1039BCB
:106BB8006A1C5B5D2B2B05D02D2B25D18023DB0098
:106BC8001C43A4B2039B9B5C1A00303A092A8BD859
:106BD800AA1C0A261500B4460022344FBA4203DC28
:106BE80066465643303B9A19039B5B5D01351E0090
:106BF800303E092EF2D9630500D55242009B9B18FE
:106C0800009371E72E23CCE71E00303E092EE0D911
:106C18006AE700184941013E76E70122CF07430899
:106C28003B4302404F081A431000390001366EE713
:106C38008021C9008E425ADA019B9907009B9A0865
:106C48000A438021019B49039B088B4288D2002676
:106C580031051943100016000F0000F077FD0138C8
:106C6800022804D802F05CFA2222114B1A50300094
:106C7800390000F06BFD0138022800D9BCE602F0AB
:106C88004FFA22220A4B1A50B6E6C0463DA200101F
:106C98000000F07F40A200103AA200100000F87F28
:106CA80002FCFFFFFF030000FFFFEFFFD30400001B
:106CB8000C000000009E059BB446114E6344B3428D
:106CC80012DB9B267600B34211DA01231700069ED9
:106CD8000340334301339E0880197941624600F02E
:106CE800F5FA06000F00C2E700260027BFE70026D6
:106CF800044FBCE7002600277EE60A00FFE5C046F1
:106D0800BDFEFFFF0000F07FF0B585B00F000190D9
:106D18000092242A02D80300012A0BD102F000FABB
:106D28001622344B1A50002F01D0019B3B600020E3
:106D380005B0F0BD1800017801332029FAD00D0004
:106D4800093D0C00042DF5D91D0000262B2902D081
:106D58002D2902D101361C78851C302C32D12023F4
:106D680029780B43782B08D11100683B994304D14B
:106D78006C7801950235009302E00823002AFAD0C6
:106D88001D4B0099F31818000293F9F759FA2022BD
:106D98000300944600200395392C03D96246013C30
:106DA8001443263C009A303CA24213D9984202D898
:106DB8000CD1A1420AD202221643039A2C780192DE
:106DC8000135E8E7002ADBD10A23D4E7009A5043CB
:106DD8000019F2E7002F01D0019B3B60F30700D5B3
:106DE8004042B607A4D502F09BF92222014B1A5063
:106DF80002989DE70C000000FFFFFF7FF0B5436895
:106E080093B003900893837815009B0700D4F8E0AB
:106E1800002301930E78002E6AD0252E0DD04B1C2E
:106E28000993019B013301930399089BF0B298479A
:106E3800002800DADFE00999ECE74E788B1C09930B
:106E4800252EEED0002304211C00099A02930793F3
:106E580009921F2C2ED83000203810280AD8F9F7AC
:106E6800A9F91D0909270909091E0909091B092585
:106E7800090918003300303B092B29D92A2E32D1B1
:106E880008CD600622D4002B29DB20200793044379
:106E980005E001231C4302E002231C430C43099B29
:106EA80001321E78002ED3D109922DE00823F1E794
:106EB8001023EFE77F2C1ED83300303B092BDDD899
:106EC800600605D50A20029E7043C3180293E6E7C0
:106ED8000A20079E7043C31807932023DAE75B4212
:106EE80007932823D6E72E2E05D140231C42D1D064
:106EF800019813B0F0BD6C2E2DD027D8682E31D054
:106F08006A2E32D04C2E30D0029B002B03DA40235D
:106F18009C4300230293202333431A00653A022A34
:106F280001D9612B24D10722EB1D934308331D009F
:106F3800AB4F0292240753D5019A029B16009C1866
:106F4800B4424FD1079B029A9E1A82E1742EA6D0B2
:106F58007A2EA4D0D8E780231C429BD080208000C2
:106F6800044397E780235B00F6E7A0239B0091E7A3
:106F780030006338122800D9E3E0F9F71BF90A4614
:106F8800E2E2E2E246E2E2E2E2E2F3DDE2E211E23A
:106F9800AD0004CD0CAB1A7001230CAF0293C9E706
:106FA80080CD002F00D18F4F0299630601D40121B3
:106FB8004942380001F055FF0290BBE720200399B1
:106FC800089B9847002816DB013C029BA342F5D397
:106FD800079A019B944663441B1B01930794ABE7F4
:106FE800079CF2E7019B0399FB1A985D089B984759
:106FF80001360028A4DA039B9A7804231343039AE2
:10700800937001235B42019372E723063FD5A305E2
:1070180037D50722073595432F000CCF04920593E7
:10702800102325009D43059B002B3ADA0499059A05
:1070380000244B429441049305948023DB001D43B4
:10704800ADB20CAC0A2304980599220001F05BFF4D
:10705800041B6B0665D501232A009A431300029A84
:10706800A24200DCA4E0002E00D19CE010222900FE
:1070780011400B91154200D09CE0029A1D00069227
:107088001EE02F0008CF0493DB170593C8E72F00F5
:1070980008CFE205F7D5A20501D55BB2F3E71BB22D
:1070A800F1E7049B059A1343CBD16306C9D5029B2C
:1070B800002BC6D111339C43029B25001C0006936C
:1070C8002A00494B1A400B921D4277D0069B013388
:1070D800069300230B9371E010239C43063B9C46C8
:1070E800802322001A4006921C4242D0210081339C
:1070F800FF3319401C4239D00722EB1D93431F0070
:1071080003CB083703000B4346D1250016339D43B4
:10711800630644D5029B002B41D117339C432500BD
:10712800029C10232A001A400B921D4256D0631C61
:10713800002E42D022003FE0102378269C461C43B4
:10714800CEE7782B04D110229B1B1A439446C7E73D
:1071580025200399089B9847002800DA4BE7019BF4
:10716800023360E6082300269C46B9E72F0001CFCA
:10717800C8E72F008022210008CF520018001140D4
:107188001442BFD0802221009200114098B21442CC
:10719800B8D00699D8B2B5E706239C4325000CACB5
:1071A8006346220052E711239D43029B069387E71B
:1071B8001D00B6E71D00029A931C06932B072AD4DC
:1071C800EB0709D5079B069A0294934204DD9B1AA4
:1071D8001B190293079B0693069B10E006946FE722
:1071E8004CA2001045A200100604000020200399BC
:1071F800089B9847002800DAFDE60A9B01330A93AA
:107208000A9A079B9342F1DC069A019B9B1A0A9AF9
:107218009B18019306920B9B002B25D030200399D5
:10722800089B9847002800DAE5E6019B002E12D15A
:1072380001330193019E029B019A9B189B1BA34259
:1072480020DC2500002D25D13D00079B069AA419B6
:107258009E1A019431E002330193F0B20399089B1E
:1072680098470028E6DAC6E6174B1D42E2D02020F0
:10727800AB0700D50B306D0500D52D20019B0133E0
:107288000193EBE730200399089B013698470028C3
:10729800D1DAB0E60CAB013DE85C0399089B98474E
:1072A8000028CFDAA7E6019B202001330193039938
:1072B800089B9847002800DA9DE6019AA3199B1AB3
:1072C800002BF0DCB7E5C04606040000F0B589B035
:1072D800140000900391F9F733F8261A0A36002CA7
:1072E80000DA74E0200000F0A5F83518200000F05E
:1072F800A7F8060004A920002F1B00F0BFF8BB1B4D
:107308007D330098039904AA01F084FE0123060046
:107318000291AC420FDC00233F2F0CDC3A00012025
:107328004042C117F8F7A4FF009B039A83438A439E
:1073380013435A4253411F0030000299F9F700F8ED
:10734800374B281AC018374B984265DCC443E417FA
:1073580001220440002800DD2200334B521BD318C1
:107368000393324B3000D2180299F8F775FF00905A
:1073780001913000039A0299F8F76EFF012528421F
:1073880045D0002F0DD0039A01204042C117F8F7CD
:107398006FFF009A029B864315408B432E431E4382
:1073A80035D0009801990122002380185941050021
:1073B8000E002A0033031B0B1A43010050424241BE
:1073C800A41824051C430800210009B0F0BD674239
:1073D800380000F035F8351A380000F031F82E1B67
:1073E800040004A9380000F0C5F833197C3304AA56
:1073F8000098039901F00EFE029106000399009887
:1074080000F026F80023B8425B41DFB294E7019B05
:1074180000991B031B0BD4E700200549D5E7C0469C
:107428003E040000FE070000CCFBFFFFCDFBFFFF82
:107438000000F07F014B5843C00C70474F93120077
:10744800024B5843C00C01307047C0464F9312009E
:1074580070B50024064D074A074BFAF778FDA94294
:1074680004D801D1884201D80134F4E7200070BD66
:1074780033333333CDCCCCCCCCCCCCCCF0B50D0025
:107488008DB01A210490F8F79FFE1A2105900498F0
:10749800F8F7D6FE059B1C01334BE418002909D1E7
:1074A800226863682A606B60A068E168A860E96088
:1074B8000DB0F0BD2D4BC9005B1808A91E685F68A8
:1074C800A268E36830000091390001F0D5FD226818
:1074D800636803910AA9029000913000390001F015
:1074E800CBFD0A9A0B9B029E039FB6185F4106903C
:1074F8000791BB4202D809D1B24207D9089A099B21
:107508000120002112184B4108920993049800F0B9
:10751800B3F904001A20059B584300F0ADF9241A6A
:1075280032003B0006980799009401F0DDFD1E2209
:10753800049B0290039118090D49800041585B0093
:107548001A40D140032001400A0002980399002301
:1075580012184B4130002A606B60089A099B390069
:10756800009401F0C1FDA1E7C8940010F893001041
:1075780068980010F0B506000D008BB01A2119307C
:10758800F8F722FE1A274743374C0001BA1B0419A3
:10759800B74209D1226863682A606B60A068E16815
:1075A800A860E9600BB0F0BD304BD2009B181A6898
:1075B8005B6806A904920593A268E36800910498A1
:1075C800059901F059FD2268636802900391012032
:1075D8004042C11712184B4108A900910498059917
:1075E80001F04AFD089A099B040004910298039946
:1075F800801859410290039103998B4203D80AD10C
:1076080002998A4207D9069A079B0120002112187D
:107618004B4106920793380000F02EF9070030001E
:1076280000F02AF9029A039B3F1A04992000009758
:1076380001F05AFD33099B009C461E2273001A4034
:1076480063460B4C1C590323D4401C400023621C86
:1076580012184B41029803992A606B60069A079B9F
:10766800009701F041FD9BE798950010F8930010F2
:10767800BC980010F8B50D0004000B0006000100CE
:10768800284A6800400D8218132A1BDC002A0ADAEF
:10769800002D40DA6B005B0819433FD180231B069D
:1076A8001D000C001CE02048104106002E4031430C
:1076B80016D0002D03DA8021490311416B180021EF
:1076C8008343EDE7332A0EDD8023DB009A4207D19E
:1076D80022002B0020002900F9F782FA04000D008F
:1076E80029002000F8BD114FC01901277F42C7406B
:1076F8003C42F5D0002D02DA142A02D10133B943F5
:10770800CEE73424A41A0122A2405118B142B6414E
:107718007642AB19F3E700210B00C1E70021044BC7
:10772800BEE7C04601FCFFFFFFFF0F00EDFBFFFFB8
:107738000000F0BF43424A00034352080248DB0FEF
:107748001343C01AC00F70470000F07F0B004900B8
:10775800490830B50C00020004430220002C0CD06C
:10776800064C01301C4208D0054D0130A94204D90D
:107778000020A14201D15042504130BD0000F07FAD
:10778800FFFFEF7F0123F7B5CF174A001F43354BA3
:10779800520D0D00D6180B0380211B0B490319430A
:1077A80004000091132E17DC002E07DA00200100D8
:1077B800013601D13800F91703B0F0BD8022120359
:1077C8003241009BD21814239B1BDA400023380057
:1077D800F917FAF7BCFBEFE73E2E2EDC224BD31845
:1077E8000193332E10DD214B0021D218F8F740FD0C
:1077F80004000D00019A00210098F8F739FD2200D5
:107808002B0002430B43E2E78023019A1B06D34077
:107818001C1884428041009B40421B18180000211C
:107828000093F8F725FD0B0034210022891B20293D
:1078380001D02200CA400243C9E7012F0BD0002221
:1078480029000B4BF8F754FD002808D02000290028
:10785800FAF79FFBB0E7012006494042ACE78021D8
:107868000906A9E701FCFFFFEDFBFFFFCDFBFFFFCA
:107878000000E0C3FFFFFF7F024B5843C00C0130FC
:107888007047C0464F931200704710B583681B6855
:10789800002B01D0984710BD58204042FBE710B597
:1078A80083685B68984710BD30B50300007B0028EB
:1078B8000ED15C68002C0BD018689A68855C8D42E4
:1078C80007D101329A60944201D101221A73187BC0
:1078D80030BD0278511A4A4251419960F7E773B5B1
:1078E80004000D006B46DE1D31002000FFF7CDFFC0
:1078F800002800D073BD3078A847F3E710B501F031
:107908001FFA0A220023F8F76BFD10BD70B50D00B1
:107918008021FF228900435804005200934204D872
:107928005A1C4250C55400238354FFF7E7FF8223B3
:107938009B00E41801232060616018000A2D02D022
:107948000D3D68426841184070BD802370B5002421
:107958009B00C3580500A34213D0FE2201345200F5
:1079680093420ED2FFF7CAFF82239B00ED182A68C4
:107978006B68801A9941002903DC01D1962800D848
:1079880000240120204070BD80220023920010B501
:10799800835003700400FFF7B1FF82239B00E418B3
:1079A8002060616010BD10B5FEF7E6FB10BD8023B6
:1079B800C900411880681B02984202D392005058AF
:1079C80070475200505AFBE710B58024C90041188F
:1079D80080682402A04202D39200535010BD520086
:1079E8005352FBE710B50122FFF7E1FF400810BD35
:1079F80010B58024C9004118806801232402A042E0
:107A080008D34868002A02D003434B6010BD98434E
:107A18004860FBE74888002A02D003434B80F5E71B
:107A280098434880F2E710B553000122FFF7CCFFD6
:107A380010BD8022042310B51202904200D3DB1837
:107A48000833DB080131C81AF8F75CFC1F23181A41
:107A580010BDF8B50D0004008668FFF7C3FF80234A
:107A680001001B029E4201D3012819D03000FFF704
:107A7800E0FF8300E3181E69002E12D10121814026
:107A8800E26820000A43E260290002221D612B00FF
:107A9800FFF79AFF2B00032229002000FFF794FF2D
:107AA800F8BD022231002000FFF781FF0700030024
:107AB800022229002000FFF787FF33000322290054
:107AC8002000FFF781FF2B00032239002000FFF779
:107AD8007BFF2B0002223100DFE7F8B58023082462
:107AE800DB029A4200D2043C07230027141BCD1D59
:107AF8000C199D439C43641BE40805602100200089
:107B0800AC60EF60FFF795FF431D9B00DE1D3A0058
:107B1800F608013001DB103B1A0028000021103064
:107B280001F067F9320028000021FFF77CFF0023ED
:107B380028001A001900FFF747FFA71B2800012299
:107B48000021FFF755FF3A0031002800FFF76BFFCF
:107B58003300310028000022FFF736FF28002100FB
:107B68000022FFF760FF3B00280021000022FFF7FA
:107B78002BFF280001222100FFF73AFF31002800DF
:107B8800FFF767FFF8BDF0B585B00D001C1E029029
:107B9800039229D000265B780193E078237840008F
:107BA8009B00C018A378C0182018019B9E4210D3D0
:107BB8006279237912021A43A37903991B041343A8
:107BC800E279029812061A4323000833A84705B041
:107BD800F0BD0378471C9B0038001F51FAF7B0F935
:107BE800013038180136E0E716204042EFE770B55B
:107BF80000240200012520001378002B01D1180071
:107C08000AE0002813D08C4207D1702B04D01E0044
:107C1800403E3A2E0BD8002070BD1E00403E3A2E42
:107C280005D8537801320134002BE8D00020252BE9
:107C380000D168400132DFE7002070470FB407B574
:107C480004A901C9019100F080FA03B008BC04B08E
:107C5800184770B5056908242E0000230200264045
:107C68001800254205D1D0681368984203D9C31A71
:107C780030000B6070BD126A0120D31AF9E713B502
:107C880001A90400FFF7E5FF002804D0019BE26882
:107C9800013B9B180193206A019BC01A013816BD4D
:107CA80010B5040050182269236AD20702D5013B97
:107CB800184010BD9842FCD3C01AFAE710B504006A
:107CC8000A00C168FFF7ECFF08222369E0609343CC
:107CD800236110BD022270B50D008B001A430368A2
:107CE800C1699B005A50040001682A00FFF7D8FFB9
:107CF800E3682060984203D1082322691343236173
:107D08002A0061682000FFF7CBFF606070BDF0B506
:107D18001F00C3681600C2699B00D518D25C0323F4
:107D280085B01A40040000230291022A08D033606B
:107D38003B600222236913420DD10023019339E0ED
:107D48002968336089083B60F3D0FFF7B7FFE36821
:107D5800A3600123F2E7A369280098472B780090D5
:107D6800DA07D10F0191002AE7D002221A400392C4
:107D78000222134221D0029B002B03D019002000BD
:107D8800FFF7A8FF61682000009AFFF789FFA36842
:107D9800E1686060994206D12000009AFFF780FFF1
:107DA8000023A0600193A36822692360E36008238D
:107DB80013432361019805B0F0BD20000099FFF737
:107DC8007DFFE368A360029B002B04D02368E2696F
:107DD80003999B009950029B009A9C4662443A6022
:107DE80021682000FFF75CFF082322692060134305
:107DF800012223612B7893432B703560A9E770B576
:107E080004000D001600FFF74BFF2368834205D1DD
:107E18000822236925609343236170BD0223B200C1
:107E28001343E269AD00AB50616832002000FFF7F0
:107E380037FF6060F1E770B5036904005B0706D59A
:107E4800456AFFF71CFF854200D20500656270BDD8
:107E580070B50D0004001C22002100F0CAFF0022AA
:107E6800EB68A361AB6863612B68E3616B6862626E
:107E780023622A69002B04D0591E0B4201D1012329
:107E88001A432261200001220021283000F089FED7
:107E980070BDF0B58BB0059300230492026A04000C
:107EA8001E000291079309938A423BD30193EFF393
:107EB800108772B6099A0397002A05D02000019905
:107EC800FFF79DFF00230993200008A9FFF7C1FED3
:107ED800089B029A0500009393422BD32368E2691A
:107EE8009B00D618D35C032293433370216820008B
:107EF800029AFFF7D5FEE3682060984215D0002566
:107F0800039B002B02D162B6BFF36F8F079900293C
:107F180006D06369002B01D02000984700230793FF
:107F2800002DC4D130000BB0F0BD082223691343E3
:107F38002361E4E7002804D020000099FFF7CAFE77
:107F4800DEE7049B059A134317D000F037FE00289C
:107F580013D1002F11D162B6BFF36F8F2000049A9E
:107F6800059B2830FDF784FE0500EFF3108372B6F9
:107F780003936B425D41EDB2C2E723682000019391
:107F8800009909AB07AAFFF7C2FE0500B8E770B56C
:107F98000400836908000D0098470200EFF310867B
:107FA80072B60123297820000B432B706168FFF714
:107FB80077FE60602000FFF73EFF002E02D162B618
:107FC800BFF36F8F70BDF8B50400EFF3108772B67A
:107FD80008212269A3680A4203D16168CA1A8B4240
:107FE80001D9226AD21AE169002A07D1002F02D1E9
:107FF80062B6BFF36F8F00263000F8BD9B00CE1825
:108008000322CB5C03211A400B42EFD0022A02D193
:108018003568AD0805D1DA0713D43000A36998474D
:108028000500A1682A002000FFF73AFE2900A06099
:108038002000FFF743FE002FC7D162B6BFF36F8F52
:10804800C3E7022213433370A3693000A568984739
:10805800290002002000FFF723FEA060002FCBD1EB
:1080680062B6BFF36F8FC7E7F8B5040083690800ED
:108078000D0098470600EFF3108772B601222B789F
:1080880093432B7023699B0705D5E268E369920047
:108098009B189D421AD102222B7893432B70A36818
:1080A800E168994204D132002000FFF7F9FDA06091
:1080B80031002000FFF702FE002F02D162B6BFF3A5
:1080C8006F8F20002830FDF7A1FDF8BD03222E6830
:1080D800830016401E432E60EEE710B5EFF31084C0
:1080E80072B6036982681B0703D441688B1A8A42F7
:1080F80001D9036A9B1A002C02D162B6BFF36F8FB5
:108108005A1E9341D8B210BD704703780200002070
:108118005B070AD4136852881B035B0D1209981871
:1081280007231730984303308008704700207047B2
:1081380010B5012100F02DFE10BD10B500F000FEB5
:108148000A220023F8F74CF910BD1FB50290002051
:10815800039103000200010001900090FBF746FE26
:1081680005B000BD10B50120FBF7BAFB10BD00201B
:108178007047436810B5DA71012243681960436893
:108188005A71FBF79DFB10BD70B506000C00150079
:10819800081E0ED0906853681B1A99420AD81368B3
:1081A8000A001818310000F01BFE2000AB681B19EC
:1081B800AB6070BD1C204042FBE770B50E000400A8
:1081C80015001900002802D1FBF78AFB70BD002BAF
:1081D80006D013035B0D1030C018120D00F000FE1E
:1081E800200025606660FBF711FDEFE707B5012366
:1081F800019201AAFBF72AFD07BD07B5009201937A
:108208006A460223FBF722FD07BDF8B506000D00FC
:1082180014001F00002C00D1F8BD210028003A00EE
:10822800B047241A2D18F5E710B5426804000CCAA7
:1082380081680068FFF7E9FF002263681A6010BDD3
:1082480070B54B6805001A68CB680C009A4202D1D9
:108258000800FFF7E9FF6068012100F09AFDA368B4
:108268001D54002070BD70B504000D000A2802D10D
:108278000D20FFF7E5FF29002000FFF7E1FF0020B0
:1082880070BDF0B58B6889B006930B880790DB0545
:1082980008000D780C005E0F1700FBF7F5FD0023B2
:1082A800AD0601006D0F984203DB2800FBF7C0FC08
:1082B80003002100226810311203520D60888C18C7
:1082C800551EAA4152421140002200090490029111
:1082D800079806990597039401960092FBF702FE0A
:1082E80009B0F0BD10B501000068FCF743F810BDF7
:1082F80010B5FCF79BF8FCF7B7F810BD10B50021D6
:108308000120FCF737F810BD10B5FCF723FAFDF78C
:10831800E3FBFEF793F8FCF763FAFDF71DFC002872
:1083280002D162B6BFF36F8F7047BFF34F8F30BF74
:1083380062B6BFF36F8F704710B5FCF7A9FA10B596
:108348000B6949699847002010BD10B5FCF78CFAF5
:10835800002010BD030001200A1FD2B200B58242DE
:108368000DD90E290AD80800F7F724FF0A0A0A0AC5
:1083780008080A0A0A0A11111D212100002000BD5F
:108388001A680C234B4398580005C00FF7E70A29D1
:1083980007D19B6858682923184043425841C0B206
:1083A800EDE7DB68F6E75B685868C004EDE7012095
:1083B800E5E749B2030010B5EA20102904DC586843
:1083C800FFF7C8FF0130C0B210BD49B210B51400A4
:1083D800102906DCFCF720FBF8F7A8FB206000203A
:1083E80010BD16204042FBE70123F0B50700002529
:1083F80087B05B42039101900293039B9D4224D274
:108408002E006C003C190123029AE35693420FD1C7
:108418006B00F818FB56022204930123C35621006F
:10842800059300F0DDFC049B01352370059B637008
:10843800039B01360234B342E5D1019B1B785BB242
:108448000293019B02330193D7E707B0F0BDD02315
:108458001B065B6800200B6070470A0010B50369B3
:108468001000D96888430100D02000064161DC680B
:108478001969214011408162D9681B6911409943EB
:108488004162002010BD0A0010B503691000D968C8
:1084980088430100D02000068161DC681969214009
:1084A80011404162D9681B691140994381620020DB
:1084B80010BD03690800DA689043D0221206D06123
:1084C800DB6800200B40D362704710B50369586819
:1084D800002821D088421BD108689C685860A142B6
:1084E80000D1986000200860824206D05A680A606D
:1084F8009A685960002A00D19960002010E08142F2
:1085080006D10868206098688142EBD19C60E9E751
:10851800040000680028F2D1002AE7D11620404262
:1085280010BD10B543685B68002B00D09847002049
:1085380010BD70B50E0015000F21002230001C0080
:10854800FDF7C6F880239B039D420FD08023A1012D
:10855800DB042340C90FED010AD58900002B01D0A7
:108568000823194301223000FDF7B2F8002070BD3E
:10857800002BF7D00223F4E710B5002203210D20C9
:10858800FCF7BEF80D20FCF7AFF810BD30B5046954
:10859800D02000060369E56853400B40AB430D004B
:1085A800C361036A53409D432B00E5681D4023695E
:1085B8002B40C362036A5A400A40E16823691140AC
:1085C8009943C162002030BD30B503681360057956
:1085D8000468ED006419A34202D30220404230BD72
:1085E8005C798C4201D00833F0E70020F7E7F8B552
:1085F800040001268D004519AC4201D10020F8BDC8
:108608002078271DC006C00E00F01CFA21882078AB
:108618008905C006C90EC00EFCF7AEFFA278207807
:108628006178D207C006D20FC909C00EFCF7BCFF9B
:10863800617820788906C006090FC00EFDF72CF86E
:10864800617820788909C0063140C00EFDF714F81A
:10865800A17820784907C006C90FC00EFCF7FEFFB5
:10866800A17820788907C006C90FC00EFDF752F817
:10867800A1782078C906C006890FC00EFCF7DCFF78
:10868800A17820784906C006890FC00EFCF7C2FF02
:1086980061882078C905C006890FC00EFCF7A8FFBD
:1086A800E17820784907C006890FC00EFCF78EFFD5
:1086B8003C00A1E70020704783680079022809D0B0
:1086C80004280BD001280CD1C9180B78DBB2002084
:1086D80013607047C9180B889BB2F8E7C9180B6874
:1086E800F5E716204042F4E70300F0B585B05F686F
:1086F80001923E790800F100F7F7A2FD03AA0400F1
:108708000D0081B23800FFF7D7FF002817D10122EA
:108718000399EDB2AA400B00944693437D79019AE0
:10872800954201D063460B43BA68022E09D0042E45
:108738000CD0012E0ED1A4B2DBB2A418237005B060
:10874800F0BDA4B29BB2A4182380F8E7A4B2A41881
:108758002360F4E716204042F1E710B50122FFF745
:10876800C3FF10BD10B50022FFF7BEFF10BD70B5E6
:1087780004000D00FFF7F1FF002803D129002000B5
:10878800FFF7F0FF70BD030073B55E68080031792C
:108798001400C900F7F754FD01AA0D0081B230009A
:1087A800FFF78AFF002809D1019BEDB2EB400122B7
:1087B8009A43737959424B415340237076BD0269FD
:1087C8004368127A1B68002A05D11A6BD2070DD5A7
:1087D8001A6B92050AD59A69D20607D41B680B70E2
:1087E80043681B6858680F231840704701204042AF
:1087F800FBE7202243681B6898691042FCD1196086
:10880800704743681B6858685A680007C00F5207CA
:1088180001D50822104302225968114200D01043A2
:108828005B68DB0701D504231843704710B503695B
:1088380011CB11C1002010BD030070B50020202607
:108848005C682468A569354202D1151A002D00DC40
:1088580070BD0D5C01302560F2E7030070B50020A3
:108868001025141A002C04DD5C682468A6692E42C1
:1088780000D070BD24680C540130F2E7F8B520260A
:10888800436805691A680400936B334393632B7C30
:10889800002B04D000232B746B69002B0CD1F8BD7E
:1088A800EFF3108772B620006B69A9699847002F0B
:1088B80002D162B6BFF36F8F63681B689B6B33424C
:1088C800EED1ECE70122202103691A7443681A6883
:1088D800936B8B4393637047436801201B689B69C4
:1088E800DB089843704702694368127A1B68002ABC
:1088F80006D1196B01320800FF32104011420BD02B
:108908002022996B0020114206D0D96B0130114208
:1089180002D19B69DB091840704743681A685023E5
:10892800916B0B4393637047502143681A68936BAC
:108938008B439363704702694368127A1B68002A65
:1089480006D1196B8022080092001040114207D00E
:108958009A6B0020D20603D59B6901301B09984306
:10896800704743681A68F023916BDB000B439363ED
:10897800704710B50400FFF7DEFF03000120002B4D
:1089880004D12000FFF7AFFF431E984110BD01201E
:108998007047036959619A61704710B503695A694C
:1089A800002A0AD0EFF3108472B65A699969904781
:1089B800002C02D162B6BFF36F8F10BD0020704744
:1089C8000020704710B5002203211420FBF798FE01
:1089D8001420FBF789FE10BD10B5002203211520D5
:1089E800FBF78EFE1520FBF77FFE10BD00207047B9
:1089F8000020704710B50122FCF764FA10BDF0B5ED
:108A080085B016000A9A02900391934201D2FFF7AB
:108A180093FC1F0E1C020A9A002320003900F7F766
:108A2800DFFC00230500020039002000F7F7D8FC1E
:108A380032000300039902980095FCF7BDFC012061
:108A480005B0F0BD0123D022834010B51206936211
:108A580005219361FCF790FD10BD0369C26893423C
:108A680001D881685B18013B981A7047F7B5050073
:108A7800C468836840681F1B00190E000193A4187E
:108A8800974207D83A0000F0ABF9019B6868E41AEE
:108A98002200F11900F0A4F9EC60F7BD0023F7B546
:108AA80006001700C568019100933369B4689D42B8
:108AB8001FD2013B5B1B641BBC4200D93C009C429B
:108AC80000D91C00706822004019019900F088F94B
:108AD800009B2D191B190093019B3F1B1B19019328
:108AE800B368AB4200D10025F560002FDDD10098B6
:108AF800FEBD1B19DDE710B5FCF7E2FE002010BD36
:108B0800EFF3108072B67047002802D162B6BFF347
:108B18006F8F704770B5041E09D0FCF73BFC7D23AE
:108B280005005C43FCF736FC401BA042FAD370BD3D
:108B38007047002809D00123C268002051781942E3
:108B480002D010784242504118407047EFF310832A
:108B580072B6FEE710B543690400002B06D1002069
:108B68000123E26851780B43537010BD98470028E1
:108B7800F5D0C317C0185840FF2800DDFF20E36870
:108B88001870EDE710B500F034F910BD10B500F01D
:108B980027F910BD10B5EFF3108372B6FFF7C5FBC8
:108BA800F9E7002A07D08A4205D38160C2600060D5
:108BB80040600020704716204042FBE7EFF3058035
:108BC800431E9841C0B27047582040427047002069
:108BD80070470368426813605A600023036043606B
:108BE800704710B50400FFF7F4FF0222637B93433C
:108BF80063730023A36010BD70B504000D00FDF77A
:108C080029F90223627B13436373002D1CD0A560EE
:108C18002B689D4209D16B68256063601C606C609D
:108C280012E06A689A42F6D01B68002BF3D00E2235
:108C38000E21A25659568A42F3D09142F1DD5A6864
:108C48002360626014605C6070BD10B5EFF310843F
:108C580072B6FDF7B9F8002C02D162B6BFF36F8F78
:108C680010BD10B5EFF3108472B68368002B01D0E5
:108C7800FFF7B7FF002C02D162B6BFF36F8F10BDAC
:108C880070B50400EFF3108572B62823427B1A42B0
:108C98000BD18368002B01D0FFF7A3FF0422637B6D
:108CA800200093436373FDF78FF8002D02D162B65D
:108CB800BFF36F8F70BD10B501211838FFF7E0FFC3
:108CC80010BD70B5EFF3108572B60468A0420BD0E2
:108CD800002C02D02000FFF784FF002D02D162B6DD
:108CE800BFF36F8F200070BD0024F6E770B5040055
:108CF800EFF3108572B60368002B1AD0FDF7B8FBA6
:108D080006002000FDF7E4FB802300221B062261F9
:108D18006361A64206D1FDF7CFFBFDF7B1FB002149
:108D2800FCF790FA0020002D02D162B6BFF36F8FD6
:108D380070BD16204042F6E710B5FDF7DFFC10BD08
:108D480010B5FDF7DBFC10BD4262020000231832AB
:108D5800016203638261C2610360436043637047D9
:108D680010B50400FFF7C2FF002811D1636A002B79
:108D780001D02000984720001830FFF7A2FF0028F4
:108D880006D0FFF762FFEFF3108072B6FDF718F90F
:108D980010BD0300EFF3108272B600684118196025
:108DA800002A02D162B6BFF36F8F70470300EFF35A
:108DB800108272B60068411A1960002A02D162B6A0
:108DC800BFF36F8F70470300EFF3108272B600682D
:108DD8001960002A02D162B6BFF36F8F70477047DF
:108DE800002310B59A4200D110BDCC5CC4540133A5
:108DF800F8E703008218934200D1704719700133D5
:108E0800F9E7C9B20378002B04D08B4200D1704730
:108E18000130F7E74B42594149420840F7E730B57E
:108E28000500101E0BD00024013A2B5D085D83421B
:108E380004D1A24202D00134002BF6D1181A30BD59
:108E480070B504000500002A06D00B78013A0130FD
:108E58002B700131002BF5D10021FFF7CAFF20004C
:108E680070BD030041188B4202D01A78002A01D144
:108E7800181A70470133F6E70A7830B5002A0CD182
:108E880030BD9A4208D10123CC5C002CF8D0C55CD7
:108E9800A54201D10133F7E701300378002BF0D167
:108EA8001800EDE7F0B5041E02D11468002C09D0B3
:108EB80020000E00057801343778002F04D1002DEA
:108EC8000DD11560002006E00136BD42F4D1002B1B
:108ED800EED114600370F0BD0133002D02D10B00F8
:108EE800267801341D78AE42F6D100231D009E423B
:108EF80002D02300611E0D701360ECE710B501234A
:108F0800FFF7D0FF10BDF0B50D003721C91A8FB09B
:108F1800C9B20D911F2104000B400C930C99E3B2C8
:108F2800082955D0102900D164E0E90760080843F2
:108F3800690806900791A008A9070843A90808909E
:108F48000991089E099F06980799801979410E078B
:108F5800B446060900966646009F37430E090097F7
:108F68000196009E019F801979410E06B446674616
:108F7800060A3E4302960E0A0396029E039F801934
:108F880079410E04B4466746060C3E4304960E0C1F
:108F98000596049E059F8019794100260A910B9633
:108FA8000A9E0B9F801979414E07CD080521C408F8
:108FB8003443614349005B1ADBB2092B12D9012003
:108FC80000210A3B24184D41DBB21DE00200A5E751
:108FD80007210B4069078C466646E008E908064306
:108FE80034000D00303313702300501C2B43EDD197
:108FF8000FB0F0BD0F210B4029078C4666462009AB
:109008002909064334000D00092BEBD90D99CB181B
:10901800DBB2E7E7F0B50C0089B004A916001F0021
:10902800D368926800912100050000F025F83268A5
:109038007368039106A9029000912800210000F0AE
:109048001BF8069A079B02980399801859418B428E
:1090580002D809D1824207D9049A059B0124002528
:1090680012196B4104920593049A059B403F00979F
:1090780000F03AF809B0F0BDF0B5002487B00D0053
:1090880004932100230000920290F8F760FF009AF1
:10909800230005900E0028002100F8F758FF27004C
:1090A80036184F41029A2300210004980096019730
:1090B800F8F74DFF2300009A270080185941049AB9
:1090C8000290039128002100F8F741FF019E230038
:1090D80080197941039A801859410C9B186059608E
:1090E8000598029907B0F0BDF8B5070010004022B6
:1090F8000E001900069BD21AF7F7BAF8069A05006F
:109108000C0038003100F7F7A7F828432143F8BDD1
:109118000B694A69934202D05A1C0A611870704759
:0C9128000148006870470000D0200020C3
:089134009E8EFF7F0100000088
:10913C00000000008C910010FF8A0010000000005D
:10914C0000000000AC910010ED4C0010000000007D
:10915C0000000000EC91001000000000CC91001009
:10916C00B551001000000000A137001000000000F5
:10917C00B148001000000000000000000C9200102C
:10918C00ECA000100097001030930010A0110020EC
:10919C0004110020254B001000000000000000000E
:1091AC0012A100100098001020930010A4110020B0
:1091BC0000000000BD860010000000000000000050
:1091CC002CA10010281100204C930010A611002097
:1091DC000C110020395000100000000000000000AD
:1091EC003AA100106C1100204C930010A811002023
:1091FC005011002039500010000000000000000049
:10920C0006A10010F8970010FC920010A21100208B
:10921C00E42000202B85001000000000000000005E
:10922C000000000005830010000000000583001002
:10923C0000000000058300100000000005830010F2
:10924C0000000000058300100000000005830010E2
:10925C0000000000058300100000000005830010D2
:10926C0000000000058300100000000005830010C2
:10927C0000000000058300100000000005830010B2
:10928C0000000000058300100C920010814D0010AE
:10929C000000000005830010000000000583001092
:1092AC000000000005830010000000000583001082
:1092BC000000000005830010000000000583001072
:1092CC00EC910010A3890010CC910010A389001020
:1092DC000000000005830010000000000583001052
:1092EC000000000005830010000000000583001042
:1092FC00FD4D0010578400109585001063840010FC
:10930C008F840010BB8400103B850010D3840010A8
:04931C00514D00109F
:109320008F870010638700106D870010778700100B
:10933000D54800101549001000000000D38300102C
:0C934000BB8300100000000000000000D3
:10934C00C7870010FB8700100B880010FD890010E8
:10935C003588001041880010638800108588001043
:10936C00CD880010EF88001023890010318900107F
:10937C00E18800103F8900106B890010B94E001075
:0C938C007B890010978900109B8900105D
:109398002D9E0010030000004A9E001003000000EC
:1093A8004E9E00100300000037A2001003000000CA
:0893B8003E9E001003000000BE
:1093C000D4960010B8200020659F00100100000016
:1093D000000A010A020A030A040C050A0605070B23
:1093E000080B090B0A0C0B0C0CFF0DFF0E0D0FFFE9
:1093F00010FF00000000000001000000000000005D
:10940000050000000000000019000000000000003E
:109410007D0000000000000071020000000000005C
:10942000350C000000000000093D000000000000B5
:109430002D31010000000000E1F5050000000000F2
:1094400065CD1D0000000000F9029500000000003D
:10945000DD0EE90200000000514A8D0E0000000000
:109460009573C24800000000E941CC6B0100000088
:109470008D49FD1A07000000C16FF286230000002D
:10948000C52EBCA2B1000000D9E9AC2D78030000C4
:109490003D9160E45811000031D6E275BC560000E1
:1094A000F52E6E4DAEB10100C9EA2683677808003B
:1094B000ED95C28F055A2A00A1EDCCCE1BC2D30078
:1094C00025A4000A8BCA220400000000000000004E
:1094D000000000000000001000000000000000007C
:1094E000B9340332B7F4AD1410DB1AB30892540E3A
:1094F0000D307D951447BA1A66088F4D26ADC66D9E
:10950000F598BF85E2B74511CA96853D92BD1DEB22
:10951000FCA11860DCEF52163C92AE220BB8C1B42D
:10952000839D2D5B0562DA1C304C7E8F4E8BB25BC7
:1095300016F4529F8B56A512FBD4827643ED8AF027
:109540008FE7F9311565191850F19BD94A13EEB41C
:10955000284CF0A686C1251F035FC270CB9E49161A
:10956000E642889C44EB2014B0650836AD6EA585B4
:1095700085F0CA14E2FD031A0B899979D5B13D092A
:10958000D8DA973A35EBCF10AC363F5E73BB38CFA5
:109590003E6752FA44AFBA15010000000000000017
:1095A0000000000000000020345065C05FC9A652D2
:1095B000BB13CBAEC440C21806C8DF7100D5A87C6F
:1095C000F56F0FDA58FC27136E4756357D2420655A
:1095D00002C7E768E48CA41DE9E60268D7CD3961CB
:1095E0007977FCC2405BEF16798CDE43FFA751F917
:1095F00091F3B278F5BDBE11E857E9D6E8BEE87B35
:10960000B054AC8F848D751BEA23A499E9F9D38BF0
:10961000B7A3714061DA3E15CEE33ECB73F948083B
:109620008C97B427D51B7010A2BFEFB9EB8532150C
:109630004DB44DB49BBB6F1996B6076CF8E7EEAD11
:1096400036D9B4F59135AE13222218AF4E6A684D63
:1096500091DAAA3D4F40741E9FBD9EE006A1C098BE
:1096600057C2A7FDA40E90170E7D497173E3208F9A
:10967000B220D87605143B12853D7434811343B073
:10968000AD297A5F27F4351CB81A002000010000CC
:109690006D81001013810010020000008B82001009
:1096A00000000000000000000000000000000000BA
:1096B000459F00104D9F00100000000000000000BA
:1096C00000000000559F0010599F00105D9F001082
:1096D000619F00106D4200105D4200108D4200102D
:1096E0004542001000000000514200100000000040
:1096F000F5420010C02000205F2100201000000073
:1097000000800040004002400080024000C0024053
:1097100000000640F0970010010000007D000000EE
:1097200006000000020000000100000064000000CC
:10973000050000000500000000000000000000001F
:1097400040597307405973070000000000000000F3
:1097500040597307405973070000000000000000E3
:1097600040597307405973070000000000000000D3
:1097700040597307405973070200000000000000C1
:10978000001BB700001BB700010000000000000034
:1097900040597307405973070000000000000000A3
:1097A0004059730740597307000000000000000093
:1097B000006CDC02006CDC02000000000000000015
:1097C000006CDC02006CDC02000000000000000005
:1097D0001BB70000006CDC020C000000A00A0000B7
:1097E0001000000000000000000000000000000069
:1097F000F897001000000000FFFFFF3F8185001078
:1098000000C000400400000000C000401498001098
:10981000010000001C980010020000004404000039
:10982000450402002C98001001000000349800103C
:10983000020000004004000041040200E8A1001002
:10984000F6A100100AA2001019A2001025A2001013
:109850003C9100103C9100106C910010749100102C
:109860008C9100108C91001000000000000000009E
:1098700000000000000000000000004095596959F8
:109880005555545515555556040515411054554018
:1098900045515544404550445055554500400040C1
:1098A0004004449665555655454045545141154030
:1098B0005591555555554051050100005445545496
:1098C0004555050400100410140440000000014038
:1098D00055551541540400004400010000000040AB
:1098E000410000445044455054005555545565516D
:1098F00000400040010000010005010011545151D9
:109900005455550500154150000004401001040550
:109910000000000024737461727461636B3B005B30
:109920005254545D20553120737461727461636BBD
:10993000207365656E2028706861736531293A204F
:10994000222573220A002453442C005B5254545D98
:109950002055302053442063616E646964617465EE
:109960003A2022257322202865706F63683D252EDA
:109970003366206D6F64653D2564290A005B52548F
:10998000545D2055302028647572696E67207374A9
:109990006F70292053442065706F63683D252E3316
:1099A00066206D6F64653D25640A004C504D5F4430
:1099B0004154412C005B5254545D20553120737446
:1099C00061727461636B2072656365697665640AB0
:1099D000005B5254545D205531204C504D5F444142
:1099E0005441202325752064657074683D252E320E
:1099F000660A002473746172743A4143515F4353A1
:109A000043535F303032482C253034642530326483
:109A1000253032642C2530326425303264253032D2
:109A2000643B005B5254545D202D3E55312053540D
:109A30004152543A2025735C6E0A002D005B52544B
:109A4000545D202D3E55312053544F503A202573FC
:109A50005C6E0A002473746F7061636B3B005B5231
:109A600054545D2055312073746F7061636B2072A4
:109A7000656365697665640A005B5254545D2055E0
:109A800031204C504D5F44415441202325752064C2
:109A9000657074683D252E32662028647572696E83
:109AA000672073746F702077616974290A005B52B4
:109AB00054545D2073746F7061636B206E6F7420FB
:109AC0007365656E2028617474656D7074202564FB
:109AD000290A0053572C25753A2575005B525454BA
:109AE0005D202D3E55302053572075696E742069D6
:109AF000647825753A202425732A253032585C7203
:109B00005C6E0A0053572C25753A2573256C6C75CD
:109B10002E2530326C6C75005B5254545D202D3E06
:109B20005530205357206465707468206964782527
:109B3000753A202425732A253032585C725C6E0AEF
:109B4000005B5254545D204E6F2065706F63682037
:109B50007965743B20646566657272696E67207210
:109B600065737461727420756E74696C2053442C33
:109B70003320617272697665730A0055303A2000AD
:109B80002563002E00244D4952524F520052545426
:109B90003A204D4952524F52206D6174636865649A
:109BA0000A005254543A20456E746572696E6720FB
:109BB000706173737468726F7567680A0024515519
:109BC0004954005254543A2051554954206F6E2044
:109BD00055300A005254543A2051554954206F6E62
:109BE0002055310A00244259005B5254545D2055DF
:109BF00030204259207365656E202D3E2053544F0E
:109C00005020286E6F2072657374617274290A0087
:109C10005B5254545D2055302053443A2022257322
:109C200022202865706F63683D252E33662C206DD9
:109C30006F64653D2564290A005B5254545D204DD4
:109C40006F6465206368616E67652025642D3E251D
:109C5000643A2053544F50202872657472696573BA
:109C6000292C207265706F72742053572C207265F6
:109C700073746172740A005254543A204D61696ED3
:109C80002073746172740A005254543A204552523F
:109C90004F52205541525473206E6F74207265618B
:109CA00064790A002448490048575F434F4E4600F4
:109CB0005B5254545D2052656164792E205761696E
:109CC00074696E6720666F7220676C696465722FB5
:109CD00073656E736F72206163746976697479203D
:109CE0002853442C332065706F63683B2053442C09
:109CF00035206D6F6465290A005B5254545D204322
:109D00006F6D6D616E64733A20244D4952524F520B
:109D10002028706173737468726F756768292C20CE
:109D200024515549542028657869742070617373F3
:109D30007468726F756768290A005B5254545D201D
:109D400053656E736F722064657465637465643AFD
:109D500020272573270A005B5254545D2053656EFB
:109D6000736F72206E6F74206465746563746564CC
:109D70002077697468696E2074696D656F75740AFF
:109D8000000A002473746F703B0028756E73696756
:109D90006E6564292063686172202A20757365648A
:109DA00020666F722025257020617267756D656E63
:109DB000742E2049742773207265636F6D6D656E14
:109DC00064656420746F2063617374206974207407
:109DD0006F20766F6964202A206265636175736500
:109DE000206974206D6179206361757365206D69E8
:109DF000736265686176696F7220696E206365724F
:109E00007461696E20636F6E6669677572617469EB
:109E10006F6E732E20537472696E673A2225732217
:109E200020617267756D656E743A256400636270B7
:109E300072696E74665F7061636B61676500736FF2
:109E400063006C6F6767696E67006C6F67006C6FAB
:109E5000675F6D676D74004D65737361676520287A
:109E600022257322292064726F70706564206265F8
:109E700063617573652069742065786365656473D3
:109E80002073697A65206C696D69746174696F6E9D
:109E90002028257529004D657373616765206472FC
:109EA0006F707065642062656361757365206974A5
:109EB00020657863656564732073697A65206C69D1
:109EC0006D69746174696F6E2028257529000D0A0B
:109ED000001B5B306D00257320005B2530386C75EE
:109EE0005D20005B253032753A253032753A2530D9
:109EF00032752E253033752C253033755D200025C5
:109F0000730025732F003C25733E200025733A20F3
:109F100000253032782000202020007C00206D6554
:109F20007373616765732064726F70706564202D50
:109F30002D2D0D0A1B5B306D001B5B313B33316DEA
:109F40002D2D2D20001B5B313B33316D001B5B3110
:109F50003B33336D006572720077726E00696E6616
:109F600000646267006C6F675F6261636B656E645B
:109F70005F7274740072302F61313A20203078257E
:109F8000303878202072312F61323A202030782505
:109F9000303878202072322F61333A2020307825F3
:109FA0003038780072332F61343A202030782530F1
:109FB0003878207231322F69703A2020307825307D
:109FC0003878207231342F6C723A20203078253066
:109FD00038780020787073723A2020307825303835
:109FE00078004661756C74696E6720696E7374726F
:109FF000756374696F6E2061646472657373202881
:10A000007231352F7063293A203078253038780046
:10A01000556E68616E646C6564204952516E3A20D9
:10A0200025640052657365727665642045786365C2
:10A030007074696F6E20280053707572696F757344
:10A0400020696E74657272757074202849525120AF
:10A0500000535053454C20696E20746872656164EA
:10A06000206D6F646520646F6573206E6F74206966
:10A070006E64696361746520505350002A2A2A2A4D
:10A080002A2048415244204641554C54202A2A2A2D
:10A090002A2A00415243485F45584345505420778F
:10A0A00069746820726561736F6E2025780A002AD2
:10A0B0002A2A2A2A20257320256429202A2A2A2AA6
:10A0C0002A0061626F727428290A000B0A0E0C0FB5
:10A0D00010050A0B0E0C0F100A0B0D0C0F100B0FB6
:10A0E000100A0F100B0E0C0507080904636C6F6350
:10A0F0006B2D636F6E74726F6C6C657240343030B0
:10A100003038303030006770696F2D706F72744076
:10A11000300072657365742D636F6E74726F6C6C52
:10A1200065724034303030633030300075617274A5
:10A130004034303033383030300075617274403420
:10A1400030303334303030005465726D696E616C7C
:10A15000000000000000005454522052454747457B
:10A16000530048616C74696E672073797374656D10
:10A1700000556E6B6E6F776E206572726F72007530
:10A180006E6B6E6F776E003E3E3E205A45504859CA
:10A190005220464154414C204552524F5220256492
:10A1A0003A202573206F6E204350552025640046C9
:10A1B00061756C7420647572696E6720696E746570
:10A1C00072727570742068616E646C696E670A00E3
:10A1D00043757272656E74207468726561643A20AA
:10A1E0002570202825732900435055206578636524
:10A1F0007074696F6E00556E68616E646C65642082
:10A20000696E7465727275707400537461636B204B
:10A210006F766572666C6F77004B65726E656C2049
:10A220006F6F7073004B65726E656C2070616E6944
:10A2300063006D61696E006F7300616E006E666928
:10A240006E69747900286E756C6C29002A666C6FD3
:04A2500061742A000B
:10A25400FFFFFFFF417C001035810010000000006B
:10A26400538300100000000000000000A02E6300D3
:10A27400A02E630000C201000001030000000000E2
:10A2840000000000000000000000000000000000CA
:10A29400008003400C980010000000000000000043
:10A2A4008C91001006000000E189001000000000FD
:10A2B400F5890010F989001000C2010000010300B3
:10A2C400000000000000000000000000000000008A
:10A2D400000000000040034024980010000000002B
:10A2E400000000008C91001006000000CD890010D1
:10A2F40000000000C9890010C5890010C8000000D2
:08A304009811002098110020BF
:0CA30C0000000000000000000000000045
:10A318000000000000000000000000000000000035
:10A328000000000000000000000000000000000025
:10A338000000000000000000000000000000000015
:08A3480000000000000000000D
:04A350000000000009
:10A35400E8110020E81100200000000001000000C6
:04A3640015E015E00B
:04000005100045EDB5
:00000001FF
